match_id;game_creation;game_duration;queue_id;champion;role;lane;win;kills;deaths;assists;gold;cs;vision;damage;damage_taken;wards_placed;wards_killed;champ_level;puuid;kda
EUW1_7801773010;2026-03-28T12:45:45Z;2066;420;Sion;TOP;JUNGLE;0;1;6;11;11574;219;45;21558;49773;9;9;17;3uzj5OcP70nrFowta5y54eT-1ebp0FBQZWU3S-8fM-TN0MjgPIZbh3698DnD5k4ljJFD34XRFn3_rg;2,000000000000000
EUW1_7801773010;2026-03-28T12:45:45Z;2066;420;Taliyah;JUNGLE;JUNGLE;0;9;4;7;18220;273;27;29789;21533;12;0;18;2l9JmL9_NU7Xhgwv0vpf8i9Xx0MklQcAc-dXaoVZw2UZyxKM83Y9i99BWSciazRzV_HvvNq9G2hzSw;4,000000000000000
EUW1_7801773010;2026-03-28T12:45:45Z;2066;420;Anivia;MIDDLE;MIDDLE;0;2;7;10;12371;252;35;20417;39868;13;5;18;gr3FGuDW7sCaxkkAuakhKqUc7kXjxlHIv9z8CgGm6TAlJB1J-Av_XTioT6nAp_6Ducz6iaJNN59TaQ;1,714285714285714
EUW1_7801773010;2026-03-28T12:45:45Z;2066;420;Corki;BOTTOM;BOTTOM;0;9;8;9;19058;296;38;31683;31872;12;11;17;QoY2p9TXW0MqJyJDSlr7pO3vsvNx3WLMoeQa5RsEDtv8GXTWuRg8Hzf4snmRKKHVQLSx5NvWM0Yovg;2,250000000000000
EUW1_7801773010;2026-03-28T12:45:45Z;2066;420;Alistar;UTILITY;BOTTOM;0;1;10;13;9211;28;124;5844;39167;69;9;14;BRLg6A8ZPTWMV0rjk15NJtnA-JzFQGcMmbQrDIHapfE7JvaVVL_N-Nvjd9A5sso_RiR4p8XtC0R_Vg;1,400000000000000
EUW1_7801773010;2026-03-28T12:45:45Z;2066;420;Qiyana;TOP;TOP;1;6;3;13;15896;252;34;33014;21382;5;5;18;EdyNEFNPRLbucCoFsJ7fLCGCcRKRy8aF8R8uBLSCR-E4mwwyyfxEgaHuvdghfZ8IlKeFxJHcRY07yQ;6,333333333333333
EUW1_7801773010;2026-03-28T12:45:45Z;2066;420;RekSai;JUNGLE;JUNGLE;1;11;6;12;16460;243;53;26156;48454;7;13;17;zl_lKlNtuUqTjZIgfDL0aKzLvYA7I_lk00odicmB2t5LxUdvhJhuVEUmT3rflO1nQmav9KRqqPmhHg;3,833333333333333
EUW1_7801773010;2026-03-28T12:45:45Z;2066;420;Aurora;MIDDLE;MIDDLE;1;5;5;10;13812;261;37;38031;29577;10;8;17;-S1HseSkx_KZKFu7DMXOhx7dj1SK04PeyA97MctTNmLXrEPistANoo7C8bIgVIFb8Dp0gYF4xELRmw;3,000000000000000
EUW1_7801773010;2026-03-28T12:45:45Z;2066;420;MissFortune;BOTTOM;JUNGLE;1;12;5;16;22611;387;51;53632;22215;14;13;18;Ivhktb5GXv8tUWHB9x5vaMJS7HxjLYIfC4ph6HgRCoMehburTF_1X8n2ml0vPJ8-Q9tned4sjfb6yw;5,600000000000000
EUW1_7801773010;2026-03-28T12:45:45Z;2066;420;Nautilus;UTILITY;BOTTOM;1;1;3;18;9380;22;126;12061;24173;59;13;14;RbafiUwl6UphJr4OJRyBlZlQ0jh82pLUXAtTc84zw4OBiHvPT_mF_3L7bDSMFRa0YhhA7mDIs7t34A;6,333333333333333
EUW1_7800393013;2026-03-27T11:22:07Z;1717;420;Anivia;TOP;JUNGLE;0;2;7;5;8500;181;30;11319;28929;14;1;16;mPoqKTghtn0aO8r6kj4mEhydOpBLpLweEplHRH2EboaASAfVi4UiLrhf9y-lmSkCeLH7RuDAa-3URg;1,000000000000000
EUW1_7800393013;2026-03-27T11:22:07Z;1717;420;Graves;JUNGLE;JUNGLE;0;10;3;7;14890;242;50;31130;25292;6;16;16;rpBEuw2a3u93lUGiz5bJmqiYbqr3q09u2asUKVCgZdlDMPYZQR4UGjl_KAh2D3KLZof3jeM-1ey82w;5,666666666666667
EUW1_7800393013;2026-03-27T11:22:07Z;1717;420;Ahri;MIDDLE;MIDDLE;0;3;7;8;10388;223;22;13965;24082;8;3;15;vbRrXi3GMl_uUGzwukWhzO8hYuFUWh2_PTr4LmTWlrzqg1eJIxy1GUcTo7rpBrp6eg8XDm2mYo6bEA;1,571428571428571
EUW1_7800393013;2026-03-27T11:22:07Z;1717;420;Caitlyn;BOTTOM;BOTTOM;0;6;6;9;15012;229;28;14087;19045;14;3;15;Tj6G1Xne3f4xTlV4njGn4f-9nPlyunY_y2Z1yXRnFsiVOi5-CsxilCiJeZqajxF7RrZu4Re27LoXhQ;2,500000000000000
EUW1_7800393013;2026-03-27T11:22:07Z;1717;420;Bard;UTILITY;BOTTOM;0;1;7;15;7809;40;94;12685;23664;36;14;12;lVP3K53QZVeS39a4l6_-S8Ob68pGQcNkgKZxQSeWJWp-hhioIvuUdK52_vJE7xtG7tDCjaL34yG-VQ;2,285714285714286
EUW1_7800393013;2026-03-27T11:22:07Z;1717;420;Cassiopeia;TOP;JUNGLE;1;3;5;6;10998;217;35;19649;23114;11;6;18;vvyBDUI5oQTAY9M6GqiX26BlgwyOp6lAZ_Etdyl3Zw5_vPL2fpJQ164ewv4VnWh9NVGLXlpwd9IGxw;1,800000000000000
EUW1_7800393013;2026-03-27T11:22:07Z;1717;420;RekSai;JUNGLE;JUNGLE;1;6;7;5;11381;179;48;15179;38464;10;8;15;zl_lKlNtuUqTjZIgfDL0aKzLvYA7I_lk00odicmB2t5LxUdvhJhuVEUmT3rflO1nQmav9KRqqPmhHg;1,571428571428571
EUW1_7800393013;2026-03-27T11:22:07Z;1717;420;Jayce;MIDDLE;MIDDLE;1;8;3;11;14668;268;26;28909;21076;5;6;17;1pCsY3Ix5ln3--oCCImsPW2CGMYaPyggxkRkgfwsQ_Ij2szlfObWRoirCCnxG434551Q-KooROh_og;6,333333333333333
EUW1_7800393013;2026-03-27T11:22:07Z;1717;420;Mel;BOTTOM;BOTTOM;1;13;3;4;17110;275;28;33515;13839;16;6;17;Ivhktb5GXv8tUWHB9x5vaMJS7HxjLYIfC4ph6HgRCoMehburTF_1X8n2ml0vPJ8-Q9tned4sjfb6yw;5,666666666666667
EUW1_7800393013;2026-03-27T11:22:07Z;1717;420;Thresh;UTILITY;BOTTOM;1;0;4;12;7236;26;103;5852;12367;46;10;11;RbafiUwl6UphJr4OJRyBlZlQ0jh82pLUXAtTc84zw4OBiHvPT_mF_3L7bDSMFRa0YhhA7mDIs7t34A;3,000000000000000
EUW1_7799970681;2026-03-26T22:14:24Z;1741;420;Gnar;TOP;JUNGLE;0;2;9;1;9887;190;19;19622;33265;6;1;15;LwabmMqW406NJWCBOq_tLxdAFxjIbQ3yW7c3kUeTOKtGyES8CJUzdLlpPleYfEK8aVlrJaqxFLKKpw;0,333333333333333
EUW1_7799970681;2026-03-26T22:14:24Z;1741;420;Graves;JUNGLE;JUNGLE;0;3;4;2;11897;247;32;15819;19564;5;7;15;eHs6uB17TOdVDOe3xeXzBYeGSocY4v0m9tyQkozW8saQezAUz1ie-nHl7zdkQfbhQXwubzJIvcbaWA;1,250000000000000
EUW1_7799970681;2026-03-26T22:14:24Z;1741;420;Ahri;MIDDLE;MIDDLE;0;3;2;7;12775;298;21;28718;21078;5;4;17;7ULsUCKAQUTbTxNhg4X0d6bvG-7F5G5aRfENT7-6BmhrYfzkfIVl90h7OTZpyR5FyKaoGJZtucdRJg;5,000000000000000
EUW1_7799970681;2026-03-26T22:14:24Z;1741;420;Mel;BOTTOM;BOTTOM;0;2;4;4;11527;263;43;24863;16214;15;12;14;Ul2GooCvyq7ybRdehyI4qagmXxaNbyWzCFLr7SfUqunNHR79pTd06gCcyhNostcTXZOcHrrwk76tIg;1,500000000000000
EUW1_7799970681;2026-03-26T22:14:24Z;1741;420;Nautilus;UTILITY;BOTTOM;0;5;7;4;9078;34;123;11864;24450;51;19;12;c6uFLtKf1H5_IYmWK5GWDfmZBDkgiNm26m29Lrg7-2aytwe2iRZT7GPLd36J0le0aIergkfRT59YZQ;1,285714285714286
EUW1_7799970681;2026-03-26T22:14:24Z;1741;420;Vladimir;TOP;JUNGLE;1;9;1;5;15492;286;28;25465;35642;7;4;18;6BPTm2S9twaW_Cu-NJrzkiNYVZeI7zqNBd-sJddttrQ45_76j_gM_YpdogB1mWMt8FeV7dp5ksGTKQ;14,000000000000000
EUW1_7799970681;2026-03-26T22:14:24Z;1741;420;Aatrox;JUNGLE;JUNGLE;1;9;4;5;13698;219;34;22171;41965;5;6;16;vNum6S-UGD8dP0NSWva9A_Chh928codBcY3eUCy2CuE8FLGkw69ZWjZ2cRB1XK8PSJsaHcFMPuf4Ow;3,500000000000000
EUW1_7799970681;2026-03-26T22:14:24Z;1741;420;Leblanc;MIDDLE;TOP;1;3;4;6;10574;225;38;21799;19072;12;6;16;r_zU-oMpiV6gMZCDyySMbhxRrNZDaDE3v-0l3l3q60JfHAzr1QoOzrvgYIYMUuVavJYzuCVPmkD7xg;2,250000000000000
EUW1_7799970681;2026-03-26T22:14:24Z;1741;420;KogMaw;BOTTOM;BOTTOM;1;5;2;3;14642;315;45;23846;21230;14;12;16;Ivhktb5GXv8tUWHB9x5vaMJS7HxjLYIfC4ph6HgRCoMehburTF_1X8n2ml0vPJ8-Q9tned4sjfb6yw;4,000000000000000
EUW1_7799970681;2026-03-26T22:14:24Z;1741;420;Lulu;UTILITY;BOTTOM;1;0;4;12;8177;26;90;6490;14809;49;8;13;RbafiUwl6UphJr4OJRyBlZlQ0jh82pLUXAtTc84zw4OBiHvPT_mF_3L7bDSMFRa0YhhA7mDIs7t34A;3,000000000000000
EUW1_7799917432;2026-03-26T21:42:49Z;915;420;Aurora;TOP;NONE;0;1;5;0;4704;102;7;12337;12244;4;0;10;LwabmMqW406NJWCBOq_tLxdAFxjIbQ3yW7c3kUeTOKtGyES8CJUzdLlpPleYfEK8aVlrJaqxFLKKpw;0,200000000000000
EUW1_7799917432;2026-03-26T21:42:49Z;915;420;Shaco;JUNGLE;NONE;0;0;3;2;5098;107;15;2513;8084;8;1;9;aDrjtFyv6WW-2ZqBBvhiWdA6m4Yp5BznqkzEtejlAyaL0LlVdariyZDSFKYJAFC75EMZXqyglHCKuA;0,666666666666667
EUW1_7799917432;2026-03-26T21:42:49Z;915;420;Sion;MIDDLE;NONE;0;0;1;0;5021;134;7;4721;15632;4;0;11;uEVulS951jyD3xjeaj1F-s_7KSSu9BffEU4kPR3F6PAw5J2aiOVEHd8anDRszElZ7KeqY0JY27AqZQ;0,000000000000000
EUW1_7799917432;2026-03-26T21:42:49Z;915;420;Ezreal;BOTTOM;NONE;0;6;5;0;6920;104;12;12322;10067;6;1;9;Y-CIP4f0Qf7Km8NkUu6fjQv43scnx008Mhqw8uywkSiVv2nYqqKEgf04E6AhxK8LM8DM8yf5KbJ78A;1,200000000000000
EUW1_7799917432;2026-03-26T21:42:49Z;915;420;Bard;UTILITY;NONE;0;1;5;6;4948;5;22;6668;11235;12;2;7;tXgjsHWbHRA6UfnJWurYgkN8RqDh-0ipUJ8-qDfh2R_tik7LY8ykEevR-jY3NmIIW5ben_IHaYS94Q;1,400000000000000
EUW1_7799917432;2026-03-26T21:42:49Z;915;420;Aatrox;TOP;NONE;1;3;1;3;6506;137;10;11129;17815;5;0;13;vNum6S-UGD8dP0NSWva9A_Chh928codBcY3eUCy2CuE8FLGkw69ZWjZ2cRB1XK8PSJsaHcFMPuf4Ow;6,000000000000000
EUW1_7799917432;2026-03-26T21:42:49Z;915;420;Sylas;JUNGLE;NONE;1;8;1;5;8082;107;14;12338;14170;4;1;10;Y_y_8LDSJQpFNrW2yfnPSi9dYYEsOCnmixxeC7HCAM5LeVwAMa0qz8cojDPN1_JwFGdjgVQQBCdz-Q;13,000000000000000
EUW1_7799917432;2026-03-26T21:42:49Z;915;420;Leblanc;MIDDLE;NONE;1;1;0;1;6061;147;10;11096;7338;4;2;11;rQvkl6wfB6FAZBJc7ahWJZYJ2gO8iB87oi5VlaZIgYcj9RqD_wDZVpQDDXKQDwKJtn_eU4jr6ntoHg;2,000000000000000
EUW1_7799917432;2026-03-26T21:42:49Z;915;420;Kaisa;BOTTOM;NONE;1;5;3;6;8700;139;13;10252;8843;5;3;10;Ivhktb5GXv8tUWHB9x5vaMJS7HxjLYIfC4ph6HgRCoMehburTF_1X8n2ml0vPJ8-Q9tned4sjfb6yw;3,666666666666667
EUW1_7799917432;2026-03-26T21:42:49Z;915;420;Nautilus;UTILITY;NONE;1;2;3;7;4830;7;35;5527;10485;16;1;8;RbafiUwl6UphJr4OJRyBlZlQ0jh82pLUXAtTc84zw4OBiHvPT_mF_3L7bDSMFRa0YhhA7mDIs7t34A;3,000000000000000
EUW1_7799850708;2026-03-26T20:58:07Z;1818;420;KSante;TOP;JUNGLE;0;4;5;2;11800;269;39;19435;37058;14;6;18;Ivhktb5GXv8tUWHB9x5vaMJS7HxjLYIfC4ph6HgRCoMehburTF_1X8n2ml0vPJ8-Q9tned4sjfb6yw;1,200000000000000
EUW1_7799850708;2026-03-26T20:58:07Z;1818;420;Darius;JUNGLE;JUNGLE;0;10;4;4;13068;208;44;17560;34635;7;7;16;3uzj5OcP70nrFowta5y54eT-1ebp0FBQZWU3S-8fM-TN0MjgPIZbh3698DnD5k4ljJFD34XRFn3_rg;3,500000000000000
EUW1_7799850708;2026-03-26T20:58:07Z;1818;420;TwistedFate;MIDDLE;MIDDLE;0;2;3;6;12387;221;37;16624;25938;16;5;16;qOheDFxIhkcIIWcDF3zFkvu2b6oOkcN45oWq5vQX14Zw9VXshaFgSGFmgWYKudY9VYA2rrHIErIP0w;2,666666666666667
EUW1_7799850708;2026-03-26T20:58:07Z;1818;420;Varus;BOTTOM;BOTTOM;0;6;6;1;13390;266;15;25311;22096;11;1;14;8rrdPqhfDH63AECZr21ZaJDhXEx7hWVorVgIKuedkpKqLj82MmtuTi2dF9RI_1pgOILnJWR9mfAeKw;1,166666666666667
EUW1_7799850708;2026-03-26T20:58:07Z;1818;420;Anivia;UTILITY;BOTTOM;0;1;5;7;8064;44;101;14008;23423;48;10;12;RbafiUwl6UphJr4OJRyBlZlQ0jh82pLUXAtTc84zw4OBiHvPT_mF_3L7bDSMFRa0YhhA7mDIs7t34A;1,600000000000000
EUW1_7799850708;2026-03-26T20:58:07Z;1818;420;Gnar;TOP;JUNGLE;1;3;4;5;13287;298;41;28692;25850;15;2;19;DwLqK8rlvrGnJ8qly7WL3kbNQpfOpKfkSt3-eBIaZB41AoC2gLjdYwIekv2IaTvNv0OKq2TxUHdLRQ;2,000000000000000
EUW1_7799850708;2026-03-26T20:58:07Z;1818;420;Camille;JUNGLE;JUNGLE;1;7;5;3;14590;206;53;23635;35849;8;7;16;rpBEuw2a3u93lUGiz5bJmqiYbqr3q09u2asUKVCgZdlDMPYZQR4UGjl_KAh2D3KLZof3jeM-1ey82w;2,000000000000000
EUW1_7799850708;2026-03-26T20:58:07Z;1818;420;Galio;MIDDLE;TOP;1;4;5;7;11769;241;26;18183;19148;6;6;16;rQvkl6wfB6FAZBJc7ahWJZYJ2gO8iB87oi5VlaZIgYcj9RqD_wDZVpQDDXKQDwKJtn_eU4jr6ntoHg;2,200000000000000
EUW1_7799850708;2026-03-26T20:58:07Z;1818;420;Katarina;BOTTOM;MIDDLE;1;7;4;12;17114;246;28;35025;27520;7;8;16;w9GRC8x5WgLMY1d4PEC2iJcHVVbmOglaaK6xLbhBAhYrAUP-NBxw88olqKoBWPwqOuPXvQoy5O19lQ;4,750000000000000
EUW1_7799850708;2026-03-26T20:58:07Z;1818;420;Lulu;UTILITY;BOTTOM;1;2;5;13;9087;34;122;12731;19554;46;12;14;XvkA4Zte2YwZByFe0y-7gS1XjXWFtFdg3GC5V7h0FdZxbrvfI7wTP5p7m7dBfSajdlVoCRmebMkPmA;3,000000000000000
EUW1_7799781031;2026-03-26T20:17:23Z;1498;420;Ambessa;TOP;JUNGLE;0;2;4;1;9480;201;17;19084;18779;6;2;15;vNum6S-UGD8dP0NSWva9A_Chh928codBcY3eUCy2CuE8FLGkw69ZWjZ2cRB1XK8PSJsaHcFMPuf4Ow;0,750000000000000
EUW1_7799781031;2026-03-26T20:17:23Z;1498;420;Kindred;JUNGLE;JUNGLE;0;4;6;3;10449;191;22;13800;23087;7;3;14;drFjvysqojuP3mYS5Y1_h3AjG7XO46Hy5U5ArJkkV9m6ApXcQnuvGBmirS_HuL_5npe8I1cab5eQJQ;1,166666666666667
EUW1_7799781031;2026-03-26T20:17:23Z;1498;420;Aurora;MIDDLE;MIDDLE;0;2;3;2;8332;192;20;12724;21369;9;1;14;Hv_C0Xf3ItxdDQohhLFD3i7aLT-LyUruUGoVfT-A5kqjCAl48RfxJJgxOjDzKnphM5HMI669leqD5g;1,333333333333333
EUW1_7799781031;2026-03-26T20:17:23Z;1498;420;Xayah;BOTTOM;BOTTOM;0;3;3;6;11774;244;27;17846;12460;10;7;13;Ivhktb5GXv8tUWHB9x5vaMJS7HxjLYIfC4ph6HgRCoMehburTF_1X8n2ml0vPJ8-Q9tned4sjfb6yw;3,000000000000000
EUW1_7799781031;2026-03-26T20:17:23Z;1498;420;Leona;UTILITY;BOTTOM;0;1;2;8;6729;23;70;6083;11963;33;4;10;RbafiUwl6UphJr4OJRyBlZlQ0jh82pLUXAtTc84zw4OBiHvPT_mF_3L7bDSMFRa0YhhA7mDIs7t34A;4,500000000000000
EUW1_7799781031;2026-03-26T20:17:23Z;1498;420;Ornn;TOP;JUNGLE;1;1;0;9;9837;218;29;16079;19424;10;3;16;Y5BNmw3ShwKyZ37ANjyNH3zqHaS_c77HnqmIWn0CavQxbtmXfx-bz0Vf0LOcMEXFDyexdZVgMhAlrw;10,000000000000000
EUW1_7799781031;2026-03-26T20:17:23Z;1498;420;Vi;JUNGLE;JUNGLE;1;10;0;4;13380;212;29;17023;25066;7;3;16;rpBEuw2a3u93lUGiz5bJmqiYbqr3q09u2asUKVCgZdlDMPYZQR4UGjl_KAh2D3KLZof3jeM-1ey82w;14,000000000000000
EUW1_7799781031;2026-03-26T20:17:23Z;1498;420;Mel;MIDDLE;TOP;1;3;3;3;11323;258;35;15245;13223;12;2;16;rQvkl6wfB6FAZBJc7ahWJZYJ2gO8iB87oi5VlaZIgYcj9RqD_wDZVpQDDXKQDwKJtn_eU4jr6ntoHg;2,000000000000000
EUW1_7799781031;2026-03-26T20:17:23Z;1498;420;Irelia;BOTTOM;BOTTOM;1;4;4;5;11451;210;10;14730;19799;6;1;14;w9GRC8x5WgLMY1d4PEC2iJcHVVbmOglaaK6xLbhBAhYrAUP-NBxw88olqKoBWPwqOuPXvQoy5O19lQ;2,250000000000000
EUW1_7799781031;2026-03-26T20:17:23Z;1498;420;Lulu;UTILITY;BOTTOM;1;0;5;10;7167;29;90;7051;14278;33;13;12;XvkA4Zte2YwZByFe0y-7gS1XjXWFtFdg3GC5V7h0FdZxbrvfI7wTP5p7m7dBfSajdlVoCRmebMkPmA;2,000000000000000
EUW1_7799727652;2026-03-26T19:41:15Z;1623;420;Aurora;TOP;JUNGLE;0;13;7;3;14437;175;41;40719;28970;8;4;16;M5m4uWLrD63V4dNlPowlQOmnHsG_ju1wmxacwZ2gbXSbD7BvllN9jRcsGNYmEBRk-Q8P4YGXat_c3g;2,285714285714286
EUW1_7799727652;2026-03-26T19:41:15Z;1623;420;Volibear;JUNGLE;JUNGLE;0;4;7;7;10755;170;20;17230;30479;2;5;14;PAmYNgjjI2R0K_Ro6WbSH9vraEM3pt0RDq-UeZdcpW_Qhr0wkq7-bBZPyG3oIJDTTLxUZTPdR1j0TA;1,571428571428571
EUW1_7799727652;2026-03-26T19:41:15Z;1623;420;Yone;MIDDLE;MIDDLE;0;2;9;3;11437;270;25;22840;33219;10;1;16;_RxOqBcpolK8nMcAtlUZidPXkmW5y8F41jSXOgI41aTF4NLE4dOCZKo28DFCd4pWxDLuQvfd8CBJlw;0,555555555555556
EUW1_7799727652;2026-03-26T19:41:15Z;1623;420;Draven;BOTTOM;BOTTOM;0;2;6;3;10156;201;15;10119;16984;5;4;13;PZ4p7lcRlnsuIyWzNGRyksAHSriUpVjl2k3ydAZ9xvkKgAzdq0nSzgyAijkFLIA4tiA-o-dNCYhynA;0,833333333333333
EUW1_7799727652;2026-03-26T19:41:15Z;1623;420;Leona;UTILITY;BOTTOM;0;1;10;6;6839;34;75;9965;28077;27;10;11;VGdAfSho1_bxY5eep-pYzVIe60Nh5-SjrsVRvgzhubjCVVmID2q8IrYKOIqTl0EyoZ7aD0UXfMqmVQ;0,700000000000000
EUW1_7799727652;2026-03-26T19:41:15Z;1623;420;Camille;TOP;TOP;1;12;6;9;12096;149;24;27283;40942;10;4;16;YJtXw37qxtAYQih1cD3x2US-j7sxugaoJzGEgrIfQY2fDdUHuu_C1o3-O17FFRIotuplqcTMk0kQXw;3,500000000000000
EUW1_7799727652;2026-03-26T19:41:15Z;1623;420;Nunu;JUNGLE;JUNGLE;1;5;4;14;12972;195;24;14029;37617;3;2;16;zhPDe3w3tFO5l5d11opASuE61Az3wRn2Yxqwy52icliHTD4dG2tsSNIsr4GQzMCLBkqTCwBnUEhKlQ;4,750000000000000
EUW1_7799727652;2026-03-26T19:41:15Z;1623;420;Viktor;MIDDLE;MIDDLE;1;4;3;15;11085;179;25;30512;23400;10;2;15;31tByklLgDk6enYxcRLkBN8tfcgSDnPJ1aqMFcAeSgX1TRESURawmQTmACNDbPb5w-3dKpFJ7PMzBQ;6,333333333333333
EUW1_7799727652;2026-03-26T19:41:15Z;1623;420;Jhin;BOTTOM;BOTTOM;1;16;2;11;18375;250;21;37927;15366;12;0;15;Ivhktb5GXv8tUWHB9x5vaMJS7HxjLYIfC4ph6HgRCoMehburTF_1X8n2ml0vPJ8-Q9tned4sjfb6yw;13,500000000000000
EUW1_7799727652;2026-03-26T19:41:15Z;1623;420;Soraka;UTILITY;BOTTOM;1;2;7;22;8991;15;57;8463;17431;26;3;13;Cn7HyLY6lfnO4gAL3Q5UVR6YRRfT2D-Y6VzUa64aj9QsDXtRqbSKhrugUXAVsfpN3wUPMMlJp4usgQ;3,428571428571428
EUW1_7799162065;2026-03-26T11:13:09Z;1843;420;Yone;TOP;JUNGLE;1;2;7;11;12941;251;37;24895;32946;15;2;17;K78HpmGtrsAe6eDRnjRkcK7RVcUQ4inwvEKWfZhDO0hb0XtSaQTJW5PP3UIwcbZVEZW8fY5Y0A7zxQ;1,857142857142857
EUW1_7799162065;2026-03-26T11:13:09Z;1843;420;Warwick;JUNGLE;JUNGLE;1;11;5;9;15413;221;16;22906;39650;0;3;17;cha_7-it97jwzpBCKz2DJjYGFPcQXJEhKj5yXkTPxKbLqTugqRSX-I5p5qtgBbLKhinyE--BfUBSmw;4,000000000000000
EUW1_7799162065;2026-03-26T11:13:09Z;1843;420;Azir;MIDDLE;MIDDLE;1;4;3;8;13505;297;22;27829;18974;11;4;18;5GuXGFO7EMmnkAla7g0N-pN8KKUToiIf2NIjFAA898cDbzm27YijKnNzDJv2I5aj6QmYEXzkIQ34lw;4,000000000000000
EUW1_7799162065;2026-03-26T11:13:09Z;1843;420;Varus;BOTTOM;BOTTOM;1;15;6;6;19099;280;51;30611;24857;18;11;16;Ivhktb5GXv8tUWHB9x5vaMJS7HxjLYIfC4ph6HgRCoMehburTF_1X8n2ml0vPJ8-Q9tned4sjfb6yw;3,500000000000000
EUW1_7799162065;2026-03-26T11:13:09Z;1843;420;Leona;UTILITY;BOTTOM;1;1;8;23;9490;28;102;13892;31230;47;6;14;Gulke6KkQU1mm07-OE5cjytU86vaWpvQpUUsUNruSswGRR7Cs-DOMHs3D48RjiNujm_Mtcyd8IEnsQ;3,000000000000000
EUW1_7799162065;2026-03-26T11:13:09Z;1843;420;Singed;TOP;JUNGLE;0;4;7;7;11923;219;33;30113;34364;12;5;17;21Yk7SkzmV6soRAL9Jz0NSJZjOl0Wfe5I_VwbVx9WHgsmqemruGYgZlNhRL2bqchVcDuAdFlrCYlwA;1,571428571428571
EUW1_7799162065;2026-03-26T11:13:09Z;1843;420;Evelynn;JUNGLE;JUNGLE;0;18;4;3;18559;184;14;34645;27207;9;1;16;0PDOkrQZ1UtDt7kuGRer0YwiVvE5RyGQDKH45e6bJQgpCYCRqFnkO0wCuFBm0ROG4t4AnuqJB_AuaQ;5,250000000000000
EUW1_7799162065;2026-03-26T11:13:09Z;1843;420;Viego;MIDDLE;TOP;0;1;8;6;10542;228;25;14236;34888;6;7;15;e9X2D_u-WTFpkds1XzUV6VlIY91olgGibvg0oOcc4NXjfMUGcjystbd2GmzKtKjukhQmeV50FR6SYg;0,875000000000000
EUW1_7799162065;2026-03-26T11:13:09Z;1843;420;AurelionSol;BOTTOM;BOTTOM;0;5;6;12;14263;240;18;22924;20545;8;2;15;Aqcvhj-4edah_SBOfcd1ciBCC2kokdNLXXXU_NUmx2-MrQmQh77OL1xg2ChopcdoME9nvbeSPEkgPg;2,833333333333333
EUW1_7799162065;2026-03-26T11:13:09Z;1843;420;Karma;UTILITY;BOTTOM;0;1;8;16;8294;21;97;10086;21833;43;10;13;FGa1xk43EMxpVXKD_RoV1346NRWk7mFjqODbBs-VHshE0wUrW0j5dT9CP7oepIoLXbugQz3vL3yf3w;2,125000000000000
EUW1_7798576786;2026-03-25T19:31:20Z;2118;420;Akali;TOP;JUNGLE;1;5;8;10;12459;199;34;44159;49064;7;5;18;CZDZ5aX22wPQxnXMD35DPO1Xmo6hnVuaPOlrVf6SM7iQiybYBW_pyWJb__qmopm0cjcK0V-v8-dHlw;1,875000000000000
EUW1_7798576786;2026-03-25T19:31:20Z;2118;420;Viego;JUNGLE;JUNGLE;1;15;5;11;19394;272;53;31053;40593;10;9;18;e-Em21eO8mq4UnS4ZcbpI6C0kYsB0SyuGpyeVD3MTFS6sXHnTafR52PBtJZokgnvwGCwFWZSF7EqGQ;5,200000000000000
EUW1_7798576786;2026-03-25T19:31:20Z;2118;420;Hwei;MIDDLE;MIDDLE;1;10;6;13;17526;294;25;51527;26137;13;3;18;e9X2D_u-WTFpkds1XzUV6VlIY91olgGibvg0oOcc4NXjfMUGcjystbd2GmzKtKjukhQmeV50FR6SYg;3,833333333333333
EUW1_7798576786;2026-03-25T19:31:20Z;2118;420;Yunara;BOTTOM;BOTTOM;1;10;9;14;20417;337;36;53980;35040;15;11;17;QJEuOCzRHMVDnlsPguEy1UQ20T6So4Z6Y8TpVi3yQknAYcNqpKTmFmMbaEocLRPD_leTMoSS4L5J-g;2,666666666666667
EUW1_7798576786;2026-03-25T19:31:20Z;2118;420;Nautilus;UTILITY;BOTTOM;1;1;11;26;10746;26;102;12396;35956;44;7;15;wTcPrANHBZg6X6CHTcTnKcCWbO__mK5-b6Kra6UoJnPlZ80OU_BaJtccDVFkNWnHRi758agangDMiw;2,454545454545455
EUW1_7798576786;2026-03-25T19:31:20Z;2118;420;Sion;TOP;JUNGLE;0;2;4;16;11028;212;50;23784;63897;17;4;18;RqCS8APb47PJ8JJdpqR0WlE0OMPXGn2GK4JAC4MFztkZHbol9Czqfq6zRhV9PaXUMHJcsUXdVr5e7Q;4,500000000000000
EUW1_7798576786;2026-03-25T19:31:20Z;2118;420;XinZhao;JUNGLE;JUNGLE;0;8;9;13;14600;228;23;29366;63729;6;0;17;3pno9Qc8DbP8lCq8PmLXhGi5DvP4JtGCeWcEHi2RG_JP9-llNKrHdyG0H4rbAhMo1JZWGPzUhahdlg;2,333333333333333
EUW1_7798576786;2026-03-25T19:31:20Z;2118;420;Orianna;MIDDLE;MIDDLE;0;3;6;23;14105;254;44;27535;25345;16;7;18;QmRklonOISGymuO3hb7EFYjah8KiDo_oKF4ZWINcI1J-pzQFcq1tqMLTTfrLMd5rvTQKn9iWns3xZA;4,333333333333333
EUW1_7798576786;2026-03-25T19:31:20Z;2118;420;Corki;BOTTOM;BOTTOM;0;22;10;7;22983;325;44;68745;34654;16;10;18;Ivhktb5GXv8tUWHB9x5vaMJS7HxjLYIfC4ph6HgRCoMehburTF_1X8n2ml0vPJ8-Q9tned4sjfb6yw;2,900000000000000
EUW1_7798576786;2026-03-25T19:31:20Z;2118;420;Leona;UTILITY;BOTTOM;0;4;12;20;9731;16;108;8355;37078;47;7;15;VXgMAULFJgkaie1B92HO_mEOvcmSMhGZVhRhzJ6DbdNtVfsZ7IwEckoCSTsC50jAc964bsVulXHKwA;2,000000000000000
EUW1_7798533707;2026-03-25T19:01:45Z;1186;420;KSante;TOP;NONE;0;5;1;0;8677;197;20;13034;18437;9;0;14;Ivhktb5GXv8tUWHB9x5vaMJS7HxjLYIfC4ph6HgRCoMehburTF_1X8n2ml0vPJ8-Q9tned4sjfb6yw;5,000000000000000
EUW1_7798533707;2026-03-25T19:01:45Z;1186;420;Nocturne;JUNGLE;NONE;0;1;4;0;6443;135;13;4644;19884;6;1;11;u-lhAx6TnPIpxIc0D5u_Pt6AbFdQqcnz3NicfXsCKX_4cAEe-kxFailIWqwtkF5PrMoACIwpAWgq8A;0,250000000000000
EUW1_7798533707;2026-03-25T19:01:45Z;1186;420;Orianna;MIDDLE;NONE;0;1;5;1;6997;186;9;11358;13131;6;0;13;0Vvw6lUnP5pQvasNN2DBT7CMkHTRys36y5FbQSDIdESMipYVdu3PUg0YjdE9amw5REPzksW5p4ZHjg;0,400000000000000
EUW1_7798533707;2026-03-25T19:01:45Z;1186;420;Lucian;BOTTOM;NONE;0;0;9;2;4965;87;14;8752;16894;7;2;9;qhJkuui7GdaLpMK7dqhxt35gIS2PCLLd9-cw7SfWgyZm231-Qwe61rJs-dS454kCFaTlfJx9ECfD9g;0,222222222222222
EUW1_7798533707;2026-03-25T19:01:45Z;1186;420;Sona;UTILITY;NONE;0;2;9;1;5063;20;34;7548;14011;17;3;8;Cn7HyLY6lfnO4gAL3Q5UVR6YRRfT2D-Y6VzUa64aj9QsDXtRqbSKhrugUXAVsfpN3wUPMMlJp4usgQ;0,333333333333333
EUW1_7798533707;2026-03-25T19:01:45Z;1186;420;Veigar;TOP;NONE;1;1;6;3;6806;160;14;9331;14212;6;0;13;R-phJOUVYW1MiYxBTbJwai7RbyUu-KzsupBhvnRvOOGNWzHKPtgsn_zsJcSJt0awGO98blYPe2KLTQ;0,666666666666667
EUW1_7798533707;2026-03-25T19:01:45Z;1186;420;XinZhao;JUNGLE;NONE;1;5;1;8;9673;171;17;8162;20577;6;1;13;z4gsVDK1yhch4dXxGrXjLtctK1eMDC1v4qfeiXw680cAXAnDv8L1DklY04fxGoIqUPBpvXqQGbYRJw;13,000000000000000
EUW1_7798533707;2026-03-25T19:01:45Z;1186;420;Akali;MIDDLE;NONE;1;10;0;2;9963;207;19;14720;14613;8;3;14;qOheDFxIhkcIIWcDF3zFkvu2b6oOkcN45oWq5vQX14Zw9VXshaFgSGFmgWYKudY9VYA2rrHIErIP0w;12,000000000000000
EUW1_7798533707;2026-03-25T19:01:45Z;1186;420;Ashe;BOTTOM;NONE;1;9;0;11;11273;185;20;24343;11652;8;2;12;TdW-P0_lRAFC1JxIUT2qpfCVB4Fpui64owEIM0Vyxl4YiO_rlYnTNVOY9dTm8ug5fYhsh4lB7cc74A;20,000000000000000
EUW1_7798533707;2026-03-25T19:01:45Z;1186;420;Seraphine;UTILITY;NONE;1;2;2;16;6700;23;56;8023;8532;23;2;10;LBxHbtSJ7f2V-fu5xuZEYBjZdVqXUNlYpotxBVnsgUcx8VnmitjJWeEqKgCctrGLwZdxVDVT-5bFgw;9,000000000000000
EUW1_7800648196;2026-03-27T15:49:40Z;1477;420;Singed;TOP;JUNGLE;1;0;1;3;10188;238;26;7084;21367;9;2;16;21Yk7SkzmV6soRAL9Jz0NSJZjOl0Wfe5I_VwbVx9WHgsmqemruGYgZlNhRL2bqchVcDuAdFlrCYlwA;3,000000000000000
EUW1_7800648196;2026-03-27T15:49:40Z;1477;420;XinZhao;JUNGLE;JUNGLE;1;15;1;6;14715;224;22;29440;33030;4;2;16;G8Ce1kwpFnIkimQ2tPowC6tPYmaZh9qSBTA4s7A4VWjdUUKXmCuxRtcuqSoK0feBer-o2rQGpMD1WA;21,000000000000000
EUW1_7800648196;2026-03-27T15:49:40Z;1477;420;Sylas;MIDDLE;MIDDLE;1;11;1;6;12720;187;14;25581;28443;7;1;16;w9GRC8x5WgLMY1d4PEC2iJcHVVbmOglaaK6xLbhBAhYrAUP-NBxw88olqKoBWPwqOuPXvQoy5O19lQ;17,000000000000000
EUW1_7800648196;2026-03-27T15:49:40Z;1477;420;Ashe;BOTTOM;BOTTOM;1;6;5;13;13976;209;12;24569;21001;8;1;14;znk_qEPMkHwWj4XSfBVjwxgGir6K3v_Sfz5sbp8pyef0E_BEv5UR6eZKrr1RCZehMsnIAFWwRojwvA;3,800000000000000
EUW1_7800648196;2026-03-27T15:49:40Z;1477;420;Lulu;UTILITY;BOTTOM;1;0;2;23;8369;21;52;10714;15738;27;5;13;XvkA4Zte2YwZByFe0y-7gS1XjXWFtFdg3GC5V7h0FdZxbrvfI7wTP5p7m7dBfSajdlVoCRmebMkPmA;11,500000000000000
EUW1_7800648196;2026-03-27T15:49:40Z;1477;420;Kayle;TOP;JUNGLE;0;0;3;3;9459;251;23;13759;16018;9;2;16;nbWqVZvo8fC3KY1HI1a5eyb_aAnzLllB6DRbLsJDfUJLXzt4zlAGUV9C2XRiYA3YISO00PwQuO8eCw;1,000000000000000
EUW1_7800648196;2026-03-27T15:49:40Z;1477;420;Nocturne;JUNGLE;JUNGLE;0;5;8;3;10041;177;16;18394;38188;5;2;13;clvAdkuzt-LLJK8K3VVUKplcoAwpEtp1TMHNK-jBefV6W_1-afdHc_vdd5Fo4by4DhIoslqG-qFaJw;1,000000000000000
EUW1_7800648196;2026-03-27T15:49:40Z;1477;420;Cassiopeia;MIDDLE;TOP;0;3;8;2;9023;190;15;24573;23096;7;1;13;HK77d4QNK4GPJCC4zgqYnkPgYdi5vWkS8kfjR1eHul0zMOLCIQ7ASysC5HgXegw5n7NWMvs0CLlo9w;0,625000000000000
EUW1_7800648196;2026-03-27T15:49:40Z;1477;420;Caitlyn;BOTTOM;JUNGLE;0;2;6;6;10661;165;10;21953;17520;7;0;13;sSVzVj8I7drB2QEu2j3MSSLAPgkXebU8wh5PYMMBu-__XKdrTHScQ_A-F6nH6DYMJtJ3lWnEwpaDiw;1,333333333333333
EUW1_7800648196;2026-03-27T15:49:40Z;1477;420;Zilean;UTILITY;BOTTOM;0;0;7;6;5932;24;65;4149;21061;23;10;11;1G014F_RBCm55noOm-wH_B-xZr5_IYt184qJ6Px57KPOkHtcvbWBWx6kyRucmgsoY3Iqs2Sj70Adqg;0,857142857142857
EUW1_7800614711;2026-03-27T15:16:14Z;1611;420;Singed;TOP;JUNGLE;0;1;8;10;9186;170;32;15659;36583;12;0;14;21Yk7SkzmV6soRAL9Jz0NSJZjOl0Wfe5I_VwbVx9WHgsmqemruGYgZlNhRL2bqchVcDuAdFlrCYlwA;1,375000000000000
EUW1_7800614711;2026-03-27T15:16:14Z;1611;420;MasterYi;JUNGLE;JUNGLE;0;10;10;2;15594;201;36;31549;30380;11;6;15;sho52nIAW4e_F0MaLXioZol7MIED2ULWZ4FqErx-6SADBXemTeKSUjx9uOZLgYe7nr2R6TBpc4Rhhw;1,200000000000000
EUW1_7800614711;2026-03-27T15:16:14Z;1611;420;Ekko;MIDDLE;MIDDLE;0;4;6;4;11605;230;18;20882;31106;6;2;14;BaYXAmrnZj2pcwu-CM6LcM2n4qnb3Qc2M7hR6MoV8pCKiwKsVN-ZDiUK84O9rss3xzssOk4T5hYKEw;1,333333333333333
EUW1_7800614711;2026-03-27T15:16:14Z;1611;420;Jinx;BOTTOM;BOTTOM;0;1;11;6;10518;199;20;14212;24711;8;6;13;vV8hLg-PvKqwam2XzHxWNinFfz4eBLN0DLHVKjYr_c8YRYeL7GqQKqGZ7CwLTrRyN3jxekz7b7lxPA;0,636363636363636
EUW1_7800614711;2026-03-27T15:16:14Z;1611;420;Alistar;UTILITY;BOTTOM;0;1;3;8;7097;19;77;5970;24959;42;1;12;il-uP6FREzY9YV7S0Dpm1X2r6ZI_pv90Z5ITp86yMkLL67VxW08VsBm0WmlmtpE0bz7-ueGINijs1g;3,000000000000000
EUW1_7800614711;2026-03-27T15:16:14Z;1611;420;Anivia;TOP;JUNGLE;1;4;5;9;10327;210;24;19708;27474;10;3;17;YlrBTL1ihxTypTV8CwwopWMGgvCPBNZ9G8B4z52XFkClBDvLD3F9BUJj3-ctemhdYYiN2kE_C79dQg;2,600000000000000
EUW1_7800614711;2026-03-27T15:16:14Z;1611;420;JarvanIV;JUNGLE;JUNGLE;1;12;5;15;16488;240;46;35719;29841;14;8;17;clvAdkuzt-LLJK8K3VVUKplcoAwpEtp1TMHNK-jBefV6W_1-afdHc_vdd5Fo4by4DhIoslqG-qFaJw;5,400000000000000
EUW1_7800614711;2026-03-27T15:16:14Z;1611;420;Zed;MIDDLE;MIDDLE;1;12;1;8;13494;208;35;33774;23534;8;7;16;-S1HseSkx_KZKFu7DMXOhx7dj1SK04PeyA97MctTNmLXrEPistANoo7C8bIgVIFb8Dp0gYF4xELRmw;20,000000000000000
EUW1_7800614711;2026-03-27T15:16:14Z;1611;420;Veigar;BOTTOM;BOTTOM;1;9;1;12;14339;232;25;20960;16680;10;1;15;nbWqVZvo8fC3KY1HI1a5eyb_aAnzLllB6DRbLsJDfUJLXzt4zlAGUV9C2XRiYA3YISO00PwQuO8eCw;21,000000000000000
EUW1_7800614711;2026-03-27T15:16:14Z;1611;420;Soraka;UTILITY;BOTTOM;1;1;5;26;8577;19;73;10749;15866;26;8;13;Cn7HyLY6lfnO4gAL3Q5UVR6YRRfT2D-Y6VzUa64aj9QsDXtRqbSKhrugUXAVsfpN3wUPMMlJp4usgQ;5,400000000000000
EUW1_7800574636;2026-03-27T14:39:32Z;1514;420;Trundle;TOP;TOP;0;0;10;6;7281;170;26;9864;30105;10;2;14;24ySmE1ybiulkrGRwI9FSSuUSv0DF4EHZViUUE7S6zHYB8d8h1ilqie3gsD7ebNs_g0pJ1cIf4yu2g;0,600000000000000
EUW1_7800574636;2026-03-27T14:39:32Z;1514;420;Aatrox;JUNGLE;JUNGLE;0;10;6;6;12435;165;37;19243;29013;8;8;14;MIZwoZzmKTdjAf0I50NWyBlqjhDEShga3yxsyIw6_zGmdVz5WGQTbYXmc8dZfzfQHptuRfVkp3NXFA;2,666666666666667
EUW1_7800574636;2026-03-27T14:39:32Z;1514;420;Hwei;MIDDLE;MIDDLE;0;7;6;2;10564;208;21;20945;15792;11;4;14;HK77d4QNK4GPJCC4zgqYnkPgYdi5vWkS8kfjR1eHul0zMOLCIQ7ASysC5HgXegw5n7NWMvs0CLlo9w;1,500000000000000
EUW1_7800574636;2026-03-27T14:39:32Z;1514;420;Caitlyn;BOTTOM;BOTTOM;0;4;5;5;12213;215;10;14082;13223;4;1;13;sSVzVj8I7drB2QEu2j3MSSLAPgkXebU8wh5PYMMBu-__XKdrTHScQ_A-F6nH6DYMJtJ3lWnEwpaDiw;1,800000000000000
EUW1_7800574636;2026-03-27T14:39:32Z;1514;420;Nautilus;UTILITY;BOTTOM;0;3;5;8;6854;26;94;5639;19072;40;10;10;cNd8-Haq2p9KdePPtdCXi3THTex_zspQ5PA7UOTDrhL99xzJNyCZS1ymDSymbW6Ci_oMNpJtP_zkYQ;2,200000000000000
EUW1_7800574636;2026-03-27T14:39:32Z;1514;420;Kayle;TOP;TOP;1;9;1;10;14723;258;23;26641;16931;9;2;17;nbWqVZvo8fC3KY1HI1a5eyb_aAnzLllB6DRbLsJDfUJLXzt4zlAGUV9C2XRiYA3YISO00PwQuO8eCw;19,000000000000000
EUW1_7800574636;2026-03-27T14:39:32Z;1514;420;MasterYi;JUNGLE;JUNGLE;1;13;6;7;14953;192;42;32123;27972;11;4;16;sho52nIAW4e_F0MaLXioZol7MIED2ULWZ4FqErx-6SADBXemTeKSUjx9uOZLgYe7nr2R6TBpc4Rhhw;3,333333333333333
EUW1_7800574636;2026-03-27T14:39:32Z;1514;420;Mel;MIDDLE;TOP;1;6;3;5;11036;205;27;11916;16450;9;3;15;xAfqLIkrf8krW3Kr07-msiMqUskXPWcwK4j1XFvSad4LvPC6vwv9tFg7tMs1Pyqido9uuguf92DfuQ;3,666666666666667
EUW1_7800574636;2026-03-27T14:39:32Z;1514;420;Corki;BOTTOM;BOTTOM;1;1;5;4;10444;188;22;8670;16371;10;7;14;RGcgZxJZcXaKTFTU6ENsGIhe7X01HW4nBav4uN1Tpi26YNuMLp0ftSzVFruYeP1p6qH_z7fxttvRtA;1,000000000000000
EUW1_7800574636;2026-03-27T14:39:32Z;1514;420;Elise;UTILITY;BOTTOM;1;3;9;11;8178;27;77;10125;20156;33;9;12;clvAdkuzt-LLJK8K3VVUKplcoAwpEtp1TMHNK-jBefV6W_1-afdHc_vdd5Fo4by4DhIoslqG-qFaJw;1,555555555555556
EUW1_7800527473;2026-03-27T13:55:14Z;1741;420;Gnar;TOP;JUNGLE;0;3;7;4;10390;225;20;15525;31847;10;0;17;MjYVElIeprTWtd4LAG_qFeRTsC25OcgNoB77eqnEjaVRLPXHF3baSCWjllihWXmK30s9Ht-VSLTvGA;1,000000000000000
EUW1_7800527473;2026-03-27T13:55:14Z;1741;420;Shaco;JUNGLE;JUNGLE;0;9;8;3;13860;194;34;22491;30620;4;11;15;EhS7KBMhWjbjrMZnUbq68Kfxdp9ho_5vy29oNfGX9GMB9Kt_OEPOXanukNMBLwWWEzmKbnKQ7ScvHQ;1,500000000000000
EUW1_7800527473;2026-03-27T13:55:14Z;1741;420;Lissandra;MIDDLE;MIDDLE;0;2;6;6;12262;265;15;17867;27375;6;1;16;lHI58LQxEHMwpk5FcXCyFClWaj_EfqXaJIIPEZuCb_SHo_I73wpOO9DD_VvHQIhBs56gNmujqJxFkQ;1,333333333333333
EUW1_7800527473;2026-03-27T13:55:14Z;1741;420;Sivir;BOTTOM;BOTTOM;0;5;8;10;14631;258;13;31304;28697;7;3;15;S-aBHmGng8Myc1gjABW0a0g2S24pKK-_AIvTQe6SfaIZt--bq6_G7dcih9etOpijVRPh5CXNk8aWlw;1,875000000000000
EUW1_7800527473;2026-03-27T13:55:14Z;1741;420;Lulu;UTILITY;BOTTOM;0;2;5;13;8157;22;77;8249;16271;40;4;14;mLeFUNHXNpH_KP4ffZVfqxKxzlZL6m_9MhXUxYx4VSFkIDpFrJilyHq0D_9qt6f1juAxGhZ37d2hxQ;3,000000000000000
EUW1_7800527473;2026-03-27T13:55:14Z;1741;420;Darius;TOP;JUNGLE;1;11;3;3;15953;277;23;24437;34977;6;3;19;nbWqVZvo8fC3KY1HI1a5eyb_aAnzLllB6DRbLsJDfUJLXzt4zlAGUV9C2XRiYA3YISO00PwQuO8eCw;4,666666666666667
EUW1_7800527473;2026-03-27T13:55:14Z;1741;420;Nocturne;JUNGLE;JUNGLE;1;4;4;9;13703;269;26;16279;41715;6;3;17;clvAdkuzt-LLJK8K3VVUKplcoAwpEtp1TMHNK-jBefV6W_1-afdHc_vdd5Fo4by4DhIoslqG-qFaJw;3,250000000000000
EUW1_7800527473;2026-03-27T13:55:14Z;1741;420;Karthus;MIDDLE;MIDDLE;1;8;7;12;13743;218;18;37632;20362;10;1;16;N8apJVyX7dRrlsKaENtfDJg6BFnfpKjD7rZfTqKzG5V9J7CU-MoJPixo9bLXLHz78Jl7g0gPMbEUrA;2,857142857142857
EUW1_7800527473;2026-03-27T13:55:14Z;1741;420;Zeri;BOTTOM;BOTTOM;1;10;8;9;17893;281;23;32321;30315;8;7;16;0_FR61z6Gf9h6kiVK7S69Gw8WWh2KrKz1C0B4v5sn-AOFnjxoyLH8mZ2u9VYepDiKe2mIbgxCVKTRg;2,375000000000000
EUW1_7800527473;2026-03-27T13:55:14Z;1741;420;Seraphine;UTILITY;BOTTOM;1;1;0;22;9779;42;102;11691;13614;39;13;15;il-uP6FREzY9YV7S0Dpm1X2r6ZI_pv90Z5ITp86yMkLL67VxW08VsBm0WmlmtpE0bz7-ueGINijs1g;23,000000000000000
EUW1_7800481169;2026-03-27T13:10:09Z;2381;420;Ornn;TOP;JUNGLE;1;6;3;15;14281;217;64;23725;46923;23;4;20;-ohdeNMgproWGjTKhcsR320lIOWXVE_hDUjw6tv3V85VXyWx-5Rzo0D_SKim7CivwRXo-opmxnAubg;7,000000000000000
EUW1_7800481169;2026-03-27T13:10:09Z;2381;420;Ambessa;JUNGLE;JUNGLE;1;7;5;7;18023;278;51;21614;39376;9;9;18;v7LTxmw_PCChQgpHrRVDEtdQFXUD7VR3mdT_vnyzVfmSjFenDJ-Y1xzWkcd-1qSRM9TSO6FQi0SqRA;2,800000000000000
EUW1_7800481169;2026-03-27T13:10:09Z;2381;420;Ahri;MIDDLE;MIDDLE;1;17;3;17;19418;299;28;63581;35792;6;3;18;WMZ7Kmnxksj_DCvthGkVqjrJC7bM1trwZOJlw5QvuXCQT8lu7DgwM8k7z6Jc5eVJG59kiTSFBsu0fQ;11,333333333333334
EUW1_7800481169;2026-03-27T13:10:09Z;2381;420;Jinx;BOTTOM;BOTTOM;1;5;3;13;20661;349;39;30634;29045;16;6;18;m590JpOYKtbfiCpS55JM3wmeCkJqmBk7d9xszd1c6R4N-BAAopJWsuntEEesn2LS3mXFuhq3CQQWJw;6,000000000000000
EUW1_7800481169;2026-03-27T13:10:09Z;2381;420;Lulu;UTILITY;BOTTOM;1;2;4;26;12011;31;138;13704;25282;56;10;16;E7H0DgRuHgJQHxQ2fUuPDjZMRrRmzl3tktRYca86CgcH7sKtTPNjG_EgCblfayw243e9BkvgPo2pVg;7,000000000000000
EUW1_7800481169;2026-03-27T13:10:09Z;2381;420;Darius;TOP;JUNGLE;0;4;5;5;15998;335;46;19951;42692;13;6;19;nbWqVZvo8fC3KY1HI1a5eyb_aAnzLllB6DRbLsJDfUJLXzt4zlAGUV9C2XRiYA3YISO00PwQuO8eCw;1,800000000000000
EUW1_7800481169;2026-03-27T13:10:09Z;2381;420;JarvanIV;JUNGLE;JUNGLE;0;2;10;8;16514;329;56;18521;36070;15;9;18;clvAdkuzt-LLJK8K3VVUKplcoAwpEtp1TMHNK-jBefV6W_1-afdHc_vdd5Fo4by4DhIoslqG-qFaJw;1,000000000000000
EUW1_7800481169;2026-03-27T13:10:09Z;2381;420;Karthus;MIDDLE;TOP;0;3;12;7;14861;315;33;47953;32201;13;4;18;N8apJVyX7dRrlsKaENtfDJg6BFnfpKjD7rZfTqKzG5V9J7CU-MoJPixo9bLXLHz78Jl7g0gPMbEUrA;0,833333333333333
EUW1_7800481169;2026-03-27T13:10:09Z;2381;420;AurelionSol;BOTTOM;BOTTOM;0;9;4;5;23150;369;26;51435;27100;10;4;18;Aqcvhj-4edah_SBOfcd1ciBCC2kokdNLXXXU_NUmx2-MrQmQh77OL1xg2ChopcdoME9nvbeSPEkgPg;3,500000000000000
EUW1_7800481169;2026-03-27T13:10:09Z;2381;420;Alistar;UTILITY;BOTTOM;0;0;7;16;9961;33;112;8487;43113;68;7;16;JiJFNmgQRrTDdzkYYaRQDNz_Lz1aLhHfxgi4MualXpswmnDWGGjzop-lLtbHuWF_zsSrBDazEg4S3g;2,285714285714286
EUW1_7800433618;2026-03-27T12:08:32Z;1829;420;Darius;TOP;JUNGLE;0;3;5;2;11495;250;18;12981;27772;9;2;16;2LKn-u7JuNP69y7J8fqA1U_l5YKkP2bSn8t2KOP6D9kcUMJ6qbFPo6RpiqZXyabaTrRUlZQYMaqDww;1,000000000000000
EUW1_7800433618;2026-03-27T12:08:32Z;1829;420;Skarner;JUNGLE;JUNGLE;0;4;5;9;11124;197;25;16555;41934;2;4;15;aRJOFgBLth56ldSBftRa9MpAX7oyEnPrHcMdVo8Te85Fd10ntzvJOm68Rv0R-mYqG8p6Eb7ctq9UUQ;2,600000000000000
EUW1_7800433618;2026-03-27T12:08:32Z;1829;420;TwistedFate;MIDDLE;MIDDLE;0;5;5;7;15415;274;30;21672;26720;13;3;17;HK77d4QNK4GPJCC4zgqYnkPgYdi5vWkS8kfjR1eHul0zMOLCIQ7ASysC5HgXegw5n7NWMvs0CLlo9w;2,400000000000000
EUW1_7800433618;2026-03-27T12:08:32Z;1829;420;Corki;BOTTOM;MIDDLE;0;2;8;5;10816;220;20;19061;25104;11;1;13;tTjsFnHlZzwcuU0c736cbUPQYp4H-Lymd4u8ZeGv96Azbn5VhZpZJZiib5L8--K9Y_xIBUwv0O3Fjg;0,875000000000000
EUW1_7800433618;2026-03-27T12:08:32Z;1829;420;Senna;UTILITY;BOTTOM;0;4;10;10;10556;27;99;22791;24837;37;15;13;J4fTp1eDWOEYnsOrTdzdOTeSdrqpNecF7zU_0-hVdN2qKEB4HF2Zk7_3ZoY-03pqwOVH5UWV33giyw;1,400000000000000
EUW1_7800433618;2026-03-27T12:08:32Z;1829;420;Jax;TOP;JUNGLE;1;8;3;2;14677;263;39;21614;27413;14;2;18;nbWqVZvo8fC3KY1HI1a5eyb_aAnzLllB6DRbLsJDfUJLXzt4zlAGUV9C2XRiYA3YISO00PwQuO8eCw;3,333333333333333
EUW1_7800433618;2026-03-27T12:08:32Z;1829;420;Elise;JUNGLE;JUNGLE;1;4;4;11;15141;270;56;29546;29923;4;10;18;clvAdkuzt-LLJK8K3VVUKplcoAwpEtp1TMHNK-jBefV6W_1-afdHc_vdd5Fo4by4DhIoslqG-qFaJw;3,750000000000000
EUW1_7800433618;2026-03-27T12:08:32Z;1829;420;Quinn;MIDDLE;MIDDLE;1;7;5;8;13734;211;20;24368;18017;4;3;16;6XUOUAYGUGLMDO3bkkmnsDYoKvPJfTS-5J-27ibNMGUdOts_kWWvUDhgmNOCwSAlAw_7mCMfBWCQiA;3,000000000000000
EUW1_7800433618;2026-03-27T12:08:32Z;1829;420;Jhin;BOTTOM;BOTTOM;1;12;5;9;16245;242;14;33979;23825;10;1;16;fvhajUvnOeTdNngXxqb-yG8qeEiKG5RpK-K0r_Go0YCeesa2_r8ofJyo6tlW-5NNjJw9EkfgkWhR-Q;4,200000000000000
EUW1_7800433618;2026-03-27T12:08:32Z;1829;420;Leona;UTILITY;BOTTOM;1;2;1;13;9265;35;119;12860;24429;52;13;14;1OapTYQgGDcK5JAE8l6Hedr7d8ib8wRRr4X4wEqKYc1r92AoKZ2O8IGVBvS24uaGMJs2dVKer1lyhA;15,000000000000000
EUW1_7800388486;2026-03-27T11:13:36Z;1832;420;Tryndamere;TOP;JUNGLE;0;0;10;1;11797;307;27;15970;44104;12;2;17;g3dB2DClUHptrvIQJD6LccPIg4vsUVl6GjQhqJpPjjqxFqpv4hsHuoqfkBtxggLIzYY4Jr5Zf4mbrg;0,100000000000000
EUW1_7800388486;2026-03-27T11:13:36Z;1832;420;Vi;JUNGLE;JUNGLE;0;4;8;3;10997;197;35;11279;37089;11;4;15;mvWFO_h11_FeeVo2AxgGVcv-OB_qSR5qchK-gCyQfc_dDmDj6-COalVxNCTSjOXBDHy0TnYHeBgA6g;0,875000000000000
EUW1_7800388486;2026-03-27T11:13:36Z;1832;420;Hwei;MIDDLE;MIDDLE;0;9;5;4;13342;259;18;33769;18782;10;4;16;QkETRHBoBi3L6BNnzW8mUkW3MiHaNRZP1E73h_h1ukOxIFA-NN-OwZj2jdI_oWZYdjZrh_zfgf1HEw;2,600000000000000
EUW1_7800388486;2026-03-27T11:13:36Z;1832;420;Ezreal;BOTTOM;BOTTOM;0;3;5;8;14373;275;14;27805;19930;10;1;15;xxJULt5TkII3cm8igzqU_a7cabxxUcdOwpw71BZuCFoX0RnQKgD5XuOTKIQrmTnIpIDam0tqwoX00w;2,200000000000000
EUW1_7800388486;2026-03-27T11:13:36Z;1832;420;Nautilus;UTILITY;BOTTOM;0;2;4;11;8444;31;88;8115;22836;31;10;12;u6t4B9SOMZhAYoA_9r-9zGy9D_qR3IuKiIUx-tJh_K0cAxpHKBSWgFY_d-4JJXNAumqnrHZ_sL0uaQ;3,250000000000000
EUW1_7800388486;2026-03-27T11:13:36Z;1832;420;Darius;TOP;JUNGLE;1;14;0;2;16954;279;25;41022;26202;5;5;19;nbWqVZvo8fC3KY1HI1a5eyb_aAnzLllB6DRbLsJDfUJLXzt4zlAGUV9C2XRiYA3YISO00PwQuO8eCw;16,000000000000000
EUW1_7800388486;2026-03-27T11:13:36Z;1832;420;Nocturne;JUNGLE;JUNGLE;1;5;1;9;15892;277;40;20330;35559;13;5;18;clvAdkuzt-LLJK8K3VVUKplcoAwpEtp1TMHNK-jBefV6W_1-afdHc_vdd5Fo4by4DhIoslqG-qFaJw;14,000000000000000
EUW1_7800388486;2026-03-27T11:13:36Z;1832;420;Orianna;MIDDLE;MIDDLE;1;3;6;4;12115;250;33;17979;22324;11;3;16;Hv_C0Xf3ItxdDQohhLFD3i7aLT-LyUruUGoVfT-A5kqjCAl48RfxJJgxOjDzKnphM5HMI669leqD5g;1,166666666666667
EUW1_7800388486;2026-03-27T11:13:36Z;1832;420;Yunara;BOTTOM;JUNGLE;1;6;5;6;15799;292;26;25610;20679;11;7;17;v28RJH5_Fm8xSX82sS3gvzXf1eSsrUjwOG0g2yqgQt-6zpR9-cLP-lOgmh1ZymsFKa_Xx3imV6C6yw;2,400000000000000
EUW1_7800388486;2026-03-27T11:13:36Z;1832;420;Poppy;UTILITY;MIDDLE;1;4;6;12;9808;35;93;13003;25526;43;10;14;WMZ7Kmnxksj_DCvthGkVqjrJC7bM1trwZOJlw5QvuXCQT8lu7DgwM8k7z6Jc5eVJG59kiTSFBsu0fQ;2,666666666666667
EUW1_7800359715;2026-03-27T10:34:04Z;1844;420;Anivia;TOP;JUNGLE;1;5;1;6;12509;239;36;16157;23944;17;3;18;mPoqKTghtn0aO8r6kj4mEhydOpBLpLweEplHRH2EboaASAfVi4UiLrhf9y-lmSkCeLH7RuDAa-3URg;11,000000000000000
EUW1_7800359715;2026-03-27T10:34:04Z;1844;420;DrMundo;JUNGLE;JUNGLE;1;4;3;12;12984;211;40;21955;60117;7;4;16;u3q1JkaQNUupqvg4-6-LBE-FKUp44Xk15dVbPpYZMWPaBZ2MAmhoUlJu9kmxoi9bUQ_C119j6I1L5A;5,333333333333333
EUW1_7800359715;2026-03-27T10:34:04Z;1844;420;Akshan;MIDDLE;MIDDLE;1;7;2;12;14816;257;22;27678;21317;11;2;17;QkETRHBoBi3L6BNnzW8mUkW3MiHaNRZP1E73h_h1ukOxIFA-NN-OwZj2jdI_oWZYdjZrh_zfgf1HEw;9,500000000000000
EUW1_7800359715;2026-03-27T10:34:04Z;1844;420;MissFortune;BOTTOM;BOTTOM;1;18;4;5;20952;294;21;47377;31737;11;3;17;2xC8FAxaBXN9ttMZlMLoOBKzoMgPnW9hhuw0IZFeqVE-BcydIXpkXKmqdSvuZJf0VuUKYr95FbkOWw;5,750000000000000
EUW1_7800359715;2026-03-27T10:34:04Z;1844;420;Nautilus;UTILITY;JUNGLE;1;1;8;16;8864;20;89;8804;33979;38;5;13;u6t4B9SOMZhAYoA_9r-9zGy9D_qR3IuKiIUx-tJh_K0cAxpHKBSWgFY_d-4JJXNAumqnrHZ_sL0uaQ;2,125000000000000
EUW1_7800359715;2026-03-27T10:34:04Z;1844;420;Veigar;TOP;TOP;0;5;1;4;14545;298;28;32354;19651;12;0;18;nbWqVZvo8fC3KY1HI1a5eyb_aAnzLllB6DRbLsJDfUJLXzt4zlAGUV9C2XRiYA3YISO00PwQuO8eCw;9,000000000000000
EUW1_7800359715;2026-03-27T10:34:04Z;1844;420;JarvanIV;JUNGLE;JUNGLE;0;2;7;13;10660;176;38;15329;33727;10;9;14;dbYHROKukWY3q4-cbbIH8fkL6a4Vy9rcw2RR8VbVn5plhl7GvUgZocq-PlbjkDWXtx7zwH8FzFLSfQ;2,142857142857143
EUW1_7800359715;2026-03-27T10:34:04Z;1844;420;Aurora;MIDDLE;MIDDLE;0;5;5;6;10259;208;20;29419;24209;7;1;15;DyGz9de9kQiBlP8XIZuannbphrbby2NADFlUyrnWbuXDjzVrOcNd6T9oUmjWswnXxmiaGiXaGJDzOg;2,200000000000000
EUW1_7800359715;2026-03-27T10:34:04Z;1844;420;Corki;BOTTOM;TOP;0;2;11;6;11330;233;16;23523;32813;8;4;14;uP7w6aqC6fhQcBsqUszas9Qh-tcTpOEC8cBBz3IzpZs63OErk5H_LjHeDKPN1qgCGPA1AZWTp_iAFw;0,727272727272727
EUW1_7800359715;2026-03-27T10:34:04Z;1844;420;Elise;UTILITY;MIDDLE;0;4;11;9;9470;36;98;20465;27836;36;12;12;clvAdkuzt-LLJK8K3VVUKplcoAwpEtp1TMHNK-jBefV6W_1-afdHc_vdd5Fo4by4DhIoslqG-qFaJw;1,181818181818182
EUW1_7800329543;2026-03-27T09:46:04Z;1588;420;Gwen;TOP;JUNGLE;1;8;4;4;14083;248;34;22804;28189;12;3;17;YGUl_gHYC96cf-oMO9deIx31vE4FVX1vpeisPV4Iwquf2CF6RS7FUwWxXmlpUTAFFCa-0_1qaRAbRg;3,000000000000000
EUW1_7800329543;2026-03-27T09:46:04Z;1588;420;DrMundo;JUNGLE;JUNGLE;1;6;1;14;13588;196;49;26738;55056;7;7;16;kLEUYlbaqL3ZEG6u1IaZ_3qibgiIOD1C6NSMDslv9bQpnp9B5sWc5HFn8cGfaHQlHQqPcZf9dGecCQ;20,000000000000000
EUW1_7800329543;2026-03-27T09:46:04Z;1588;420;Singed;MIDDLE;MIDDLE;1;2;7;12;9345;137;16;13844;32256;9;0;14;21Yk7SkzmV6soRAL9Jz0NSJZjOl0Wfe5I_VwbVx9WHgsmqemruGYgZlNhRL2bqchVcDuAdFlrCYlwA;2,000000000000000
EUW1_7800329543;2026-03-27T09:46:04Z;1588;420;Yunara;BOTTOM;BOTTOM;1;8;4;4;14891;236;32;34768;24870;8;9;15;mzg7DPHdblq3VZ3q3b8YZp-X8vewMHOldSgRlwf3bVQJYGvPYZ7YWZRu1awxPPGvH06lFwMAaa6dOQ;3,000000000000000
EUW1_7800329543;2026-03-27T09:46:04Z;1588;420;Alistar;UTILITY;BOTTOM;1;0;5;13;7167;12;68;7047;20452;41;0;12;w1ct-OAVtHklo_eJeqEThtQheXt00IcT5JENFEBODGobVBfpzZ4KG8DVrx051bMNIMlM-rm1lUEw2A;2,600000000000000
EUW1_7800329543;2026-03-27T09:46:04Z;1588;420;Kayle;TOP;JUNGLE;0;5;4;0;10161;200;23;14653;26013;10;3;15;nbWqVZvo8fC3KY1HI1a5eyb_aAnzLllB6DRbLsJDfUJLXzt4zlAGUV9C2XRiYA3YISO00PwQuO8eCw;1,250000000000000
EUW1_7800329543;2026-03-27T09:46:04Z;1588;420;Nocturne;JUNGLE;JUNGLE;0;5;4;9;10403;181;20;23529;37597;9;3;14;clvAdkuzt-LLJK8K3VVUKplcoAwpEtp1TMHNK-jBefV6W_1-afdHc_vdd5Fo4by4DhIoslqG-qFaJw;3,500000000000000
EUW1_7800329543;2026-03-27T09:46:04Z;1588;420;Aurora;MIDDLE;TOP;0;4;6;7;11623;229;19;30290;21871;6;3;15;SGcj8HsxqKu7HBnWkTb3f6iBe6koHOjwK7GBRl7d3xFB0h6fc5U52RCPVHYKugBhyQmXwbRzEaL6ig;1,833333333333333
EUW1_7800329543;2026-03-27T09:46:04Z;1588;420;Tristana;BOTTOM;BOTTOM;0;5;6;6;13042;231;16;33377;23858;6;4;14;DoAi_7Sbzkyd_pTg9jvCR6DJL_QNDqJS2i7nF3qvBzq73xctmid0MALwiMqo1wxAeou78ToFiRzt5g;1,833333333333333
EUW1_7800329543;2026-03-27T09:46:04Z;1588;420;Rakan;UTILITY;BOTTOM;0;2;4;14;7697;27;97;14521;22980;39;11;12;Gulke6KkQU1mm07-OE5cjytU86vaWpvQpUUsUNruSswGRR7Cs-DOMHs3D48RjiNujm_Mtcyd8IEnsQ;4,000000000000000
EUW1_7799445265;2026-03-26T16:21:33Z;1224;420;Ambessa;TOP;JUNGLE;0;2;5;2;8450;176;18;11974;15669;8;2;13;qNQwjZupwH3gLih-keS0d5_Byj0olWKqQiRPrPveysf1THtj52G8PzK744RZT9bUTdyPGIp1JM6D9A;0,800000000000000
EUW1_7799445265;2026-03-26T16:21:33Z;1224;420;Talon;JUNGLE;JUNGLE;0;4;2;4;10121;184;22;11073;17116;8;2;13;drFjvysqojuP3mYS5Y1_h3AjG7XO46Hy5U5ArJkkV9m6ApXcQnuvGBmirS_HuL_5npe8I1cab5eQJQ;4,000000000000000
EUW1_7799445265;2026-03-26T16:21:33Z;1224;420;Akali;MIDDLE;MIDDLE;0;3;4;0;8133;189;18;11715;17477;6;3;13;Y_y_8LDSJQpFNrW2yfnPSi9dYYEsOCnmixxeC7HCAM5LeVwAMa0qz8cojDPN1_JwFGdjgVQQBCdz-Q;0,750000000000000
EUW1_7799445265;2026-03-26T16:21:33Z;1224;420;Kalista;BOTTOM;BOTTOM;0;0;5;2;7426;165;16;8029;13186;6;3;11;b4yunLtab8WiDxNvB5JO66EbOXhw2kZM2e5q6prJcIi5stGFYfhN0VWcC44Rij6yZHZdcE80-RThfg;0,400000000000000
EUW1_7799445265;2026-03-26T16:21:33Z;1224;420;Thresh;UTILITY;BOTTOM;0;0;7;3;4517;18;39;3889;13923;16;0;9;E7H0DgRuHgJQHxQ2fUuPDjZMRrRmzl3tktRYca86CgcH7sKtTPNjG_EgCblfayw243e9BkvgPo2pVg;0,428571428571429
EUW1_7799445265;2026-03-26T16:21:33Z;1224;420;Darius;TOP;JUNGLE;1;4;3;3;8357;190;20;11002;14721;6;2;14;nbWqVZvo8fC3KY1HI1a5eyb_aAnzLllB6DRbLsJDfUJLXzt4zlAGUV9C2XRiYA3YISO00PwQuO8eCw;2,333333333333333
EUW1_7799445265;2026-03-26T16:21:33Z;1224;420;Nocturne;JUNGLE;JUNGLE;1;5;2;8;10112;173;21;10724;19175;8;1;13;clvAdkuzt-LLJK8K3VVUKplcoAwpEtp1TMHNK-jBefV6W_1-afdHc_vdd5Fo4by4DhIoslqG-qFaJw;6,500000000000000
EUW1_7799445265;2026-03-26T16:21:33Z;1224;420;Kayle;MIDDLE;MIDDLE;1;5;1;3;8402;177;1;12240;11149;2;0;13;IuypvYuSXM3Y7xBCnRo6cz_okRlXMCCwD0hxKNjm8s89JVBIbXCYjHItW7Jda5X9EqB0nBYj3On6Mg;8,000000000000000
EUW1_7799445265;2026-03-26T16:21:33Z;1224;420;Velkoz;BOTTOM;BOTTOM;1;9;1;4;10518;190;17;16586;7477;8;1;13;aDrjtFyv6WW-2ZqBBvhiWdA6m4Yp5BznqkzEtejlAyaL0LlVdariyZDSFKYJAFC75EMZXqyglHCKuA;13,000000000000000
EUW1_7799445265;2026-03-26T16:21:33Z;1224;420;Alistar;UTILITY;BOTTOM;1;0;2;14;5577;14;50;4165;13717;24;1;10;TYbkxM5DUppEP_1b1IobIdLIlpXWwLB64V5nAQq2TBTQxUzGwHJ-pXiW4cZtQPM4quH7JTb4NhgzDw;7,000000000000000
EUW1_7801364203;2026-03-28T00:26:50Z;1633;420;Gnar;TOP;JUNGLE;1;5;4;4;12357;251;26;27491;30223;11;1;18;h5j9mG480oAmM3QEDhn-UQFRdcd9hY5piVqiKp7s1RVTbSiHwPOCbg0xOxXmxzC8MJ6vXff7FToWdQ;2,250000000000000
EUW1_7801364203;2026-03-28T00:26:50Z;1633;420;Vi;JUNGLE;JUNGLE;1;6;1;14;13425;229;30;22726;28815;6;5;17;wTcPrANHBZg6X6CHTcTnKcCWbO__mK5-b6Kra6UoJnPlZ80OU_BaJtccDVFkNWnHRi758agangDMiw;20,000000000000000
EUW1_7801364203;2026-03-28T00:26:50Z;1633;420;Fizz;MIDDLE;MIDDLE;1;8;3;7;12988;202;22;19141;19744;8;1;15;S6xHeZ7h6C0cd0m0aOFqSDfR-pzU9m9Onvub7cWouYYQldUm-R6YJFgF8fWM9kwE-UtJc7YtRscPEQ;5,000000000000000
EUW1_7801364203;2026-03-28T00:26:50Z;1633;420;Velkoz;BOTTOM;BOTTOM;1;7;0;6;14955;281;27;29099;11493;13;4;16;aDrjtFyv6WW-2ZqBBvhiWdA6m4Yp5BznqkzEtejlAyaL0LlVdariyZDSFKYJAFC75EMZXqyglHCKuA;13,000000000000000
EUW1_7801364203;2026-03-28T00:26:50Z;1633;420;Nami;UTILITY;BOTTOM;1;2;3;16;8776;33;109;9679;13886;45;15;14;lx00JmJOCjxqvGBmgIKm7qGd87ego0vCS5-D0ZBWbavO3RyncvZUGXskfGMtiEvs35DeyDZsyz-KcQ;6,000000000000000
EUW1_7801364203;2026-03-28T00:26:50Z;1633;420;Yorick;TOP;TOP;0;0;6;4;10102;220;20;21206;36089;8;0;16;I9sPRYdUNozJgbW6WRnV2ejDV8ZtgjO1i7LbPiEYQ-aYon4cLqSwbO_qdffSHKjoC1g370-XcvCENA;0,666666666666667
EUW1_7801364203;2026-03-28T00:26:50Z;1633;420;LeeSin;JUNGLE;JUNGLE;0;5;5;1;11278;197;41;9416;30300;17;3;15;qOheDFxIhkcIIWcDF3zFkvu2b6oOkcN45oWq5vQX14Zw9VXshaFgSGFmgWYKudY9VYA2rrHIErIP0w;1,200000000000000
EUW1_7801364203;2026-03-28T00:26:50Z;1633;420;Taliyah;MIDDLE;MIDDLE;0;2;8;1;11487;244;27;15818;18047;11;1;15;crgRU1n4t9g4oe98my4Y7mBUUJSNpbLiIzt56VRAYXYVrhGxVNxD0BMTd49nqRC_u9_o7Wo4pAVjwQ;0,375000000000000
EUW1_7801364203;2026-03-28T00:26:50Z;1633;420;Jhin;BOTTOM;BOTTOM;0;3;4;0;12646;264;21;18254;17435;10;5;13;_N1luLek8-n0EhIFB8qkPcrGX5js1kunTtKXoOhTtia4SPgWG0e92Uj_kcYJWnax0Nvr0MAdqPFang;0,750000000000000
EUW1_7801364203;2026-03-28T00:26:50Z;1633;420;Swain;UTILITY;BOTTOM;0;0;5;6;7435;33;78;8487;27241;32;8;12;hx-RVJAfYLzrBkiQBLA_hihUu66bCLbklU8Q7GO8AEhvlMJqRLyeDujldcCZW97zqkRZ9ipE7GQOEw;1,200000000000000
EUW1_7801325850;2026-03-27T23:47:16Z;1333;420;Qiyana;TOP;JUNGLE;1;9;4;2;12557;202;14;26639;18261;3;3;16;MROEuOOFtzVFcaFlU_S4tvpuJvE62UdiHV3rJngLTOxk95KMq_k6Kn1gc9BVrOWW0VTiF77wE5jq0A;2,750000000000000
EUW1_7801325850;2026-03-27T23:47:16Z;1333;420;Chogath;JUNGLE;JUNGLE;1;11;4;5;11859;162;19;15082;24136;6;2;14;YGVt6mR7tJLY4YJ9Ezne9fsiLq50XyKhSdJJeGT4cO-UiIv2h0HCcXWVOGrPE2ANsmaD-B-ZRg5LJA;4,000000000000000
EUW1_7801325850;2026-03-27T23:47:16Z;1333;420;Zed;MIDDLE;MIDDLE;1;9;2;6;12314;204;22;20412;15518;5;5;14;XX_5wI5uSjrWE2-UjDujP0yEQKmNLgir65K37BdZZknA14XmQ92ctXr-Cy4rKYAf0dFEjqB_AQV_cA;7,500000000000000
EUW1_7801325850;2026-03-27T23:47:16Z;1333;420;Ashe;BOTTOM;BOTTOM;1;2;6;13;11390;173;19;10483;15327;6;4;14;znk_qEPMkHwWj4XSfBVjwxgGir6K3v_Sfz5sbp8pyef0E_BEv5UR6eZKrr1RCZehMsnIAFWwRojwvA;2,500000000000000
EUW1_7801325850;2026-03-27T23:47:16Z;1333;420;Leblanc;UTILITY;BOTTOM;1;6;3;13;9510;16;93;17981;12142;38;12;10;AjcZXswkznRk4gqbZniIpWlDjUhfT5eudi6jcDyRVO3VrvPVFQ_AxerCeF_bEWLZJkN429G_J30c2g;6,333333333333333
EUW1_7801325850;2026-03-27T23:47:16Z;1333;420;TahmKench;TOP;JUNGLE;0;2;7;2;7768;153;12;8850;29486;9;0;13;SZruPVFl3Mf-dFqBK9HJWugBhg6paLdEz2ujVrVSkyjttn3eJRxNByLLI7-h9ZLJCyyWnxm9ay2iQw;0,571428571428571
EUW1_7801325850;2026-03-27T23:47:16Z;1333;420;Ezreal;JUNGLE;JUNGLE;0;2;6;5;8569;178;16;14565;24054;8;1;14;ThOshCYpbBlMfUxGQiDg8ZJp_tUeXe9l5T0wxY0S5eoVyX3vpmIy4t0sqou42Sbboyh7Xjr02q0K4g;1,166666666666667
EUW1_7801325850;2026-03-27T23:47:16Z;1333;420;Taliyah;MIDDLE;MIDDLE;0;1;9;4;7901;175;16;9437;18532;8;0;13;crgRU1n4t9g4oe98my4Y7mBUUJSNpbLiIzt56VRAYXYVrhGxVNxD0BMTd49nqRC_u9_o7Wo4pAVjwQ;0,555555555555556
EUW1_7801325850;2026-03-27T23:47:16Z;1333;420;Velkoz;BOTTOM;BOTTOM;0;10;9;4;12158;168;31;16377;18205;10;2;13;aDrjtFyv6WW-2ZqBBvhiWdA6m4Yp5BznqkzEtejlAyaL0LlVdariyZDSFKYJAFC75EMZXqyglHCKuA;1,555555555555556
EUW1_7801325850;2026-03-27T23:47:16Z;1333;420;Pantheon;UTILITY;BOTTOM;0;4;6;9;8566;30;71;12595;16574;23;10;10;kuzG7qx72NM6S_2AgXc_LVPC0uSRnGQ6zJazVgGBcNW0BfwqzyJtW2kRm8e6Qg3fqo8zEhtpepwRaA;2,166666666666667
EUW1_7801273001;2026-03-27T23:06:20Z;2056;420;Garen;TOP;JUNGLE;0;5;9;4;13064;237;21;18802;47163;5;4;17;nBGeeBQ0rLoo9DTarbdBDeuLKnEuBG0BUgc9KC5EJ7LK6dDslsh1vOpGdO3Rj3A5cQr7ikZL6H2yOg;1,000000000000000
EUW1_7801273001;2026-03-27T23:06:20Z;2056;420;Aatrox;JUNGLE;JUNGLE;0;7;4;11;15346;260;38;26455;47890;5;6;18;iGRQHpIzIf1rBJK9MlXeMN-qdyVWoirS33XISBj8MZVo9JuyDXxtIqP6C-Ffoj_9ySGpsv0fzvAssg;4,500000000000000
EUW1_7801273001;2026-03-27T23:06:20Z;2056;420;Aurora;MIDDLE;MIDDLE;0;8;6;6;14733;253;29;30280;32403;7;7;17;XX_5wI5uSjrWE2-UjDujP0yEQKmNLgir65K37BdZZknA14XmQ92ctXr-Cy4rKYAf0dFEjqB_AQV_cA;2,333333333333333
EUW1_7801273001;2026-03-27T23:06:20Z;2056;420;Kalista;BOTTOM;BOTTOM;0;5;5;7;15162;302;31;17996;28883;15;2;15;1pCsY3Ix5ln3--oCCImsPW2CGMYaPyggxkRkgfwsQ_Ij2szlfObWRoirCCnxG434551Q-KooROh_og;2,400000000000000
EUW1_7801273001;2026-03-27T23:06:20Z;2056;420;Leblanc;UTILITY;BOTTOM;0;4;7;12;9944;30;135;17935;23139;53;17;14;AjcZXswkznRk4gqbZniIpWlDjUhfT5eudi6jcDyRVO3VrvPVFQ_AxerCeF_bEWLZJkN429G_J30c2g;2,285714285714286
EUW1_7801273001;2026-03-27T23:06:20Z;2056;420;TwistedFate;TOP;JUNGLE;1;13;3;11;19918;296;36;51723;27548;13;3;19;LwabmMqW406NJWCBOq_tLxdAFxjIbQ3yW7c3kUeTOKtGyES8CJUzdLlpPleYfEK8aVlrJaqxFLKKpw;8,000000000000000
EUW1_7801273001;2026-03-27T23:06:20Z;2056;420;Skarner;JUNGLE;JUNGLE;1;9;7;10;14663;223;28;24982;46711;2;7;17;_RxOqBcpolK8nMcAtlUZidPXkmW5y8F41jSXOgI41aTF4NLE4dOCZKo28DFCd4pWxDLuQvfd8CBJlw;2,714285714285714
EUW1_7801273001;2026-03-27T23:06:20Z;2056;420;Hwei;MIDDLE;MIDDLE;1;8;4;8;14687;273;35;39044;17724;14;6;17;crgRU1n4t9g4oe98my4Y7mBUUJSNpbLiIzt56VRAYXYVrhGxVNxD0BMTd49nqRC_u9_o7Wo4pAVjwQ;4,000000000000000
EUW1_7801273001;2026-03-27T23:06:20Z;2056;420;Ezreal;BOTTOM;BOTTOM;1;1;8;9;12713;225;16;19821;27914;8;2;15;kuzG7qx72NM6S_2AgXc_LVPC0uSRnGQ6zJazVgGBcNW0BfwqzyJtW2kRm8e6Qg3fqo8zEhtpepwRaA;1,250000000000000
EUW1_7801273001;2026-03-27T23:06:20Z;2056;420;Karma;UTILITY;TOP;1;0;7;24;9892;34;136;7144;20495;59;18;15;syZPkWpOSKi8WSBDx1Kwss96W5TnWG_RUq-3nFJ-6NGLwnOTXXNevdVhmCglfEs506OGjHnyR4Lczg;3,428571428571428
EUW1_7801234461;2026-03-27T22:36:21Z;1258;420;Ambessa;TOP;JUNGLE;1;5;1;3;10636;203;16;19472;18343;8;1;15;UgGjT27-Ca7RlkQh3ZlgJJMuchwjRffStyWLbFUwx7OSZ35t723CXDXnWjaLuCytN-iFdLIvpiTFng;8,000000000000000
EUW1_7801234461;2026-03-27T22:36:21Z;1258;420;Vi;JUNGLE;JUNGLE;1;3;2;8;9462;174;17;10281;21844;6;1;14;0QrCCDxIepU3jCiei4_PmgW9NGa1OIJGEqPdCwYySK3xpvEIJihCcJ5ZpCfiO6yXjZDhijKMMK8iyA;5,500000000000000
EUW1_7801234461;2026-03-27T22:36:21Z;1258;420;Taliyah;MIDDLE;MIDDLE;1;10;4;5;10735;169;14;22278;14132;7;1;14;crgRU1n4t9g4oe98my4Y7mBUUJSNpbLiIzt56VRAYXYVrhGxVNxD0BMTd49nqRC_u9_o7Wo4pAVjwQ;3,750000000000000
EUW1_7801234461;2026-03-27T22:36:21Z;1258;420;Jhin;BOTTOM;BOTTOM;1;3;3;8;10554;186;10;14816;13666;7;0;13;wTcPrANHBZg6X6CHTcTnKcCWbO__mK5-b6Kra6UoJnPlZ80OU_BaJtccDVFkNWnHRi758agangDMiw;3,666666666666667
EUW1_7801234461;2026-03-27T22:36:21Z;1258;420;Anivia;UTILITY;BOTTOM;1;2;3;13;7348;28;65;13422;16322;25;9;11;sxbYafGXHqOZk2IhBxG80GikRg3NbBgyNOHhmlGlFnTlToJTKjn3w9w2LiTU9RIu8Rw9AoLvqq-thA;5,000000000000000
EUW1_7801234461;2026-03-27T22:36:21Z;1258;420;Shen;TOP;JUNGLE;0;1;4;6;7053;157;20;13354;24230;8;1;13;LwabmMqW406NJWCBOq_tLxdAFxjIbQ3yW7c3kUeTOKtGyES8CJUzdLlpPleYfEK8aVlrJaqxFLKKpw;1,750000000000000
EUW1_7801234461;2026-03-27T22:36:21Z;1258;420;JarvanIV;JUNGLE;JUNGLE;0;0;4;6;6969;138;14;6269;20420;4;2;12;kKZeeggC9P2l5JbPnJF42lX1rerk0ORdYIaBOY26M51TZ8KQ0Jgve2z02r_k7stFNscvcd8kr1X31g;1,500000000000000
EUW1_7801234461;2026-03-27T22:36:21Z;1258;420;Syndra;MIDDLE;TOP;0;5;5;0;8337;166;16;15120;17554;7;0;12;xHfAtYKpXr8jrPNDxbXfDRBRgBlAWW6p2OuL6jqn-Cf2YeaOpTksT7PNI94SHQbbUoBpI4rphaEpXQ;1,000000000000000
EUW1_7801234461;2026-03-27T22:36:21Z;1258;420;Ezreal;BOTTOM;BOTTOM;0;7;2;1;10938;209;16;21580;13556;7;1;12;iDz1UkdYe4IFPUj6ym3PolTjcBg-jyrhr1g-vAjqm7oPWG1cyu3Wa87gNg2VFlnUVgAzQw1bxnu1dg;4,000000000000000
EUW1_7801234461;2026-03-27T22:36:21Z;1258;420;Karma;UTILITY;BOTTOM;0;0;8;7;5128;21;46;6252;19391;20;5;9;znk_qEPMkHwWj4XSfBVjwxgGir6K3v_Sfz5sbp8pyef0E_BEv5UR6eZKrr1RCZehMsnIAFWwRojwvA;0,875000000000000
EUW1_7801175208;2026-03-27T22:02:59Z;1608;420;Gnar;TOP;JUNGLE;1;14;7;9;14614;187;15;31661;37065;7;1;17;fGQlNFyqO2lEOLlCLesUuRPQTNO2r3-zqhSRpEicJu9LPYW1W-DbeSLX9h_6HbYkiyzChZ5WS_EtMw;3,285714285714286
EUW1_7801175208;2026-03-27T22:02:59Z;1608;420;JarvanIV;JUNGLE;JUNGLE;1;9;4;24;14473;204;38;24544;27815;7;6;17;3uzj5OcP70nrFowta5y54eT-1ebp0FBQZWU3S-8fM-TN0MjgPIZbh3698DnD5k4ljJFD34XRFn3_rg;8,250000000000000
EUW1_7801175208;2026-03-27T22:02:59Z;1608;420;Taliyah;MIDDLE;MIDDLE;1;8;6;18;12833;188;19;30253;22186;8;2;15;crgRU1n4t9g4oe98my4Y7mBUUJSNpbLiIzt56VRAYXYVrhGxVNxD0BMTd49nqRC_u9_o7Wo4pAVjwQ;4,333333333333333
EUW1_7801175208;2026-03-27T22:02:59Z;1608;420;Ashe;BOTTOM;BOTTOM;1;12;2;16;17855;215;18;38075;24016;6;3;16;znk_qEPMkHwWj4XSfBVjwxgGir6K3v_Sfz5sbp8pyef0E_BEv5UR6eZKrr1RCZehMsnIAFWwRojwvA;14,000000000000000
EUW1_7801175208;2026-03-27T22:02:59Z;1608;420;Bard;UTILITY;BOTTOM;1;5;6;25;9814;24;108;13404;30977;53;8;13;w0AX7rQApABApUJ42ZE1-LQaM2RvP-XA0qO5fptl-7C6v7hd-iUUq2rS8Foq7cMclmePBBBhK0FJhQ;5,000000000000000
EUW1_7801175208;2026-03-27T22:02:59Z;1608;420;Swain;TOP;JUNGLE;0;1;11;9;7978;140;14;18434;34517;7;0;14;Aqcvhj-4edah_SBOfcd1ciBCC2kokdNLXXXU_NUmx2-MrQmQh77OL1xg2ChopcdoME9nvbeSPEkgPg;0,909090909090909
EUW1_7801175208;2026-03-27T22:02:59Z;1608;420;Nocturne;JUNGLE;JUNGLE;0;5;12;10;10445;140;31;14680;47025;10;1;14;rpBEuw2a3u93lUGiz5bJmqiYbqr3q09u2asUKVCgZdlDMPYZQR4UGjl_KAh2D3KLZof3jeM-1ey82w;1,250000000000000
EUW1_7801175208;2026-03-27T22:02:59Z;1608;420;Ezreal;MIDDLE;MIDDLE;0;9;8;9;14494;182;22;44505;29943;9;3;15;rQvkl6wfB6FAZBJc7ahWJZYJ2gO8iB87oi5VlaZIgYcj9RqD_wDZVpQDDXKQDwKJtn_eU4jr6ntoHg;2,250000000000000
EUW1_7801175208;2026-03-27T22:02:59Z;1608;420;Jhin;BOTTOM;BOTTOM;0;5;9;6;12216;180;10;20883;22259;7;1;13;fXlGnwDmCB_PTkF2589l8Hjw6BgIKTsT5QqNK50VoCIzTNqgiwbX34Bfwtt0u5e1F_9bEvFCRkIM2w;1,222222222222222
EUW1_7801175208;2026-03-27T22:02:59Z;1608;420;Seraphine;UTILITY;BOTTOM;0;5;8;9;9348;27;72;16544;23932;29;7;13;ufTqKEmDQPwAwqsNroMoYcafELulVhQ2tS4BYMDkBCPy4J01Saas9bRSE34e59FPtNUop9Juo5l-Cw;1,750000000000000
EUW1_7801112027;2026-03-27T21:22:17Z;1718;420;KSante;TOP;JUNGLE;0;4;5;3;12000;219;27;26341;44850;10;2;16;ohbVSOqOJ1MwHz5UtGNcpL--g2EWtjTLGl3hX8Ar0wbZGAu-hWcj1ZSHCGkzI1vSq58TOQRY4BqO8g;1,400000000000000
EUW1_7801112027;2026-03-27T21:22:17Z;1718;420;XinZhao;JUNGLE;JUNGLE;0;6;8;6;11398;190;29;22755;48899;9;2;15;dbYHROKukWY3q4-cbbIH8fkL6a4Vy9rcw2RR8VbVn5plhl7GvUgZocq-PlbjkDWXtx7zwH8FzFLSfQ;1,500000000000000
EUW1_7801112027;2026-03-27T21:22:17Z;1718;420;Taliyah;MIDDLE;MIDDLE;0;8;9;6;14746;269;32;31034;28632;9;5;16;crgRU1n4t9g4oe98my4Y7mBUUJSNpbLiIzt56VRAYXYVrhGxVNxD0BMTd49nqRC_u9_o7Wo4pAVjwQ;1,555555555555556
EUW1_7801112027;2026-03-27T21:22:17Z;1718;420;Kaisa;BOTTOM;BOTTOM;0;5;10;4;11404;175;16;16420;27857;8;2;14;RrCKFHGpDKltZrWn68AUtUdYQXYOE0-40p7g_k9kaaONKYpblGy6fVK1cfyibddd_Jbwwhs97nJlRA;0,900000000000000
EUW1_7801112027;2026-03-27T21:22:17Z;1718;420;Rell;UTILITY;BOTTOM;0;2;13;17;9094;29;108;8111;29718;48;13;13;LBxHbtSJ7f2V-fu5xuZEYBjZdVqXUNlYpotxBVnsgUcx8VnmitjJWeEqKgCctrGLwZdxVDVT-5bFgw;1,461538461538461
EUW1_7801112027;2026-03-27T21:22:17Z;1718;420;Gwen;TOP;JUNGLE;1;5;3;9;12572;233;33;34920;35935;6;7;18;LwabmMqW406NJWCBOq_tLxdAFxjIbQ3yW7c3kUeTOKtGyES8CJUzdLlpPleYfEK8aVlrJaqxFLKKpw;4,666666666666667
EUW1_7801112027;2026-03-27T21:22:17Z;1718;420;LeeSin;JUNGLE;JUNGLE;1;9;5;19;14416;198;50;25664;30933;19;2;17;5LGr3dk4mMIfhcNaEqqVW8RcP7u781cA4QYBQUWOfP7L6GsQLqlO-0Yo2JXhN9j0pzdIhmGZRQ8CLQ;5,600000000000000
EUW1_7801112027;2026-03-27T21:22:17Z;1718;420;Aurora;MIDDLE;MIDDLE;1;11;3;15;15039;275;39;36170;24315;8;8;18;DwLqK8rlvrGnJ8qly7WL3kbNQpfOpKfkSt3-eBIaZB41AoC2gLjdYwIekv2IaTvNv0OKq2TxUHdLRQ;8,666666666666666
EUW1_7801112027;2026-03-27T21:22:17Z;1718;420;Draven;BOTTOM;BOTTOM;1;19;6;11;20035;216;28;48214;22212;11;4;15;fXlGnwDmCB_PTkF2589l8Hjw6BgIKTsT5QqNK50VoCIzTNqgiwbX34Bfwtt0u5e1F_9bEvFCRkIM2w;5,000000000000000
EUW1_7801112027;2026-03-27T21:22:17Z;1718;420;Nautilus;UTILITY;BOTTOM;1;1;8;24;8812;25;96;8741;23580;41;8;14;ufTqKEmDQPwAwqsNroMoYcafELulVhQ2tS4BYMDkBCPy4J01Saas9bRSE34e59FPtNUop9Juo5l-Cw;3,125000000000000
EUW1_7801050311;2026-03-27T20:46:23Z;1673;420;Rumble;TOP;JUNGLE;1;9;2;7;15073;226;33;40254;24033;15;3;17;ohbVSOqOJ1MwHz5UtGNcpL--g2EWtjTLGl3hX8Ar0wbZGAu-hWcj1ZSHCGkzI1vSq58TOQRY4BqO8g;8,000000000000000
EUW1_7801050311;2026-03-27T20:46:23Z;1673;420;DrMundo;JUNGLE;JUNGLE;1;6;4;7;13336;236;33;19053;54465;5;10;16;o9zJxASSqvDoGHy5X9IrS2j8JifYAl1cGQFE-9sfhNPHYwa6pnLsAWeykygftTAHEyRp3rtv3SqhfQ;3,250000000000000
EUW1_7801050311;2026-03-27T20:46:23Z;1673;420;Leblanc;MIDDLE;MIDDLE;1;7;6;10;12629;191;25;25357;23819;14;1;16;qOheDFxIhkcIIWcDF3zFkvu2b6oOkcN45oWq5vQX14Zw9VXshaFgSGFmgWYKudY9VYA2rrHIErIP0w;2,833333333333333
EUW1_7801050311;2026-03-27T20:46:23Z;1673;420;Corki;BOTTOM;BOTTOM;1;3;9;12;13815;205;13;36937;25819;10;2;15;RrCKFHGpDKltZrWn68AUtUdYQXYOE0-40p7g_k9kaaONKYpblGy6fVK1cfyibddd_Jbwwhs97nJlRA;1,666666666666667
EUW1_7801050311;2026-03-27T20:46:23Z;1673;420;Rell;UTILITY;MIDDLE;1;5;7;12;9441;23;88;11435;25997;42;4;12;dbYHROKukWY3q4-cbbIH8fkL6a4Vy9rcw2RR8VbVn5plhl7GvUgZocq-PlbjkDWXtx7zwH8FzFLSfQ;2,428571428571428
EUW1_7801050311;2026-03-27T20:46:23Z;1673;420;Sion;TOP;JUNGLE;0;2;7;10;9080;178;14;19166;45666;8;0;15;TgzGfu_Fi2ZXcQ7SCiGPpzw8Ch3M_mwWcntOQUAqN_np0QeSCWgT84-10VlDV97eqy5E0vAIz8lTow;1,714285714285714
EUW1_7801050311;2026-03-27T20:46:23Z;1673;420;Vi;JUNGLE;JUNGLE;0;6;5;4;11584;187;42;16152;34599;8;5;14;uhT1SCc8Pm0Omi1DDB084Q9hpcbbvNx-6Cy5DZmOu2LpjbHEJWLluyj97_nzNrVfi11PKTkKCjhPKQ;2,000000000000000
EUW1_7801050311;2026-03-27T20:46:23Z;1673;420;Taliyah;MIDDLE;MIDDLE;0;5;4;10;13504;255;29;34199;18970;12;2;16;crgRU1n4t9g4oe98my4Y7mBUUJSNpbLiIzt56VRAYXYVrhGxVNxD0BMTd49nqRC_u9_o7Wo4pAVjwQ;3,750000000000000
EUW1_7801050311;2026-03-27T20:46:23Z;1673;420;Caitlyn;BOTTOM;BOTTOM;0;12;8;6;15914;209;27;34047;28124;12;4;15;znk_qEPMkHwWj4XSfBVjwxgGir6K3v_Sfz5sbp8pyef0E_BEv5UR6eZKrr1RCZehMsnIAFWwRojwvA;2,250000000000000
EUW1_7801050311;2026-03-27T20:46:23Z;1673;420;Nidalee;UTILITY;TOP;0;3;6;13;8593;20;85;14611;26153;22;12;11;Md67vjYGerYXX1jInjt2Rg3i7QvPhS2p0JIIurHGSsdnikW9w7fO5p5HlwVdouXYnB3bw6WVnYw0vg;2,666666666666667
EUW1_7800990858;2026-03-27T20:05:01Z;1532;420;Varus;TOP;JUNGLE;0;9;6;5;11513;197;41;28273;28568;11;3;15;Z2xFidEnauzSXmB7lrq7FnYUsNX1PRWRIytKhT4FwQSSR8X1Zywf80Cu9elxrcyMWjpj3tE1LUKEEA;2,333333333333333
EUW1_7800990858;2026-03-27T20:05:01Z;1532;420;Jayce;JUNGLE;JUNGLE;0;6;6;7;13043;208;42;23262;21687;4;11;15;CcxMn9yFLDfmDMrpNY2Fdj-ehQwApf7HfwY97RF7m4Y6YkBjN_qd_iCACuRbSsNOEo31Go_u7AvCmw;2,166666666666667
EUW1_7800990858;2026-03-27T20:05:01Z;1532;420;Syndra;MIDDLE;MIDDLE;0;4;5;4;8878;165;18;16154;15174;10;0;13;crgRU1n4t9g4oe98my4Y7mBUUJSNpbLiIzt56VRAYXYVrhGxVNxD0BMTd49nqRC_u9_o7Wo4pAVjwQ;1,600000000000000
EUW1_7800990858;2026-03-27T20:05:01Z;1532;420;MissFortune;BOTTOM;BOTTOM;0;1;3;2;9941;201;19;12472;14112;9;6;13;JhYyE2uqyQKDTZepUhARFwbNU8J9JBsDLETvmOyu8GKb1HVtRy1V1mkcsgt36Mmp1-CEc0cNHe1yNw;1,000000000000000
EUW1_7800990858;2026-03-27T20:05:01Z;1532;420;Neeko;UTILITY;BOTTOM;0;1;4;7;6903;33;86;7787;20449;44;9;11;7sM6cYtXv92K35qt6ufMR4vP29fbl3RKIw0uqXICES9OQVB1W6f-TfadpWRQ8FEZJVJmmZ3YLxexAw;2,000000000000000
EUW1_7800990858;2026-03-27T20:05:01Z;1532;420;Malphite;TOP;TOP;1;2;8;8;8275;111;25;15557;21588;11;3;15;tXgjsHWbHRA6UfnJWurYgkN8RqDh-0ipUJ8-qDfh2R_tik7LY8ykEevR-jY3NmIIW5ben_IHaYS94Q;1,250000000000000
EUW1_7800990858;2026-03-27T20:05:01Z;1532;420;Aatrox;JUNGLE;JUNGLE;1;8;4;4;12532;209;37;15074;38336;8;6;15;KTFOFL7mYAEmfYrh-A46P7c9eg6hGULQhctY_LjuVBbkqjMhK3bRUWPGlyFMF1t8lHK_yhCK8JzznQ;3,000000000000000
EUW1_7800990858;2026-03-27T20:05:01Z;1532;420;Viktor;MIDDLE;TOP;1;5;4;6;10592;198;17;18411;17228;9;3;15;2vakuGydoEZOpsnFu9UhDjLG2xv1QlhbmtS9jvCXyiRWN7pbw9-LfFhQjdEvW1Xx4q87nNesniiQ_Q;2,750000000000000
EUW1_7800990858;2026-03-27T20:05:01Z;1532;420;Corki;BOTTOM;BOTTOM;1;9;3;2;15749;264;12;27427;26839;9;1;15;QoY2p9TXW0MqJyJDSlr7pO3vsvNx3WLMoeQa5RsEDtv8GXTWuRg8Hzf4snmRKKHVQLSx5NvWM0Yovg;3,666666666666667
EUW1_7800990858;2026-03-27T20:05:01Z;1532;420;Nami;UTILITY;BOTTOM;1;0;2;15;7829;26;77;7789;14104;38;6;12;BRLg6A8ZPTWMV0rjk15NJtnA-JzFQGcMmbQrDIHapfE7JvaVVL_N-Nvjd9A5sso_RiR4p8XtC0R_Vg;7,500000000000000
EUW1_7799642277;2026-03-26T18:50:11Z;1888;420;Karma;TOP;JUNGLE;0;3;6;11;11808;195;32;22936;30107;13;3;16;Lew0xW50uOBEGt_UZRaBcu7fy14noI2IpEMXyYBwwQJtDCKY2I_4TXt-mZlOKufrW9qmyJ_-ohOXig;2,333333333333333
EUW1_7799642277;2026-03-26T18:50:11Z;1888;420;LeeSin;JUNGLE;JUNGLE;0;13;4;11;15798;206;38;26744;41959;22;0;16;-PB22RocaxMaav0bjbk-5-Mpv84IALC-qZoJquuZAdautQ1KC2bxR3Lt34qMrL4-ghPtuiAPndTBLA;6,000000000000000
EUW1_7799642277;2026-03-26T18:50:11Z;1888;420;Taliyah;MIDDLE;MIDDLE;0;6;5;9;13610;247;21;26160;24515;12;1;16;crgRU1n4t9g4oe98my4Y7mBUUJSNpbLiIzt56VRAYXYVrhGxVNxD0BMTd49nqRC_u9_o7Wo4pAVjwQ;3,000000000000000
EUW1_7799642277;2026-03-26T18:50:11Z;1888;420;Samira;BOTTOM;BOTTOM;0;6;14;9;14439;255;26;26245;39066;10;4;15;DjWZOAQoT_BY2uQXya760rQwp93ZKEasfngJgzmxmrgUo2OGprtU9aSrIy3q-97tQ2LkQUcedhi1Fw;1,071428571428571
EUW1_7799642277;2026-03-26T18:50:11Z;1888;420;Rell;UTILITY;TOP;0;1;11;19;8474;14;106;9209;36636;57;4;14;owxP2hihxFH2N_JgPIuWTQUO9G-NAVqzxLUZ3WhFe7oWZRSh2HzF8SLFPxX1OKb1m24B4xFezwa2qw;1,818181818181818
EUW1_7799642277;2026-03-26T18:50:11Z;1888;420;Shen;TOP;TOP;1;2;7;11;11417;193;31;16694;33855;14;4;17;iCvD09ut0VCQbFo8ITMDScmC85cxXwWNdcrq1xfkOX5lU8UwTtmfqQQjca-Ofy3XYrd2IpI1bX9bkQ;1,857142857142857
EUW1_7799642277;2026-03-26T18:50:11Z;1888;420;Graves;JUNGLE;JUNGLE;1;14;3;9;18941;318;40;33739;26921;6;8;18;Y_y_8LDSJQpFNrW2yfnPSi9dYYEsOCnmixxeC7HCAM5LeVwAMa0qz8cojDPN1_JwFGdjgVQQBCdz-Q;7,666666666666667
EUW1_7799642277;2026-03-26T18:50:11Z;1888;420;Viktor;MIDDLE;MIDDLE;1;7;4;10;14326;281;30;31452;18795;13;2;17;M_p6PfjnkplFQWcLhb1Bm55bufEYILgEIcGFr8_SqbYm0KakTlM05Iuyg2gqe6oPkTxZ_7gaB5TwTA;4,250000000000000
EUW1_7799642277;2026-03-26T18:50:11Z;1888;420;Ezreal;BOTTOM;BOTTOM;1;15;7;12;18291;245;23;45526;31476;9;3;17;tfihcTUVqLEifTil2NpMUt5MzQt_Dcp2gDlZ28-VMwQJcbTFBWfmvR3wZqcmuVXSO7A7kBUewNwdCg;3,857142857142857
EUW1_7799642277;2026-03-26T18:50:11Z;1888;420;Bard;UTILITY;BOTTOM;1;2;8;26;10392;26;127;17730;25367;41;15;14;WyhLkm0yW9P1-vqhCSfx9FCNs4y91qZyBXkscsTvgVsEaADADqNUjXru49MRp_2d3IybreKsUSR-4Q;3,500000000000000
EUW1_7799598043;2026-03-26T18:17:25Z;1662;420;Sion;TOP;JUNGLE;1;4;4;12;11698;188;21;19463;37627;6;1;16;vNum6S-UGD8dP0NSWva9A_Chh928codBcY3eUCy2CuE8FLGkw69ZWjZ2cRB1XK8PSJsaHcFMPuf4Ow;4,000000000000000
EUW1_7799598043;2026-03-26T18:17:25Z;1662;420;Talon;JUNGLE;JUNGLE;1;10;3;12;16267;216;35;27358;23784;2;8;16;DYPHn9hr9aU7NIeLHXQKv05QIH16vE6Jg-wYClaGoxExJgp5lCQlab-Z7AukxATedNx6llBNpovKpw;7,333333333333333
EUW1_7799598043;2026-03-26T18:17:25Z;1662;420;TwistedFate;MIDDLE;MIDDLE;1;7;1;13;15583;254;27;17893;14595;11;3;18;d46SX3I268BxRvQq02-E_57ZgvVwFNLmwgfj3Bb8XKUj12nh2WYSxI2mXOrytvWpau1hcmOxpwdFYw;20,000000000000000
EUW1_7799598043;2026-03-26T18:17:25Z;1662;420;Jinx;BOTTOM;BOTTOM;1;13;4;15;17713;242;18;34804;23006;8;4;16;znk_qEPMkHwWj4XSfBVjwxgGir6K3v_Sfz5sbp8pyef0E_BEv5UR6eZKrr1RCZehMsnIAFWwRojwvA;7,000000000000000
EUW1_7799598043;2026-03-26T18:17:25Z;1662;420;Zoe;UTILITY;BOTTOM;1;5;2;17;9041;33;100;19544;13130;43;5;12;g7CUF9cgHfNP2th0exMHhHF8vDt5l-9CO-751-X6EFVyFXAuvOEGuxV2wqgqogR3La1GpQa6c_JG1w;11,000000000000000
EUW1_7799598043;2026-03-26T18:17:25Z;1662;420;Akali;TOP;JUNGLE;0;3;7;3;10823;203;26;13175;26756;7;4;15;YlrBTL1ihxTypTV8CwwopWMGgvCPBNZ9G8B4z52XFkClBDvLD3F9BUJj3-ctemhdYYiN2kE_C79dQg;0,857142857142857
EUW1_7799598043;2026-03-26T18:17:25Z;1662;420;Skarner;JUNGLE;JUNGLE;0;6;8;3;12320;197;34;19563;49897;5;8;14;o9zJxASSqvDoGHy5X9IrS2j8JifYAl1cGQFE-9sfhNPHYwa6pnLsAWeykygftTAHEyRp3rtv3SqhfQ;1,125000000000000
EUW1_7799598043;2026-03-26T18:17:25Z;1662;420;Taliyah;MIDDLE;MIDDLE;0;2;7;4;10209;217;21;16303;18876;11;2;15;crgRU1n4t9g4oe98my4Y7mBUUJSNpbLiIzt56VRAYXYVrhGxVNxD0BMTd49nqRC_u9_o7Wo4pAVjwQ;0,857142857142857
EUW1_7799598043;2026-03-26T18:17:25Z;1662;420;Sivir;BOTTOM;BOTTOM;0;2;7;6;12432;246;11;16804;20714;8;1;15;iCvD09ut0VCQbFo8ITMDScmC85cxXwWNdcrq1xfkOX5lU8UwTtmfqQQjca-Ofy3XYrd2IpI1bX9bkQ;1,142857142857143
EUW1_7799598043;2026-03-26T18:17:25Z;1662;420;Neeko;UTILITY;JUNGLE;0;1;10;5;7134;47;77;11192;22985;37;6;11;BdLQTD_iyu6D_8fDiZSXfRnRwqouMCMakjgWVCoeFqGNzsbKcJC_jYYBI2F0i3dwi8_5Lw1chnJ6Uw;0,600000000000000
EUW1_7801676986;2026-03-28T11:11:55Z;1698;420;Sion;TOP;JUNGLE;1;2;4;9;13921;275;18;19384;43364;9;1;18;KTKi0XYECUa6uTzZQQCgnSnctlVsJZ6afNWLdIv6aQ4vjJUeFAVecxq2boetaPL1HRTwAMHvCt8XvA;2,750000000000000
EUW1_7801676986;2026-03-28T11:11:55Z;1698;420;Khazix;JUNGLE;JUNGLE;1;16;3;6;19085;268;40;35770;28297;5;8;18;XC3oAQltw_rPZYuc5r86_sShp-bCIKKWJVOFxA5fv3i6YpSe3PQG0jG-y7iCE7WMLjJQTIWPjc_71w;7,333333333333333
EUW1_7801676986;2026-03-28T11:11:55Z;1698;420;Ryze;MIDDLE;MIDDLE;1;9;2;10;14569;250;21;22418;26092;12;5;17;i7vKQOLdS9hNtkXE3T4fnMqVO-gFEBfzy6lkopw4D3R78xOn4lrVbhXGVcbZTZ1ARy9cA8h1_ewlfw;9,500000000000000
EUW1_7801676986;2026-03-28T11:11:55Z;1698;420;Jinx;BOTTOM;BOTTOM;1;4;8;10;13633;216;28;18553;23755;10;9;14;m590JpOYKtbfiCpS55JM3wmeCkJqmBk7d9xszd1c6R4N-BAAopJWsuntEEesn2LS3mXFuhq3CQQWJw;1,750000000000000
EUW1_7801676986;2026-03-28T11:11:55Z;1698;420;Alistar;UTILITY;BOTTOM;1;3;6;15;8552;17;102;11761;31171;51;6;13;OIXNrCaXw7fVXSPHpEHYl8K-Oze6oBZjoZZFPxaCZX9H4boZ9vg3ESdb5dpzSahaKxlVeSpPPwtYQQ;3,000000000000000
EUW1_7801676986;2026-03-28T11:11:55Z;1698;420;Aurora;TOP;JUNGLE;0;5;3;5;11577;274;24;26195;26015;8;3;18;aR2n4dtKEz6sTJz2fgacKIafK5V1CfgBqshR-Oe9M-OVJ78YlPYuclO4pFUssih4rSQVCBEX73Hk6Q;3,333333333333333
EUW1_7801676986;2026-03-28T11:11:55Z;1698;420;Ambessa;JUNGLE;JUNGLE;0;3;7;6;10329;190;30;18893;34323;6;3;14;4LiyQ9VGtoJQpjkYoCh284biNhVSAY7f5X4YMcNvI0xPsnj47Y32X6-ocXKhp2R2hMuP_caXByWjkQ;1,285714285714286
EUW1_7801676986;2026-03-28T11:11:55Z;1698;420;Mel;MIDDLE;MIDDLE;0;2;6;2;9839;244;20;15468;16752;12;3;15;iCJ69f6TeqVlV1ZXxR8xEKCXQggJYsg3A_wjEzC677S7DylhXsdQ8FfboSMa7xZPdQLc-h9KJ9IjLg;0,666666666666667
EUW1_7801676986;2026-03-28T11:11:55Z;1698;420;Twitch;BOTTOM;BOTTOM;0;12;10;4;13529;163;28;38118;26073;10;10;13;mo4OvwIP3WBqNT7PVEOTqVWUXy3iUiw3pNMoqE7VC1sMmG-bBIGPTTfmAh7NJc9ESZ8TLbBcLwJuZQ;1,600000000000000
EUW1_7801676986;2026-03-28T11:11:55Z;1698;420;Rell;UTILITY;BOTTOM;0;1;8;17;8803;36;112;11812;28549;50;13;12;_a-zJ0FogCfLI9QqI188G4BR9iH5sS79ZlXjdFle4cfqjqFGdGDK1tzy42jNK_w8nEgLOuPrg7PLVg;2,250000000000000
EUW1_7801273155;2026-03-27T23:06:54Z;1942;420;Udyr;TOP;TOP;0;2;5;10;12503;245;35;18204;40487;11;3;17;WEbl4sPsO2IQSJlI-dkyiAI7V_magZDwitvBnBMk6rTSelxbaLwzcWy9uTvSmp_H_MG9t9MSIkOBgA;2,400000000000000
EUW1_7801273155;2026-03-27T23:06:54Z;1942;420;RekSai;JUNGLE;JUNGLE;0;15;3;11;16275;217;45;31217;45500;11;3;17;zJzinwoIBz4rK4u_7BevDCymZDLr2laUAfgGwWs1Gft0ybw56Lj2SHT3yQYQlbBAxM1a8Wu_SHTRog;8,666666666666666
EUW1_7801273155;2026-03-27T23:06:54Z;1942;420;Zoe;MIDDLE;MIDDLE;0;10;9;11;13744;213;24;40655;29866;4;5;15;-dckUQaBTQv1doSMYNbE6FRQED4StgoK14dOqKbWZXE6Zg1wKVabfDljRcbJG2fMSyo1KjMFfSPO6Q;2,333333333333333
EUW1_7801273155;2026-03-27T23:06:54Z;1942;420;Ezreal;BOTTOM;BOTTOM;0;6;12;13;14280;233;21;39094;37297;12;3;16;fvhajUvnOeTdNngXxqb-yG8qeEiKG5RpK-K0r_Go0YCeesa2_r8ofJyo6tlW-5NNjJw9EkfgkWhR-Q;1,583333333333333
EUW1_7801273155;2026-03-27T23:06:54Z;1942;420;Elise;UTILITY;BOTTOM;0;4;10;9;10034;56;110;17475;27398;36;19;13;NlLYiuIfrJOz1ev-qqE6CXyf-W5YZqGGG2cAHVbCx7Cobtdg0FkQ1tlAga5-i4ZKsib3KPRh2MwetA;1,300000000000000
EUW1_7801273155;2026-03-27T23:06:54Z;1942;420;Gnar;TOP;TOP;1;2;7;7;13096;240;21;19016;36957;12;3;18;V7BhLHw3gykwMylbz1G2yOuzGeVrpfQBOggK1Q1RI92_dpZVeHkFjyqatXP8QpunMR2VCbQEvfiHYQ;1,285714285714286
EUW1_7801273155;2026-03-27T23:06:54Z;1942;420;Hecarim;JUNGLE;JUNGLE;1;4;7;11;14254;265;32;24843;52441;2;5;18;cK7xY55qZMpfcW_JZTzl1ecBLF5ZfoI1G7hL-WhibZMHYK5UTgE4I5cGeHtHpLKfI_c9ErNV-y1u9A;2,142857142857143
EUW1_7801273155;2026-03-27T23:06:54Z;1942;420;Ryze;MIDDLE;MIDDLE;1;9;6;14;15928;260;22;34232;32658;7;2;18;WMZ7Kmnxksj_DCvthGkVqjrJC7bM1trwZOJlw5QvuXCQT8lu7DgwM8k7z6Jc5eVJG59kiTSFBsu0fQ;3,833333333333333
EUW1_7801273155;2026-03-27T23:06:54Z;1942;420;Kaisa;BOTTOM;BOTTOM;1;20;10;8;21043;231;6;44132;32871;8;0;17;ZSMjT-WG3sUKwpxn8eNQvS7GAWtBtNKyIRNFUiEBrzdMGMSpZHt_KpMP8bwaVTVWXGZW4UZuSEB3dw;2,800000000000000
EUW1_7801273155;2026-03-27T23:06:54Z;1942;420;Neeko;UTILITY;BOTTOM;1;4;7;21;11042;47;140;24523;28700;62;11;15;_a-zJ0FogCfLI9QqI188G4BR9iH5sS79ZlXjdFle4cfqjqFGdGDK1tzy42jNK_w8nEgLOuPrg7PLVg;3,571428571428572
EUW1_7801212325;2026-03-27T22:26:12Z;1149;420;Sion;TOP;NONE;1;2;1;5;8932;168;14;13070;19845;7;2;14;jZ5PDI_dvWZjgeaTrgNgPu5XCOuby2LVjZhZey0gdTKJ0lmlLS8TwijypkpFd-Uas7SlfgEVytNbSA;7,000000000000000
EUW1_7801212325;2026-03-27T22:26:12Z;1149;420;Graves;JUNGLE;NONE;1;8;1;5;10343;185;24;18417;12054;6;1;14;KTFOFL7mYAEmfYrh-A46P7c9eg6hGULQhctY_LjuVBbkqjMhK3bRUWPGlyFMF1t8lHK_yhCK8JzznQ;13,000000000000000
EUW1_7801212325;2026-03-27T22:26:12Z;1149;420;Ekko;MIDDLE;NONE;1;7;0;4;9714;163;11;14277;10479;4;2;13;Lw3zXq4c1zCe27S4hZCXjhmMJ5HB7r1BME9lDDTu0upymIbfqGdJu6bQztQpy9-by6XxyOQlHeSFUg;11,000000000000000
EUW1_7801212325;2026-03-27T22:26:12Z;1149;420;Jinx;BOTTOM;NONE;1;2;3;5;8741;185;16;12259;9308;6;2;12;1HTtYejD-6DgvMOnIPUDBw3WOi-5FMrBW7An68a-8NrdxmpL63AEQEuJJ3iiFL7N5Tkn4cq_DPDQOw;2,333333333333333
EUW1_7801212325;2026-03-27T22:26:12Z;1149;420;Bard;UTILITY;NONE;1;3;2;9;5840;7;76;11803;12001;33;7;8;_a-zJ0FogCfLI9QqI188G4BR9iH5sS79ZlXjdFle4cfqjqFGdGDK1tzy42jNK_w8nEgLOuPrg7PLVg;6,000000000000000
EUW1_7801212325;2026-03-27T22:26:12Z;1149;420;Shen;TOP;NONE;0;0;5;1;5512;134;10;5845;17042;6;0;12;vY3ugY3kL0BhnyR5OR3gCvfO3mbWAJRhK-HaFnRo2aAvEC91ylKWHnp3A_E-u9tap7Sj65Kk7FIK0g;0,200000000000000
EUW1_7801212325;2026-03-27T22:26:12Z;1149;420;Zaahen;JUNGLE;NONE;0;1;5;1;6434;120;24;8752;20017;3;7;11;iGRQHpIzIf1rBJK9MlXeMN-qdyVWoirS33XISBj8MZVo9JuyDXxtIqP6C-Ffoj_9ySGpsv0fzvAssg;0,400000000000000
EUW1_7801212325;2026-03-27T22:26:12Z;1149;420;Galio;MIDDLE;NONE;0;1;2;1;6417;173;23;9236;15293;9;1;12;1pCsY3Ix5ln3--oCCImsPW2CGMYaPyggxkRkgfwsQ_Ij2szlfObWRoirCCnxG434551Q-KooROh_og;1,000000000000000
EUW1_7801212325;2026-03-27T22:26:12Z;1149;420;Zeri;BOTTOM;NONE;0;5;3;0;8509;164;27;14234;13488;6;7;11;xSvp4wIbGjD2YrTuSRD5sJnkmzEnPlFuTFg3tCSFIdh3HR583-Rm1_eVU34GqjBTDTReUvykrX40FA;1,666666666666667
EUW1_7801212325;2026-03-27T22:26:12Z;1149;420;Alistar;UTILITY;NONE;0;0;7;4;4733;14;43;4032;19155;18;4;8;_RxOqBcpolK8nMcAtlUZidPXkmW5y8F41jSXOgI41aTF4NLE4dOCZKo28DFCd4pWxDLuQvfd8CBJlw;0,571428571428571
EUW1_7801129305;2026-03-27T21:35:32Z;2537;420;Sion;TOP;JUNGLE;0;7;6;11;16993;259;23;29761;60822;3;5;20;o9zJxASSqvDoGHy5X9IrS2j8JifYAl1cGQFE-9sfhNPHYwa6pnLsAWeykygftTAHEyRp3rtv3SqhfQ;3,000000000000000
EUW1_7801129305;2026-03-27T21:35:32Z;2537;420;LeeSin;JUNGLE;JUNGLE;0;14;5;9;21173;323;66;33849;56956;26;6;18;KTFOFL7mYAEmfYrh-A46P7c9eg6hGULQhctY_LjuVBbkqjMhK3bRUWPGlyFMF1t8lHK_yhCK8JzznQ;4,600000000000000
EUW1_7801129305;2026-03-27T21:35:32Z;2537;420;Ahri;MIDDLE;MIDDLE;0;9;6;8;16681;291;44;30230;38507;8;8;18;_RxOqBcpolK8nMcAtlUZidPXkmW5y8F41jSXOgI41aTF4NLE4dOCZKo28DFCd4pWxDLuQvfd8CBJlw;2,833333333333333
EUW1_7801129305;2026-03-27T21:35:32Z;2537;420;Yunara;BOTTOM;BOTTOM;0;4;7;13;19679;367;45;37045;40722;12;13;18;1HTtYejD-6DgvMOnIPUDBw3WOi-5FMrBW7An68a-8NrdxmpL63AEQEuJJ3iiFL7N5Tkn4cq_DPDQOw;2,428571428571428
EUW1_7801129305;2026-03-27T21:35:32Z;2537;420;Bard;UTILITY;BOTTOM;0;3;10;16;12163;44;177;13541;43369;71;30;15;jZ5PDI_dvWZjgeaTrgNgPu5XCOuby2LVjZhZey0gdTKJ0lmlLS8TwijypkpFd-Uas7SlfgEVytNbSA;1,900000000000000
EUW1_7801129305;2026-03-27T21:35:32Z;2537;420;Vayne;TOP;JUNGLE;1;3;11;8;15502;250;48;48984;42169;18;6;20;WY_7jNB6xRcr63yGM-Ww8r86VPPeLUlfhhgE2Ro2bP6TkUe4romTjBfZvCm3kndiGHmeUKOWI_VC4g;1,000000000000000
EUW1_7801129305;2026-03-27T21:35:32Z;2537;420;JarvanIV;JUNGLE;JUNGLE;1;12;5;13;19868;206;43;39812;41263;5;6;18;iGRQHpIzIf1rBJK9MlXeMN-qdyVWoirS33XISBj8MZVo9JuyDXxtIqP6C-Ffoj_9ySGpsv0fzvAssg;5,000000000000000
EUW1_7801129305;2026-03-27T21:35:32Z;2537;420;Aurora;MIDDLE;TOP;1;11;5;5;20161;374;59;43106;35226;9;15;18;1pCsY3Ix5ln3--oCCImsPW2CGMYaPyggxkRkgfwsQ_Ij2szlfObWRoirCCnxG434551Q-KooROh_og;3,200000000000000
EUW1_7801129305;2026-03-27T21:35:32Z;2537;420;Aphelios;BOTTOM;BOTTOM;1;4;8;10;22371;429;53;56330;36267;13;13;18;QOFPo_WCY8tFCJMv_uGFB6pwCziyTwccuTIu9PwM5jjzOP9-6Klo8_dfeixxfVRetujt0DDQaYl1YA;1,750000000000000
EUW1_7801129305;2026-03-27T21:35:32Z;2537;420;Lulu;UTILITY;BOTTOM;1;3;8;17;12844;30;179;16888;25195;87;18;17;_a-zJ0FogCfLI9QqI188G4BR9iH5sS79ZlXjdFle4cfqjqFGdGDK1tzy42jNK_w8nEgLOuPrg7PLVg;2,500000000000000
EUW1_7801084569;2026-03-27T21:04:24Z;1504;420;Akali;TOP;JUNGLE;1;7;4;5;10816;170;19;27936;27731;7;2;16;vvyBDUI5oQTAY9M6GqiX26BlgwyOp6lAZ_Etdyl3Zw5_vPL2fpJQ164ewv4VnWh9NVGLXlpwd9IGxw;3,000000000000000
EUW1_7801084569;2026-03-27T21:04:24Z;1504;420;Ambessa;JUNGLE;JUNGLE;1;8;1;5;14513;239;29;17205;16789;5;5;16;iGRQHpIzIf1rBJK9MlXeMN-qdyVWoirS33XISBj8MZVo9JuyDXxtIqP6C-Ffoj_9ySGpsv0fzvAssg;13,000000000000000
EUW1_7801084569;2026-03-27T21:04:24Z;1504;420;Yone;MIDDLE;MIDDLE;1;8;3;2;14327;270;16;27471;33415;9;2;17;3G6LyQIuJ9jLBReAZYc7AjdiITS898zsCIk3y-dYVO-nPz2nGpYRk1Cp36hTFz3RIv01HePCnibsKg;3,333333333333333
EUW1_7801084569;2026-03-27T21:04:24Z;1504;420;Aphelios;BOTTOM;BOTTOM;1;6;3;6;14057;228;17;21794;21962;6;3;14;nq2z-MszVZ5ktRB3v6P7MHJ_Wrhof59ou6dGwwGSrpAoPdc68_ED7E1HBlA3gjiePeiyxXYyW_pbBg;4,000000000000000
EUW1_7801084569;2026-03-27T21:04:24Z;1504;420;Soraka;UTILITY;BOTTOM;1;0;3;17;8556;29;73;7257;13825;34;5;14;Cn7HyLY6lfnO4gAL3Q5UVR6YRRfT2D-Y6VzUa64aj9QsDXtRqbSKhrugUXAVsfpN3wUPMMlJp4usgQ;5,666666666666667
EUW1_7801084569;2026-03-27T21:04:24Z;1504;420;Anivia;TOP;JUNGLE;0;2;6;2;8783;198;17;20105;34454;8;0;16;YlrBTL1ihxTypTV8CwwopWMGgvCPBNZ9G8B4z52XFkClBDvLD3F9BUJj3-ctemhdYYiN2kE_C79dQg;0,666666666666667
EUW1_7801084569;2026-03-27T21:04:24Z;1504;420;Graves;JUNGLE;JUNGLE;0;3;6;1;10811;204;25;10188;19730;6;4;14;Q0bHa1GD2cmM_DnYvwzaY0UOi7C_75uPuDgg3y3JO3GKXoN-hOCHx34TffrZ4VQnW9go-FiHHUryrw;0,666666666666667
EUW1_7801084569;2026-03-27T21:04:24Z;1504;420;Ryze;MIDDLE;MIDDLE;0;3;5;2;9026;209;17;23432;25004;8;0;15;WY_7jNB6xRcr63yGM-Ww8r86VPPeLUlfhhgE2Ro2bP6TkUe4romTjBfZvCm3kndiGHmeUKOWI_VC4g;1,000000000000000
EUW1_7801084569;2026-03-27T21:04:24Z;1504;420;Kaisa;BOTTOM;BOTTOM;0;0;5;4;9871;212;20;13721;18646;9;4;13;ozeIqPNPqUOAg_uxHCq9OVZOSc78bLDBwmnSEojzqJix-oo62pSTi7708dckIquq7sRkQwFZdz94-Q;0,800000000000000
EUW1_7801084569;2026-03-27T21:04:24Z;1504;420;Pantheon;UTILITY;BOTTOM;0;6;7;3;8771;25;102;14854;20851;37;10;11;_a-zJ0FogCfLI9QqI188G4BR9iH5sS79ZlXjdFle4cfqjqFGdGDK1tzy42jNK_w8nEgLOuPrg7PLVg;1,285714285714286
EUW1_7801030045;2026-03-27T20:31:28Z;1565;420;Shen;TOP;JUNGLE;0;0;5;4;8042;182;22;12743;30328;8;3;14;Fvy5MMtdO4T34Y2LDIOFA4cHtxRo6_zccFAysh8oJlRmLhLyhib7OadrN0Lk5sWPCLYiDD2d7VMu1Q;0,800000000000000
EUW1_7801030045;2026-03-27T20:31:28Z;1565;420;Jayce;JUNGLE;JUNGLE;0;2;6;4;11474;209;30;14328;24394;3;9;14;0QrCCDxIepU3jCiei4_PmgW9NGa1OIJGEqPdCwYySK3xpvEIJihCcJ5ZpCfiO6yXjZDhijKMMK8iyA;1,000000000000000
EUW1_7801030045;2026-03-27T20:31:28Z;1565;420;MasterYi;MIDDLE;MIDDLE;0;10;9;1;13183;164;18;24629;28211;8;3;14;sho52nIAW4e_F0MaLXioZol7MIED2ULWZ4FqErx-6SADBXemTeKSUjx9uOZLgYe7nr2R6TBpc4Rhhw;1,222222222222222
EUW1_7801030045;2026-03-27T20:31:28Z;1565;420;Tristana;BOTTOM;BOTTOM;0;5;7;1;11858;189;19;13883;17299;8;3;13;Fb-atdsuCe_b3tsHnoEWwyTtfHH8Ybyc1BNqjDLI4P50F8GnTR2IcylqSvXqvxXWRvKGNwgK8Iz2rw;0,857142857142857
EUW1_7801030045;2026-03-27T20:31:28Z;1565;420;Karma;UTILITY;BOTTOM;0;0;3;8;7101;32;78;11825;18293;38;5;12;nwt82MiruuibZN2pAeKz9zA54UIoZDCxfZkLrLKd0Qq_1UzNUaeFjqN49lWETw1H-yYLvBgwdjkoXg;2,666666666666667
EUW1_7801030045;2026-03-27T20:31:28Z;1565;420;Rumble;TOP;TOP;1;4;4;3;10510;226;29;19292;19582;11;2;16;_41jOyKku4MMyGSoP_NxSKVy-ovJtjmjfx9NMc_oWL1Oqz0R_OV0YdIWls1eUH_TZMU-9V7F03j9_A;1,750000000000000
EUW1_7801030045;2026-03-27T20:31:28Z;1565;420;Ambessa;JUNGLE;JUNGLE;1;3;2;9;12434;241;38;14602;24627;7;7;16;MIZwoZzmKTdjAf0I50NWyBlqjhDEShga3yxsyIw6_zGmdVz5WGQTbYXmc8dZfzfQHptuRfVkp3NXFA;6,000000000000000
EUW1_7801030045;2026-03-27T20:31:28Z;1565;420;Cassiopeia;MIDDLE;TOP;1;7;3;9;13563;254;26;21794;22290;12;2;17;Q0bHa1GD2cmM_DnYvwzaY0UOi7C_75uPuDgg3y3JO3GKXoN-hOCHx34TffrZ4VQnW9go-FiHHUryrw;5,333333333333333
EUW1_7801030045;2026-03-27T20:31:28Z;1565;420;Ezreal;BOTTOM;BOTTOM;1;13;3;3;17140;244;16;33496;17630;7;1;16;wTcPrANHBZg6X6CHTcTnKcCWbO__mK5-b6Kra6UoJnPlZ80OU_BaJtccDVFkNWnHRi758agangDMiw;5,333333333333333
EUW1_7801030045;2026-03-27T20:31:28Z;1565;420;Nautilus;UTILITY;BOTTOM;1;3;5;13;8850;33;100;6266;23356;44;8;12;_a-zJ0FogCfLI9QqI188G4BR9iH5sS79ZlXjdFle4cfqjqFGdGDK1tzy42jNK_w8nEgLOuPrg7PLVg;3,200000000000000
EUW1_7800351482;2026-03-27T10:17:00Z;1852;420;Singed;TOP;MIDDLE;0;1;7;11;9623;200;43;17874;34584;13;3;15;21Yk7SkzmV6soRAL9Jz0NSJZjOl0Wfe5I_VwbVx9WHgsmqemruGYgZlNhRL2bqchVcDuAdFlrCYlwA;1,714285714285714
EUW1_7800351482;2026-03-27T10:17:00Z;1852;420;JarvanIV;JUNGLE;JUNGLE;0;4;10;11;12191;222;40;17574;39205;4;8;16;kLEUYlbaqL3ZEG6u1IaZ_3qibgiIOD1C6NSMDslv9bQpnp9B5sWc5HFn8cGfaHQlHQqPcZf9dGecCQ;1,500000000000000
EUW1_7800351482;2026-03-27T10:17:00Z;1852;420;Viktor;MIDDLE;MIDDLE;0;5;4;4;13496;286;45;27740;19740;13;7;16;2U3h93freQtLVI-_QwLELzzpaFZ7gM_K2nQKb6q1PXvcjHV6yHN0mu0ls6ztCmlUlsSQ0fMVheo6oA;2,250000000000000
EUW1_7800351482;2026-03-27T10:17:00Z;1852;420;Corki;BOTTOM;BOTTOM;0;13;6;4;18086;281;27;41158;25691;11;5;16;M5m4uWLrD63V4dNlPowlQOmnHsG_ju1wmxacwZ2gbXSbD7BvllN9jRcsGNYmEBRk-Q8P4YGXat_c3g;2,833333333333333
EUW1_7800351482;2026-03-27T10:17:00Z;1852;420;Karma;UTILITY;BOTTOM;0;1;5;14;8243;29;123;15367;20549;52;14;12;SGcj8HsxqKu7HBnWkTb3f6iBe6koHOjwK7GBRl7d3xFB0h6fc5U52RCPVHYKugBhyQmXwbRzEaL6ig;3,000000000000000
EUW1_7800351482;2026-03-27T10:17:00Z;1852;420;Irelia;TOP;JUNGLE;1;13;4;8;18411;317;23;40731;40868;12;0;19;WolU3HQhwUBWPt_yeJtfthXAC9rvUD5AeCCxriwaDyYdsnz4WAiVjFIF8cS1lLkauBwk7syq-iBf-A;5,250000000000000
EUW1_7800351482;2026-03-27T10:17:00Z;1852;420;Graves;JUNGLE;JUNGLE;1;14;5;8;17612;249;38;35522;26919;6;11;18;pqGJQ-f-B7r4MIBksDukwUaYUH5YmTyYJY6LyeimTjEaRa_dA9keDdqrHHuZhBsV0gqn8_F4re8JWA;4,400000000000000
EUW1_7800351482;2026-03-27T10:17:00Z;1852;420;Taliyah;MIDDLE;MIDDLE;1;1;5;7;12836;291;38;15012;23017;13;5;17;_D9phnhVA-foEc0Hq778u_D63dQbeIJiffsuPr1Q93vslHuhq6WWg_LBQ3tqowHCo9GDqZ7bTFmFdQ;1,600000000000000
EUW1_7800351482;2026-03-27T10:17:00Z;1852;420;Zilean;BOTTOM;BOTTOM;1;2;5;17;14271;223;22;15661;21418;11;3;17;1G014F_RBCm55noOm-wH_B-xZr5_IYt184qJ6Px57KPOkHtcvbWBWx6kyRucmgsoY3Iqs2Sj70Adqg;3,800000000000000
EUW1_7800351482;2026-03-27T10:17:00Z;1852;420;Nautilus;UTILITY;BOTTOM;1;1;5;13;8704;33;113;9696;33791;56;15;13;_a-zJ0FogCfLI9QqI188G4BR9iH5sS79ZlXjdFle4cfqjqFGdGDK1tzy42jNK_w8nEgLOuPrg7PLVg;2,800000000000000
EUW1_7800043028;2026-03-26T23:12:58Z;1456;420;Rumble;TOP;JUNGLE;0;2;6;2;7728;150;14;10950;22430;8;0;14;TgzGfu_Fi2ZXcQ7SCiGPpzw8Ch3M_mwWcntOQUAqN_np0QeSCWgT84-10VlDV97eqy5E0vAIz8lTow;0,666666666666667
EUW1_7800043028;2026-03-26T23:12:58Z;1456;420;Jax;JUNGLE;JUNGLE;0;2;5;4;8685;161;22;5142;22594;10;3;13;Hb7hTqh7TRbfQ2OJzH-QBm7Esw4pNaBkboGk2sD5g-aXU1PiNIi8TshhKryqR4SfRnX6BHuUo8YpFw;1,200000000000000
EUW1_7800043028;2026-03-26T23:12:58Z;1456;420;Ryze;MIDDLE;MIDDLE;0;1;2;3;9593;249;32;8579;21651;15;5;16;1pCsY3Ix5ln3--oCCImsPW2CGMYaPyggxkRkgfwsQ_Ij2szlfObWRoirCCnxG434551Q-KooROh_og;2,000000000000000
EUW1_7800043028;2026-03-26T23:12:58Z;1456;420;Aphelios;BOTTOM;BOTTOM;0;8;7;1;12728;210;21;24716;22451;8;4;13;wTcPrANHBZg6X6CHTcTnKcCWbO__mK5-b6Kra6UoJnPlZ80OU_BaJtccDVFkNWnHRi758agangDMiw;1,285714285714286
EUW1_7800043028;2026-03-26T23:12:58Z;1456;420;Thresh;UTILITY;BOTTOM;0;0;7;7;6301;24;82;4833;22129;48;5;10;ksTfMe_YZII89vrR6rmxJXWvNrX1IgebrkszPEJ_uwmu6Lz5I3QGPHcH5pd4DSpTCkJ82rwJ42XbKQ;1,000000000000000
EUW1_7800043028;2026-03-26T23:12:58Z;1456;420;Aurora;TOP;TOP;1;4;5;3;10231;185;17;15505;15552;5;1;15;vNum6S-UGD8dP0NSWva9A_Chh928codBcY3eUCy2CuE8FLGkw69ZWjZ2cRB1XK8PSJsaHcFMPuf4Ow;1,400000000000000
EUW1_7800043028;2026-03-26T23:12:58Z;1456;420;Graves;JUNGLE;JUNGLE;1;8;0;5;13364;246;25;17113;13854;4;1;17;WMZ7Kmnxksj_DCvthGkVqjrJC7bM1trwZOJlw5QvuXCQT8lu7DgwM8k7z6Jc5eVJG59kiTSFBsu0fQ;13,000000000000000
EUW1_7800043028;2026-03-26T23:12:58Z;1456;420;Syndra;MIDDLE;MIDDLE;1;4;0;9;13485;270;32;23292;7549;9;9;16;NtIX1pK1Q52wo8KOba_Aa7UjoniOukuRfSJgFz5Q1lgW7Z_nkKhvlxWcw-yBss6duSOODzGPHhMOTQ;13,000000000000000
EUW1_7800043028;2026-03-26T23:12:58Z;1456;420;Jinx;BOTTOM;BOTTOM;1;8;3;11;14085;195;25;27667;18595;6;10;14;znk_qEPMkHwWj4XSfBVjwxgGir6K3v_Sfz5sbp8pyef0E_BEv5UR6eZKrr1RCZehMsnIAFWwRojwvA;6,333333333333333
EUW1_7800043028;2026-03-26T23:12:58Z;1456;420;Nautilus;UTILITY;BOTTOM;1;3;5;17;8295;30;99;8927;18349;40;8;12;_a-zJ0FogCfLI9QqI188G4BR9iH5sS79ZlXjdFle4cfqjqFGdGDK1tzy42jNK_w8nEgLOuPrg7PLVg;4,000000000000000
EUW1_7799981145;2026-03-26T22:25:17Z;2061;420;Sion;TOP;JUNGLE;0;4;2;2;13968;310;39;22115;37248;16;3;19;8rrdPqhfDH63AECZr21ZaJDhXEx7hWVorVgIKuedkpKqLj82MmtuTi2dF9RI_1pgOILnJWR9mfAeKw;3,000000000000000
EUW1_7799981145;2026-03-26T22:25:17Z;2061;420;Jayce;JUNGLE;JUNGLE;0;6;8;6;15351;246;46;22127;27326;6;12;17;3uzj5OcP70nrFowta5y54eT-1ebp0FBQZWU3S-8fM-TN0MjgPIZbh3698DnD5k4ljJFD34XRFn3_rg;1,500000000000000
EUW1_7799981145;2026-03-26T22:25:17Z;2061;420;Viktor;MIDDLE;MIDDLE;0;5;5;6;13598;309;40;44926;30491;20;3;18;1pCsY3Ix5ln3--oCCImsPW2CGMYaPyggxkRkgfwsQ_Ij2szlfObWRoirCCnxG434551Q-KooROh_og;2,200000000000000
EUW1_7799981145;2026-03-26T22:25:17Z;2061;420;Ezreal;BOTTOM;BOTTOM;0;2;4;7;15588;353;33;27613;23757;12;8;17;3iic0Fh8PdnaAoJ4l771cDYKCKnDTQPqjj-umrdwsyNsxbCPL7WneYn8EllgdgZ6oyuKx677oCk41Q;2,250000000000000
EUW1_7799981145;2026-03-26T22:25:17Z;2061;420;Nautilus;UTILITY;BOTTOM;0;0;6;13;8479;35;125;11670;24203;62;8;14;UDzAF26inV44rYTwoEurEvRmMB8dz5j0IE6sQbYxAWsfdfIsqXpP1a63op__LL2r06_uUUHRpY6iYA;2,166666666666667
EUW1_7799981145;2026-03-26T22:25:17Z;2061;420;Yone;TOP;JUNGLE;1;2;4;6;14351;325;46;27584;39033;9;9;19;DyGz9de9kQiBlP8XIZuannbphrbby2NADFlUyrnWbuXDjzVrOcNd6T9oUmjWswnXxmiaGiXaGJDzOg;2,000000000000000
EUW1_7799981145;2026-03-26T22:25:17Z;2061;420;Ambessa;JUNGLE;JUNGLE;1;9;0;11;17881;291;50;28160;35393;8;9;18;MIZwoZzmKTdjAf0I50NWyBlqjhDEShga3yxsyIw6_zGmdVz5WGQTbYXmc8dZfzfQHptuRfVkp3NXFA;20,000000000000000
EUW1_7799981145;2026-03-26T22:25:17Z;2061;420;Aurora;MIDDLE;TOP;1;6;5;6;14480;289;22;23475;34883;5;4;18;Hv_C0Xf3ItxdDQohhLFD3i7aLT-LyUruUGoVfT-A5kqjCAl48RfxJJgxOjDzKnphM5HMI669leqD5g;2,400000000000000
EUW1_7799981145;2026-03-26T22:25:17Z;2061;420;Xayah;BOTTOM;BOTTOM;1;7;2;4;19018;348;43;32023;20476;13;11;18;_N1luLek8-n0EhIFB8qkPcrGX5js1kunTtKXoOhTtia4SPgWG0e92Uj_kcYJWnax0Nvr0MAdqPFang;5,500000000000000
EUW1_7799981145;2026-03-26T22:25:17Z;2061;420;Leona;UTILITY;BOTTOM;1;1;6;19;10561;39;151;7745;29820;67;20;15;_a-zJ0FogCfLI9QqI188G4BR9iH5sS79ZlXjdFle4cfqjqFGdGDK1tzy42jNK_w8nEgLOuPrg7PLVg;3,333333333333333
EUW1_7799725975;2026-03-26T19:42:51Z;1749;420;Ornn;TOP;JUNGLE;1;7;6;11;13069;226;25;26472;45565;12;1;19;Y5BNmw3ShwKyZ37ANjyNH3zqHaS_c77HnqmIWn0CavQxbtmXfx-bz0Vf0LOcMEXFDyexdZVgMhAlrw;3,000000000000000
EUW1_7799725975;2026-03-26T19:42:51Z;1749;420;Graves;JUNGLE;JUNGLE;1;20;3;6;20593;320;37;30825;30037;13;5;18;drFjvysqojuP3mYS5Y1_h3AjG7XO46Hy5U5ArJkkV9m6ApXcQnuvGBmirS_HuL_5npe8I1cab5eQJQ;8,666666666666666
EUW1_7799725975;2026-03-26T19:42:51Z;1749;420;TwistedFate;MIDDLE;MIDDLE;1;9;5;16;17592;252;18;25569;33027;10;3;18;i7vKQOLdS9hNtkXE3T4fnMqVO-gFEBfzy6lkopw4D3R78xOn4lrVbhXGVcbZTZ1ARy9cA8h1_ewlfw;5,000000000000000
EUW1_7799725975;2026-03-26T19:42:51Z;1749;420;Ezreal;BOTTOM;BOTTOM;1;9;10;12;15160;193;18;27968;34887;7;2;15;vOqY6wKO_Wd076KpPrNpUWIHNa6bBqDsLmeTVTV0zNF5r5cMagL92irN1-lIk8iFO8i9lAIlJWn6bg;2,100000000000000
EUW1_7799725975;2026-03-26T19:42:51Z;1749;420;Bard;UTILITY;BOTTOM;1;5;10;20;10625;20;113;17299;35710;51;9;13;_a-zJ0FogCfLI9QqI188G4BR9iH5sS79ZlXjdFle4cfqjqFGdGDK1tzy42jNK_w8nEgLOuPrg7PLVg;2,500000000000000
EUW1_7799725975;2026-03-26T19:42:51Z;1749;420;Cassiopeia;TOP;TOP;0;7;9;2;15075;288;36;28472;38613;13;2;19;MD2R4qeel-bJBBvMfDkt8QhkF1bY1U7RX8CRohHNMw2J3zZUP76p0f8VKpM9IlwGmZzbI0k4Ljx-ig;1,000000000000000
EUW1_7799725975;2026-03-26T19:42:51Z;1749;420;Jayce;JUNGLE;JUNGLE;0;6;9;10;15105;194;42;27900;27978;7;9;16;gpocbp29h1HrEOR9r8qvQ45K5arvYS2UNGjzPSqPnUJaeBiUmkdFgyKqvw_QulJBqKKdc9TRh-McdA;1,777777777777778
EUW1_7799725975;2026-03-26T19:42:51Z;1749;420;Mel;MIDDLE;MIDDLE;0;7;13;4;12443;231;16;35294;27381;8;2;15;HK77d4QNK4GPJCC4zgqYnkPgYdi5vWkS8kfjR1eHul0zMOLCIQ7ASysC5HgXegw5n7NWMvs0CLlo9w;0,846153846153846
EUW1_7799725975;2026-03-26T19:42:51Z;1749;420;Katarina;BOTTOM;BOTTOM;0;13;11;5;16220;210;13;38407;34164;5;2;14;w9GRC8x5WgLMY1d4PEC2iJcHVVbmOglaaK6xLbhBAhYrAUP-NBxw88olqKoBWPwqOuPXvQoy5O19lQ;1,636363636363636
EUW1_7799725975;2026-03-26T19:42:51Z;1749;420;Lulu;UTILITY;BOTTOM;0;1;8;25;9911;23;81;14170;22545;37;5;14;XvkA4Zte2YwZByFe0y-7gS1XjXWFtFdg3GC5V7h0FdZxbrvfI7wTP5p7m7dBfSajdlVoCRmebMkPmA;3,250000000000000
EUW1_7800163813;2026-03-27T02:06:20Z;1779;420;Jayce;TOP;JUNGLE;0;5;8;1;12999;276;28;30365;28130;11;3;18;6xm7DgM4Rgqw_opKWbM5xF5KU0Jk4svq76MWzcLAri6enJOAM2phOmjvPMDagxd_jZPkpG5Vby_F0Q;0,750000000000000
EUW1_7800163813;2026-03-27T02:06:20Z;1779;420;RekSai;JUNGLE;JUNGLE;0;5;3;9;11495;167;18;17403;38371;0;5;15;nlXgXnhyoIXXOnfK-dIm6zX4e4LrtQgVLuHiOjvl3doHcL6j0ZEaMACdZWvKGpu4lAuoiAjFAPQxRQ;4,666666666666667
EUW1_7800163813;2026-03-27T02:06:20Z;1779;420;Aurora;MIDDLE;MIDDLE;0;12;4;1;14541;236;26;39210;22521;6;4;17;QzS9F1mOvsvklUb64lT-oWX_bO54fjkMr-Tw65kGZUUEumnJ54nuSO1q125Axpqt5HUggc5ApSLyDg;3,250000000000000
EUW1_7800163813;2026-03-27T02:06:20Z;1779;420;Sivir;BOTTOM;BOTTOM;0;2;7;5;11870;263;14;22501;26579;8;2;15;4Aa_Isq9-3T4FIhluvZOnVwl5a8Zj_FXHfjft2XKVNzItlo_XIuCaUl8Y_7YZRmYophGluj5lgrU3w;1,000000000000000
EUW1_7800163813;2026-03-27T02:06:20Z;1779;420;Lulu;UTILITY;BOTTOM;0;0;6;12;7628;19;78;7367;19083;38;7;12;Sq60Qw8N4_EiLFHS1w8Tpip_JgzcBOKJ3zW9fOv9ED1ercF-yduhf5zHq2WAPahTKS6i4PXD9F4H6A;2,000000000000000
EUW1_7800163813;2026-03-27T02:06:20Z;1779;420;Sejuani;TOP;TOP;1;3;6;10;10039;155;23;18055;41207;7;4;16;T0kFz-HrYJ1oL25KV5oRNfMGyI4-POZRmLa1lXwNvD9t3-Y0ivW_kAkCdU4ovKjPNppiHxUqtL90FQ;2,166666666666667
EUW1_7800163813;2026-03-27T02:06:20Z;1779;420;Qiyana;JUNGLE;JUNGLE;1;10;6;4;16879;236;34;23803;27362;7;2;16;ckfa0xnB1YkoNOchQ8wrkNnY558pD0SDLdd63Bln56pA09nn8LkkaEuF1_Xn2mAnO1kwgXqhFxb1kw;2,333333333333333
EUW1_7800163813;2026-03-27T02:06:20Z;1779;420;Ahri;MIDDLE;MIDDLE;1;2;4;9;10730;251;16;17177;21870;5;2;16;k8R2K3M-OoAkoWT7MYHBNR6VWj-JKRrT12pS7PefOGwesq_Qf-tmzzH8W1-mvdJzucrLcdgbvzp32w;2,750000000000000
EUW1_7800163813;2026-03-27T02:06:20Z;1779;420;Corki;BOTTOM;JUNGLE;1;8;3;11;18145;319;21;37247;28485;9;5;18;7sV-avgxQX4ECYMi0BXjtMf4YYjeLXl2-usYLGR7Y3tAmeQfnL8zeSgWC2N7CtDzQPtZVDEFqX_1CQ;6,333333333333333
EUW1_7800163813;2026-03-27T02:06:20Z;1779;420;Bard;UTILITY;BOTTOM;1;5;5;16;10187;22;135;11826;26635;53;17;13;nAqd2CWJZHi2fUCAp_w2lJs_aLmgTBKmAfKa8aAK_3JMxy1OaE26d1lwzX7FTtqCwPaz0lmyceAP_A;4,200000000000000
EUW1_7800151911;2026-03-27T01:37:39Z;1128;420;Camille;TOP;NONE;1;4;1;1;7448;154;10;12132;16709;7;0;14;r0SiaVtbX4MV429DPawORXE2uOIwMchsHGdcGVE4Q0QNQrzBK2c6Q0HXde30n6OoWJxJ-nZX1AAPug;5,000000000000000
EUW1_7800151911;2026-03-27T01:37:39Z;1128;420;Ambessa;JUNGLE;NONE;1;8;0;4;9553;154;22;11044;12488;7;2;13;6BPTm2S9twaW_Cu-NJrzkiNYVZeI7zqNBd-sJddttrQ45_76j_gM_YpdogB1mWMt8FeV7dp5ksGTKQ;12,000000000000000
EUW1_7800151911;2026-03-27T01:37:39Z;1128;420;Sylas;MIDDLE;NONE;1;5;2;4;8141;146;14;15362;20020;7;2;12;kqXrXEYp6zZwLXAMJJntrYgwYkVQsVRV3nba4sa8RwI_JsnC-unCNn-otAY2jS0_VKR9WhZG4X5eJQ;4,500000000000000
EUW1_7800151911;2026-03-27T01:37:39Z;1128;420;Seraphine;BOTTOM;NONE;1;2;1;5;8842;175;8;7510;5934;7;0;12;kuzG7qx72NM6S_2AgXc_LVPC0uSRnGQ6zJazVgGBcNW0BfwqzyJtW2kRm8e6Qg3fqo8zEhtpepwRaA;7,000000000000000
EUW1_7800151911;2026-03-27T01:37:39Z;1128;420;Bard;UTILITY;NONE;1;3;0;14;6387;20;75;6995;9210;29;12;10;nAqd2CWJZHi2fUCAp_w2lJs_aLmgTBKmAfKa8aAK_3JMxy1OaE26d1lwzX7FTtqCwPaz0lmyceAP_A;17,000000000000000
EUW1_7800151911;2026-03-27T01:37:39Z;1128;420;Gwen;TOP;NONE;0;1;4;0;7251;162;19;14353;15519;8;1;13;6xm7DgM4Rgqw_opKWbM5xF5KU0Jk4svq76MWzcLAri6enJOAM2phOmjvPMDagxd_jZPkpG5Vby_F0Q;0,250000000000000
EUW1_7800151911;2026-03-27T01:37:39Z;1128;420;Amumu;JUNGLE;NONE;0;1;2;0;6613;138;16;6747;13355;2;3;11;0jsk62N7M7bKDKmO8K3uFQ-G_-lVe66JfrqL0FxwfhmSs9odkvAN59a6khuwPmZGNkAhm-oWnBa-ZA;0,500000000000000
EUW1_7800151911;2026-03-27T01:37:39Z;1128;420;Irelia;MIDDLE;NONE;0;2;9;0;7241;165;8;16967;23082;6;1;11;k8R2K3M-OoAkoWT7MYHBNR6VWj-JKRrT12pS7PefOGwesq_Qf-tmzzH8W1-mvdJzucrLcdgbvzp32w;0,222222222222222
EUW1_7800151911;2026-03-27T01:37:39Z;1128;420;Jinx;BOTTOM;NONE;0;0;4;1;6917;169;10;4581;9205;6;2;11;4Aa_Isq9-3T4FIhluvZOnVwl5a8Zj_FXHfjft2XKVNzItlo_XIuCaUl8Y_7YZRmYophGluj5lgrU3w;0,250000000000000
EUW1_7800151911;2026-03-27T01:37:39Z;1128;420;Lulu;UTILITY;NONE;0;0;3;3;4615;13;49;6227;7550;26;3;9;1cjX_Xz5XDsAbsC7nsT9KdKxrJsU81D9aNlTvg9dDb-UkzizSiz9mWc9SkbIne1ac0RY3h_UUeqKKA;1,000000000000000
EUW1_7798926022;2026-03-25T23:58:48Z;1207;420;Ornn;TOP;JUNGLE;0;1;0;1;7183;186;10;9843;14152;6;0;14;MlETWeQ50rCQY1Wf6uivK9PCx2sWYRwR_p-PWzCAzlfPlTmhYaxKmMey9DW0f0WDkTXsasX9o96izQ;2,000000000000000
EUW1_7798926022;2026-03-25T23:58:48Z;1207;420;LeeSin;JUNGLE;JUNGLE;0;6;7;1;8383;115;28;10546;21448;12;3;11;Y_y_8LDSJQpFNrW2yfnPSi9dYYEsOCnmixxeC7HCAM5LeVwAMa0qz8cojDPN1_JwFGdjgVQQBCdz-Q;1,000000000000000
EUW1_7798926022;2026-03-25T23:58:48Z;1207;420;Mel;MIDDLE;MIDDLE;0;1;5;3;6776;175;12;10626;13989;6;1;12;slLsTTGxzNFcP7EAXfhQ1MEp4yCXQUAdwL2ggFHAnpD9ZGxIx8vcOddPLqn8JW3h9X8iL2LUWxc6tw;0,800000000000000
EUW1_7798926022;2026-03-25T23:58:48Z;1207;420;Zeri;BOTTOM;BOTTOM;0;2;3;1;8356;145;10;6929;11024;5;2;11;0c2bhCR2DaURoq5efmENVPxUmn9bgCjPTY7d08xaCZsXFe7KYww3oYFtkUADAt1GMxSZ2HmAbGoGdg;1,000000000000000
EUW1_7798926022;2026-03-25T23:58:48Z;1207;420;Lulu;UTILITY;BOTTOM;0;0;3;6;4938;11;40;6328;13531;24;1;10;0PDOkrQZ1UtDt7kuGRer0YwiVvE5RyGQDKH45e6bJQgpCYCRqFnkO0wCuFBm0ROG4t4AnuqJB_AuaQ;2,000000000000000
EUW1_7798926022;2026-03-25T23:58:48Z;1207;420;Yone;TOP;JUNGLE;1;1;0;0;8355;216;21;8810;15043;8;1;14;7ULsUCKAQUTbTxNhg4X0d6bvG-7F5G5aRfENT7-6BmhrYfzkfIVl90h7OTZpyR5FyKaoGJZtucdRJg;1,000000000000000
EUW1_7798926022;2026-03-25T23:58:48Z;1207;420;Kindred;JUNGLE;JUNGLE;1;11;4;3;11905;176;18;18460;19011;8;1;14;9jTOJ07-QpH1wsYa_QVm1So1bhHl7tRZ24hCScqcd65OxwgAc51DnM0ITYm0UxT2x26oqLVSeIA5-w;3,500000000000000
EUW1_7798926022;2026-03-25T23:58:48Z;1207;420;Azir;MIDDLE;MIDDLE;1;5;3;4;9401;184;22;18083;12630;7;6;13;k8R2K3M-OoAkoWT7MYHBNR6VWj-JKRrT12pS7PefOGwesq_Qf-tmzzH8W1-mvdJzucrLcdgbvzp32w;3,000000000000000
EUW1_7798926022;2026-03-25T23:58:48Z;1207;420;Corki;BOTTOM;BOTTOM;1;1;2;6;9574;190;13;10291;13656;7;3;11;s_k5lM38Ax-qG4QIzxnc7vomEa0txwFSUv1NBdnDQtwvkUyK56OhIYULKtHl9VU_YNQT7UWZqWH2tQ;3,500000000000000
EUW1_7798926022;2026-03-25T23:58:48Z;1207;420;Nami;UTILITY;BOTTOM;1;0;1;12;6263;25;56;5750;7222;20;8;10;syZPkWpOSKi8WSBDx1Kwss96W5TnWG_RUq-3nFJ-6NGLwnOTXXNevdVhmCglfEs506OGjHnyR4Lczg;12,000000000000000
EUW1_7798885420;2026-03-25T23:14:24Z;1663;420;Jax;TOP;JUNGLE;1;17;4;9;16596;222;19;38289;37320;13;1;17;UgGjT27-Ca7RlkQh3ZlgJJMuchwjRffStyWLbFUwx7OSZ35t723CXDXnWjaLuCytN-iFdLIvpiTFng;6,500000000000000
EUW1_7798885420;2026-03-25T23:14:24Z;1663;420;Nocturne;JUNGLE;JUNGLE;1;5;4;13;12174;207;15;16835;35645;3;0;16;8rrdPqhfDH63AECZr21ZaJDhXEx7hWVorVgIKuedkpKqLj82MmtuTi2dF9RI_1pgOILnJWR9mfAeKw;4,500000000000000
EUW1_7798885420;2026-03-25T23:14:24Z;1663;420;Galio;MIDDLE;TOP;1;5;4;14;11187;190;23;18718;24334;10;4;16;q6XdSSP7yX3lQ2Qx-nxZ2W0qWGo1Teg1p4fyK-ueiPpFkWnDtf-UDRSlflUDVOFbRaKiDNbtk7ogRw;4,750000000000000
EUW1_7798885420;2026-03-25T23:14:24Z;1663;420;Hwei;BOTTOM;BOTTOM;1;12;2;13;15932;230;15;29602;12453;9;3;16;YHApCL-l-JvVHq0n6KefuwWbXg6mmQ0cTY0VESiU8bjAB8GgJJXdVt6-IfJ_-BRonGlh70eieh3igQ;12,500000000000000
EUW1_7798885420;2026-03-25T23:14:24Z;1663;420;Alistar;UTILITY;BOTTOM;1;0;3;26;8606;28;94;7152;25772;39;10;13;OYVTuUEbp6cqRCyU5UFA6Bvhp8tWBEcTh-5clvJMUW3JBDSDXDNirKjotF_HwqWVubfRGtuC93qbjg;8,666666666666666
EUW1_7798885420;2026-03-25T23:14:24Z;1663;420;Singed;TOP;JUNGLE;0;7;12;4;11183;183;20;34654;37726;10;0;15;21Yk7SkzmV6soRAL9Jz0NSJZjOl0Wfe5I_VwbVx9WHgsmqemruGYgZlNhRL2bqchVcDuAdFlrCYlwA;0,916666666666667
EUW1_7798885420;2026-03-25T23:14:24Z;1663;420;Viego;JUNGLE;JUNGLE;0;3;7;3;10436;203;17;10807;29989;3;2;15;k8R2K3M-OoAkoWT7MYHBNR6VWj-JKRrT12pS7PefOGwesq_Qf-tmzzH8W1-mvdJzucrLcdgbvzp32w;0,857142857142857
EUW1_7798885420;2026-03-25T23:14:24Z;1663;420;Vayne;MIDDLE;MIDDLE;0;3;7;6;10596;216;15;29317;24291;8;2;15;2vakuGydoEZOpsnFu9UhDjLG2xv1QlhbmtS9jvCXyiRWN7pbw9-LfFhQjdEvW1Xx4q87nNesniiQ_Q;1,285714285714286
EUW1_7798885420;2026-03-25T23:14:24Z;1663;420;Caitlyn;BOTTOM;BOTTOM;0;3;7;2;11661;187;12;13815;19020;8;2;14;QoY2p9TXW0MqJyJDSlr7pO3vsvNx3WLMoeQa5RsEDtv8GXTWuRg8Hzf4snmRKKHVQLSx5NvWM0Yovg;0,714285714285714
EUW1_7798885420;2026-03-25T23:14:24Z;1663;420;Bard;UTILITY;BOTTOM;0;1;6;10;7382;19;104;11536;21945;48;12;11;BRLg6A8ZPTWMV0rjk15NJtnA-JzFQGcMmbQrDIHapfE7JvaVVL_N-Nvjd9A5sso_RiR4p8XtC0R_Vg;1,833333333333333
EUW1_7798853200;2026-03-25T22:42:39Z;1618;420;Renekton;TOP;JUNGLE;0;3;6;1;8481;171;22;14949;40249;10;1;15;TgzGfu_Fi2ZXcQ7SCiGPpzw8Ch3M_mwWcntOQUAqN_np0QeSCWgT84-10VlDV97eqy5E0vAIz8lTow;0,666666666666667
EUW1_7798853200;2026-03-25T22:42:39Z;1618;420;Graves;JUNGLE;JUNGLE;0;7;3;4;12210;220;36;20558;28089;6;7;15;uhT1SCc8Pm0Omi1DDB084Q9hpcbbvNx-6Cy5DZmOu2LpjbHEJWLluyj97_nzNrVfi11PKTkKCjhPKQ;3,666666666666667
EUW1_7798853200;2026-03-25T22:42:39Z;1618;420;Akali;MIDDLE;MIDDLE;0;5;8;1;10283;229;19;16680;29226;8;3;15;k8R2K3M-OoAkoWT7MYHBNR6VWj-JKRrT12pS7PefOGwesq_Qf-tmzzH8W1-mvdJzucrLcdgbvzp32w;0,750000000000000
EUW1_7798853200;2026-03-25T22:42:39Z;1618;420;Corki;BOTTOM;BOTTOM;0;3;6;2;10822;221;19;20760;25843;9;4;14;_N1luLek8-n0EhIFB8qkPcrGX5js1kunTtKXoOhTtia4SPgWG0e92Uj_kcYJWnax0Nvr0MAdqPFang;0,833333333333333
EUW1_7798853200;2026-03-25T22:42:39Z;1618;420;Nami;UTILITY;BOTTOM;0;0;4;11;7232;33;84;9310;24341;30;10;11;cBYBvtq32HwopvFDRnUaiMKLQt3uw4GgkN_32FLr8MJBH4td4aHZRkrs11IZ49qgiYsmXkHQmOwXaQ;2,750000000000000
EUW1_7798853200;2026-03-25T22:42:39Z;1618;420;Kennen;TOP;JUNGLE;1;3;5;6;11329;232;20;25041;21939;8;3;17;LwabmMqW406NJWCBOq_tLxdAFxjIbQ3yW7c3kUeTOKtGyES8CJUzdLlpPleYfEK8aVlrJaqxFLKKpw;1,800000000000000
EUW1_7798853200;2026-03-25T22:42:39Z;1618;420;JarvanIV;JUNGLE;JUNGLE;1;4;1;16;12659;203;40;16909;29728;10;3;17;DwLqK8rlvrGnJ8qly7WL3kbNQpfOpKfkSt3-eBIaZB41AoC2gLjdYwIekv2IaTvNv0OKq2TxUHdLRQ;20,000000000000000
EUW1_7798853200;2026-03-25T22:42:39Z;1618;420;Ahri;MIDDLE;MIDDLE;1;9;2;7;13694;246;19;29757;16381;4;3;17;7ULsUCKAQUTbTxNhg4X0d6bvG-7F5G5aRfENT7-6BmhrYfzkfIVl90h7OTZpyR5FyKaoGJZtucdRJg;8,000000000000000
EUW1_7798853200;2026-03-25T22:42:39Z;1618;420;Ezreal;BOTTOM;MIDDLE;1;10;4;3;14723;255;19;42666;22389;10;3;15;TdW-P0_lRAFC1JxIUT2qpfCVB4Fpui64owEIM0Vyxl4YiO_rlYnTNVOY9dTm8ug5fYhsh4lB7cc74A;3,250000000000000
EUW1_7798853200;2026-03-25T22:42:39Z;1618;420;Karma;UTILITY;BOTTOM;1;1;6;13;8229;28;90;12222;22159;38;13;13;5Mdph1Wgl2mR4bvDQ-Kxviy-icGYF9TPa8Uch7sjcBDnn7R25HHtWBcJk669NErHHk1hsEYuctFCtQ;2,333333333333333
EUW1_7798824687;2026-03-25T22:14:20Z;936;420;Varus;TOP;NONE;0;1;3;0;5637;140;9;11613;9567;5;0;12;LwabmMqW406NJWCBOq_tLxdAFxjIbQ3yW7c3kUeTOKtGyES8CJUzdLlpPleYfEK8aVlrJaqxFLKKpw;0,333333333333333
EUW1_7798824687;2026-03-25T22:14:20Z;936;420;MasterYi;JUNGLE;NONE;0;2;2;1;6459;116;11;3010;8429;3;1;10;IhogPExnnKi3bHlmT6XX3ebI5AWU7vJI_CDPRqK2d_iE3FBvhuMRZzogz2k6e9O47NXE3MWUZIxsVA;1,500000000000000
EUW1_7798824687;2026-03-25T22:14:20Z;936;420;Sylas;MIDDLE;NONE;0;3;2;1;6557;127;7;11978;13322;4;0;11;k8R2K3M-OoAkoWT7MYHBNR6VWj-JKRrT12pS7PefOGwesq_Qf-tmzzH8W1-mvdJzucrLcdgbvzp32w;2,000000000000000
EUW1_7798824687;2026-03-25T22:14:20Z;936;420;Twitch;BOTTOM;NONE;0;1;3;1;5572;113;5;3805;8294;5;0;10;qSvvxSrqg-N95r6veoIftYVf7TeYgmqmcHVA1IZ_u1_5NHm0mKpFc3zRwKNG9_TZ4kedoD8SHeho9A;0,666666666666667
EUW1_7798824687;2026-03-25T22:14:20Z;936;420;Rakan;UTILITY;NONE;0;0;5;3;3654;27;31;1435;9361;15;4;7;lhAQTYQyVzl8X9OeLVXbfMqpdo6Ls2xGOsK2blQRzLZxX-SrbxTp-h48FHwIRbt9yJPwveOrCiCxtA;0,600000000000000
EUW1_7798824687;2026-03-25T22:14:20Z;936;420;Jax;TOP;NONE;1;1;2;1;4761;99;6;4124;11454;5;0;11;TgzGfu_Fi2ZXcQ7SCiGPpzw8Ch3M_mwWcntOQUAqN_np0QeSCWgT84-10VlDV97eqy5E0vAIz8lTow;1,000000000000000
EUW1_7798824687;2026-03-25T22:14:20Z;936;420;Graves;JUNGLE;NONE;1;3;1;3;7238;154;16;5599;6632;3;2;12;uhT1SCc8Pm0Omi1DDB084Q9hpcbbvNx-6Cy5DZmOu2LpjbHEJWLluyj97_nzNrVfi11PKTkKCjhPKQ;6,000000000000000
EUW1_7798824687;2026-03-25T22:14:20Z;936;420;Akali;MIDDLE;NONE;1;3;3;0;5911;133;6;12680;14844;4;0;12;nCEIqNQfDq1J1olMVCVho6z2cw029k4tjwp2Gxh2ergm9rSqt8nVVLEMzlCoDsSp4lqHxXqEtR2G3w;1,000000000000000
EUW1_7798824687;2026-03-25T22:14:20Z;936;420;Sivir;BOTTOM;NONE;1;7;1;4;9956;151;8;13092;6894;3;2;10;cBYBvtq32HwopvFDRnUaiMKLQt3uw4GgkN_32FLr8MJBH4td4aHZRkrs11IZ49qgiYsmXkHQmOwXaQ;11,000000000000000
EUW1_7798824687;2026-03-25T22:14:20Z;936;420;Lulu;UTILITY;NONE;1;1;0;10;5405;23;29;4491;4391;13;3;9;P9HvQprvLEaqg9vrXuG4oS5YU8onregNxQbW5qqfWyxbSPOS2gGPkSRAM1He9IdnH4aq6DXNGd6c4Q;11,000000000000000
EUW1_7798739912;2026-03-25T21:17:09Z;1453;420;Varus;TOP;JUNGLE;1;16;6;4;15959;203;19;36418;24033;8;1;17;QJEuOCzRHMVDnlsPguEy1UQ20T6So4Z6Y8TpVi3yQknAYcNqpKTmFmMbaEocLRPD_leTMoSS4L5J-g;3,333333333333333
EUW1_7798739912;2026-03-25T21:17:09Z;1453;420;Nocturne;JUNGLE;JUNGLE;1;2;3;15;10785;162;18;14319;31044;3;4;15;aRJOFgBLth56ldSBftRa9MpAX7oyEnPrHcMdVo8Te85Fd10ntzvJOm68Rv0R-mYqG8p6Eb7ctq9UUQ;5,666666666666667
EUW1_7798739912;2026-03-25T21:17:09Z;1453;420;Ahri;MIDDLE;MIDDLE;1;2;3;9;9138;154;24;12801;16616;10;2;15;ECTA5YTjgExVmWQu-bybEUIZyZ1x2V6bX7pSN3thFadMr1xybYNvpHEBs29voQoYkG4wiIwmcM_Jzg;3,666666666666667
EUW1_7798739912;2026-03-25T21:17:09Z;1453;420;Lucian;BOTTOM;BOTTOM;1;10;1;6;15495;240;18;22630;12943;9;1;15;PZ4p7lcRlnsuIyWzNGRyksAHSriUpVjl2k3ydAZ9xvkKgAzdq0nSzgyAijkFLIA4tiA-o-dNCYhynA;16,000000000000000
EUW1_7798739912;2026-03-25T21:17:09Z;1453;420;Pyke;UTILITY;BOTTOM;1;8;7;13;9854;19;69;12012;16532;28;7;12;s0ruEJ2ChhabxkflvO3RcYqW6vHlbcRMm04lf0N9VtAvymxL2lqcach73KNSpjKI8chjByWCbuSgxw;3,000000000000000
EUW1_7798739912;2026-03-25T21:17:09Z;1453;420;KSante;TOP;TOP;0;0;8;5;7046;146;19;4428;26495;8;2;15;sGRIe9Czp1Vo_6WaEBX9PTGywMruJh769LD4h9pkGbFvffSml0i6AmublxjIrrBIvV3ZdqEPChLv-A;0,625000000000000
EUW1_7798739912;2026-03-25T21:17:09Z;1453;420;Rengar;JUNGLE;JUNGLE;0;10;8;4;12790;174;20;21540;28134;8;0;14;K7sK_kFZoIcT-0vtVefYihQSe3ojjb2ri_P7HWceGQ8Gs2wn8g-BJJWzscUX8VV_EDura_srb9_Xyw;1,750000000000000
EUW1_7798739912;2026-03-25T21:17:09Z;1453;420;Azir;MIDDLE;MIDDLE;0;4;7;3;10171;217;14;17000;17646;8;0;14;k8R2K3M-OoAkoWT7MYHBNR6VWj-JKRrT12pS7PefOGwesq_Qf-tmzzH8W1-mvdJzucrLcdgbvzp32w;1,000000000000000
EUW1_7798739912;2026-03-25T21:17:09Z;1453;420;Jinx;BOTTOM;BOTTOM;0;1;9;9;10161;172;20;13003;19565;7;4;12;j868g62cYsfvy-v_WOLfmTY2h7uYp9YtqD0cd6avVDHFxNeZNXbu-d9xelYU-UJlIgKwI4RIOxippQ;1,111111111111111
EUW1_7798739912;2026-03-25T21:17:09Z;1453;420;Pantheon;UTILITY;BOTTOM;0;5;6;3;8151;40;61;13129;20783;23;5;11;5mCGStxrVQopPyl0ITpvC0GuxWRxNdiQS99fpBpey-YHYnUg0mcW9yp97bgbkuLLmwR4sLmUZBpShg;1,333333333333333
EUW1_7798497156;2026-03-25T18:41:51Z;1732;420;Fiora;TOP;JUNGLE;1;13;8;7;15173;200;39;29927;39811;10;8;16;JmAY8WV8p_th9GdQXkkqYB6Y-_kqBNii9kzX1DP_feEl0aEJum3yr05twHwmBH_6gLjN0yWTzqKbfw;2,500000000000000
EUW1_7798497156;2026-03-25T18:41:51Z;1732;420;Naafiri;JUNGLE;JUNGLE;1;9;3;11;13927;204;22;17070;25958;3;3;17;16AWWi0c5rOEQ_2CqaSa7-D_IhgFg47F1-3zi6AnQKVd31sEoU3xOncQMJNrJxqYefR1N6Ij2TYeJQ;6,666666666666667
EUW1_7798497156;2026-03-25T18:41:51Z;1732;420;Ahri;MIDDLE;MIDDLE;1;12;7;12;14851;249;19;34785;23771;7;2;17;k8R2K3M-OoAkoWT7MYHBNR6VWj-JKRrT12pS7PefOGwesq_Qf-tmzzH8W1-mvdJzucrLcdgbvzp32w;3,428571428571428
EUW1_7798497156;2026-03-25T18:41:51Z;1732;420;Ezreal;BOTTOM;BOTTOM;1;6;7;16;16397;250;14;31850;26779;8;2;15;ZcMN44gq4qb13I3kgcFL47V6CR6eC5NlNevDK8YAy1z2UXOnwN_aLs6tFY2VmU5LlDFZImCDPU75IA;3,142857142857143
EUW1_7798497156;2026-03-25T18:41:51Z;1732;420;Nami;UTILITY;BOTTOM;1;5;4;22;10633;31;97;11077;15084;38;7;13;Mxbt4wKq-UtYyrVNQXmXSZUGxlq2-UDpOkG2nY7VpHA58zGHI43OFERql7hclf_4G3X6D6X-PLfDbA;6,750000000000000
EUW1_7798497156;2026-03-25T18:41:51Z;1732;420;Cassiopeia;TOP;JUNGLE;0;7;10;4;13594;236;34;25210;34221;13;0;18;MD2R4qeel-bJBBvMfDkt8QhkF1bY1U7RX8CRohHNMw2J3zZUP76p0f8VKpM9IlwGmZzbI0k4Ljx-ig;1,100000000000000
EUW1_7798497156;2026-03-25T18:41:51Z;1732;420;MasterYi;JUNGLE;JUNGLE;0;13;10;2;16750;184;33;29578;37209;9;4;15;sho52nIAW4e_F0MaLXioZol7MIED2ULWZ4FqErx-6SADBXemTeKSUjx9uOZLgYe7nr2R6TBpc4Rhhw;1,500000000000000
EUW1_7798497156;2026-03-25T18:41:51Z;1732;420;Seraphine;MIDDLE;MIDDLE;0;3;7;9;11396;225;9;14660;24425;5;0;16;FNDpQ_IyHiold2d0Z0WDxqeFdegEdU_y51t05m6hmzc6bRa-XsWDnecQFfYsfYTi8HZJTbAnf2rxMw;1,714285714285714
EUW1_7798497156;2026-03-25T18:41:51Z;1732;420;Sivir;BOTTOM;BOTTOM;0;3;6;5;12737;247;20;14614;19157;10;2;15;g7TvRb5he7aZ73uyLk7FW4mEH9dn2uAtlsj2seZZNhrtVzhghiHLJrds432jak1a29Fw0Q1Fo7SHRw;1,333333333333333
EUW1_7798497156;2026-03-25T18:41:51Z;1732;420;Bard;UTILITY;BOTTOM;0;3;12;16;9155;18;118;18126;34229;46;9;13;aUhWwPCXcQNm-YhtmX8C7Ka1wXAPC8lWi1JRFYN8T-vCAiua8PuQmLWNWYhyMTn5jdezS1By9R4dZA;1,583333333333333
EUW1_7798174260;2026-03-25T14:45:25Z;1348;420;Ornn;TOP;JUNGLE;0;4;8;3;7550;143;19;13866;29558;8;0;13;WMDycGoFyZqGTB-cfhu4tXf_Cxqdl9vy9xPZS_Y_fUL_9krvfxitYwIUA-eQzAySS8CqR6IoMuaVbg;0,875000000000000
EUW1_7798174260;2026-03-25T14:45:25Z;1348;420;Viego;JUNGLE;JUNGLE;0;8;6;2;11258;171;18;16525;23855;7;2;14;k8R2K3M-OoAkoWT7MYHBNR6VWj-JKRrT12pS7PefOGwesq_Qf-tmzzH8W1-mvdJzucrLcdgbvzp32w;1,666666666666667
EUW1_7798174260;2026-03-25T14:45:25Z;1348;420;Ahri;MIDDLE;MIDDLE;0;1;7;6;8605;192;16;19450;20739;6;3;14;GJPruGI6uD-1B2GWbQgOU9BFZGhwXtq-nrHvHjg13_CoDuSVnVdijbC49ZLQZ_CIGYnVJARyrEX7gQ;1,000000000000000
EUW1_7798174260;2026-03-25T14:45:25Z;1348;420;Cassiopeia;BOTTOM;BOTTOM;0;3;9;5;7939;139;9;10490;19314;7;0;11;-r_LpRzsxevxrqIkswFv8CjhXK2dSGmxAr4lQCh34929l4DmKOtBIVJhOqEmhx__slblFjGUiK2fyw;0,888888888888889
EUW1_7798174260;2026-03-25T14:45:25Z;1348;420;Seraphine;UTILITY;BOTTOM;0;3;9;8;7192;22;56;7684;20929;20;6;10;C-c5J3mNMt2bcpdcI2GDv9FQiqOTgITam-AEy6V4rdXGiKQKJ4CFdax_qTv0BP8FwuP30Gb0NEBWSw;1,222222222222222
EUW1_7798174260;2026-03-25T14:45:25Z;1348;420;Darius;TOP;TOP;1;7;6;2;9756;175;16;21757;26166;9;0;15;kWhmhWGTVarYk8oeXo-X-8DXNaqV3ixP8BVWatIBoZq9CYGz8kY7Z5hhCh63wDCTeDp6TX5B0welrw;1,500000000000000
EUW1_7798174260;2026-03-25T14:45:25Z;1348;420;Ekko;JUNGLE;JUNGLE;1;13;1;10;14805;183;17;22534;21002;2;2;15;Lw3zXq4c1zCe27S4hZCXjhmMJ5HB7r1BME9lDDTu0upymIbfqGdJu6bQztQpy9-by6XxyOQlHeSFUg;23,000000000000000
EUW1_7798174260;2026-03-25T14:45:25Z;1348;420;Annie;MIDDLE;MIDDLE;1;5;3;10;9886;161;20;19894;12177;9;2;15;tqTnVIIppR6CDCANxp2aBhapnHJAlZCti2Y7wPJO47B-SAD3iB6jPJ5gbZb7m04nEZ9uOI5M_ti_5g;5,000000000000000
EUW1_7798174260;2026-03-25T14:45:25Z;1348;420;Samira;BOTTOM;BOTTOM;1;7;7;11;12245;185;13;18411;22332;7;3;14;gCMw53JxMyrdOWT_Jhp6OTjEbEps8lyABQxSGu3ZVhDX2W2_4ypgTExzNDkHBfFRgpCl8JjIfUTvGQ;2,571428571428572
EUW1_7798174260;2026-03-25T14:45:25Z;1348;420;Pyke;UTILITY;BOTTOM;1;7;2;17;10299;23;67;14991;11880;26;11;13;LR6pmJWsRdBo7RH3UGdYocHDRSuAjZqfIfk5vMBevdrBrneli27M8R-pB_T13JYejDOarJ20BaXFag;12,000000000000000
EUW1_7798147688;2026-03-25T14:15:50Z;1366;420;Trundle;TOP;JUNGLE;1;6;2;4;13071;219;16;17533;27373;9;0;16;24ySmE1ybiulkrGRwI9FSSuUSv0DF4EHZViUUE7S6zHYB8d8h1ilqie3gsD7ebNs_g0pJ1cIf4yu2g;5,000000000000000
EUW1_7798147688;2026-03-25T14:15:50Z;1366;420;Zaahen;JUNGLE;JUNGLE;1;7;1;8;12015;200;28;21715;30544;4;3;15;MqzCAQwoZ-sL37tHGlGUrJ5fNwarlzR13CaucogQPMI7kOBJJoxW6j2rKD2pW6ByFNjw0Hj9udY1Fg;15,000000000000000
EUW1_7798147688;2026-03-25T14:15:50Z;1366;420;Ekko;MIDDLE;BOTTOM;1;6;3;4;9700;164;17;17948;21408;8;0;14;0eGRZQKaVFsctRdxhbo4yI3BHwstUq_j2ULpeLjWvHNLUllrMPPQ_ynN0imli_uDL_agDZOAlchipQ;3,333333333333333
EUW1_7798147688;2026-03-25T14:15:50Z;1366;420;Corki;BOTTOM;BOTTOM;1;11;4;6;11362;139;14;25846;19400;6;2;13;EHWUoARCUUiqMz0-g1gW-SQRdeKGlzuf3KR0Em5RRYresEVS46VfEANCGJCEQ0_8Hq-1EiSXi86iNw;4,250000000000000
EUW1_7798147688;2026-03-25T14:15:50Z;1366;420;Bard;UTILITY;BOTTOM;1;2;5;17;8322;21;54;18867;19069;28;2;13;FwiVNxV1LdtXXxXONpGqRGsAdK5AFgPyg8N-YB41Bt6TWMYGq_4f2SnbafHzth0sRrOQiyBjWuuNQg;3,800000000000000
EUW1_7798147688;2026-03-25T14:15:50Z;1366;420;Rumble;TOP;JUNGLE;0;3;6;3;8493;159;15;14053;15956;6;0;14;WMDycGoFyZqGTB-cfhu4tXf_Cxqdl9vy9xPZS_Y_fUL_9krvfxitYwIUA-eQzAySS8CqR6IoMuaVbg;1,000000000000000
EUW1_7798147688;2026-03-25T14:15:50Z;1366;420;Briar;JUNGLE;JUNGLE;0;5;5;1;8854;126;12;17411;31174;0;2;12;vBJK0GuNWb0jnFm7vAxkBXx2K1NBhoMS3D4BPu0sUtsjtD-hokXaPwGKQyoFxxEH81xBtoDl3wVupA;1,200000000000000
EUW1_7798147688;2026-03-25T14:15:50Z;1366;420;Sylas;MIDDLE;TOP;0;1;8;1;7090;158;18;20158;36058;6;0;13;k8R2K3M-OoAkoWT7MYHBNR6VWj-JKRrT12pS7PefOGwesq_Qf-tmzzH8W1-mvdJzucrLcdgbvzp32w;0,250000000000000
EUW1_7798147688;2026-03-25T14:15:50Z;1366;420;Ezreal;BOTTOM;BOTTOM;0;4;9;6;9681;158;16;27004;27222;7;2;12;3GI5EEqagVlLLL6zcF73VNuRbZpiYFxQMn6qr5x5HWRtnUF49oEOmp_DmlpCmzGlK3FPAh4_axq8zA;1,111111111111111
EUW1_7798147688;2026-03-25T14:15:50Z;1366;420;Nami;UTILITY;BOTTOM;0;2;4;7;6621;34;55;12853;15090;23;5;11;0DAZAXwczE2eLabG9YBsLwCUULDfc7sBO7-ZTvNshQcyu8XaysrBa8_FT3ZeAcFgqPKilnxiypSMig;2,250000000000000
EUW1_7801787055;2026-03-28T12:59:37Z;913;420;Varus;TOP;NONE;0;3;2;1;6618;132;13;13238;9413;5;0;12;Jvhqa6VfVDHakYy_BiMaTQ7BOhdBjpAtvPat-oPkbN92-Sqi2LH6c4Xb6qRaKJUmZUpr3d5YFKTjvQ;2,000000000000000
EUW1_7801787055;2026-03-28T12:59:37Z;913;420;Graves;JUNGLE;NONE;0;2;5;0;6212;118;15;8234;11900;4;1;10;CcxMn9yFLDfmDMrpNY2Fdj-ehQwApf7HfwY97RF7m4Y6YkBjN_qd_iCACuRbSsNOEo31Go_u7AvCmw;0,400000000000000
EUW1_7801787055;2026-03-28T12:59:37Z;913;420;Sylas;MIDDLE;NONE;0;0;5;0;3402;60;6;6037;12621;4;0;9;FFeVQZ5H-bqiJADuZPFbroqoNb4sZI_nivdJAG-un7vHwaOnGyWxL2zuxA_Y71OvFRoFPd5pjEUu9w;0,000000000000000
EUW1_7801787055;2026-03-28T12:59:37Z;913;420;Veigar;BOTTOM;NONE;0;0;3;0;4637;106;7;3158;7143;5;0;9;1OyY0JW1NfymEtkkGdDxeiSmbIRoORslGf0e3Kigde9uRcoVw8haCBBFA0p8eh8NgAXJV4Bmf5U4zw;0,000000000000000
EUW1_7801787055;2026-03-28T12:59:37Z;913;420;Nami;UTILITY;NONE;0;0;7;1;3616;27;27;3824;10982;10;4;7;TvSHN5uET_wmdgsWK6O7CY54wnpBSxl_IKJ8Yx0eT_ht_4Chrdz-vAIqMfATCweLre5LgTtTaeGlJw;0,142857142857143
EUW1_7801787055;2026-03-28T12:59:37Z;913;420;Ambessa;TOP;NONE;1;1;3;1;4517;86;9;3959;12084;4;0;11;Lew0xW50uOBEGt_UZRaBcu7fy14noI2IpEMXyYBwwQJtDCKY2I_4TXt-mZlOKufrW9qmyJ_-ohOXig;0,666666666666667
EUW1_7801787055;2026-03-28T12:59:37Z;913;420;JarvanIV;JUNGLE;NONE;1;1;0;11;6001;93;19;7587;10392;5;2;10;iGRQHpIzIf1rBJK9MlXeMN-qdyVWoirS33XISBj8MZVo9JuyDXxtIqP6C-Ffoj_9ySGpsv0fzvAssg;12,000000000000000
EUW1_7801787055;2026-03-28T12:59:37Z;913;420;Orianna;MIDDLE;NONE;1;5;0;2;7822;158;10;7238;4648;6;1;12;XuPtiC_SQWb-ny012jI7dnOIRFfFhATp_5fyIEror6xvourzaVuXu5MNrR0CSesJICGFG548BDHVfA;7,000000000000000
EUW1_7801787055;2026-03-28T12:59:37Z;913;420;MissFortune;BOTTOM;NONE;1;9;0;6;9863;165;13;15070;7120;6;2;11;8s527GUiTrm4V8lLZxtw9GJjsMUdnW8jEhzV1M9XeepM6m1WqA0FhOrllKSsxGZShkz9RtsfXPAsoQ;15,000000000000000
EUW1_7801787055;2026-03-28T12:59:37Z;913;420;Neeko;UTILITY;NONE;1;6;2;9;6122;11;47;9577;10603;22;5;8;c6uFLtKf1H5_IYmWK5GWDfmZBDkgiNm26m29Lrg7-2aytwe2iRZT7GPLd36J0le0aIergkfRT59YZQ;7,500000000000000
EUW1_7801663078;2026-03-28T10:57:37Z;1706;420;Gragas;TOP;JUNGLE;1;1;4;8;10383;215;22;20357;38525;11;0;18;bzA4mANzdPKUH98E_0ajjnH5Sjdt4EvNV_xFOWE9zSlwQf-q-FJbiv3j9Sv9iNA-1cartJBADRuMNQ;2,250000000000000
EUW1_7801663078;2026-03-28T10:57:37Z;1706;420;Aatrox;JUNGLE;JUNGLE;1;9;3;10;15464;269;43;28430;47411;6;5;18;CcxMn9yFLDfmDMrpNY2Fdj-ehQwApf7HfwY97RF7m4Y6YkBjN_qd_iCACuRbSsNOEo31Go_u7AvCmw;6,333333333333333
EUW1_7801663078;2026-03-28T10:57:37Z;1706;420;Ryze;MIDDLE;MIDDLE;1;6;3;2;13650;259;33;20997;23522;13;6;17;JeMK2wyAhZnejduBu2vBMcz5aYexWoQ6YpO5gFVyCnt7pIODQ0iZrGajPDFwMPVtsZJO3LiXvigjPA;2,666666666666667
EUW1_7801663078;2026-03-28T10:57:37Z;1706;420;Samira;BOTTOM;BOTTOM;1;20;8;8;19821;230;27;45676;28418;12;2;16;cPRMAJ2ncCvKOdTJC-OU1f7YKKeGZLlgUtCY_qkm86cLbBVUbMc2vx7UEVFRo8DbHBzzx4-KQ62ZxQ;3,500000000000000
EUW1_7801663078;2026-03-28T10:57:37Z;1706;420;Nautilus;UTILITY;TOP;1;2;8;24;9995;24;91;11307;25990;39;6;14;xJFUQyEygDPZk-JUw4Ybdh3Pqd59Y-56CqWn9sZ-4Y9jydoPM5Q-BbkKNJb3s5y5y0OOulZ0uCLMAw;3,250000000000000
EUW1_7801663078;2026-03-28T10:57:37Z;1706;420;Jax;TOP;JUNGLE;0;3;6;3;11759;254;30;21072;34812;13;2;16;uEVulS951jyD3xjeaj1F-s_7KSSu9BffEU4kPR3F6PAw5J2aiOVEHd8anDRszElZ7KeqY0JY27AqZQ;1,000000000000000
EUW1_7801663078;2026-03-28T10:57:37Z;1706;420;DrMundo;JUNGLE;JUNGLE;0;2;5;11;10848;198;40;21785;40201;7;6;15;dbYHROKukWY3q4-cbbIH8fkL6a4Vy9rcw2RR8VbVn5plhl7GvUgZocq-PlbjkDWXtx7zwH8FzFLSfQ;2,600000000000000
EUW1_7801663078;2026-03-28T10:57:37Z;1706;420;Katarina;MIDDLE;MIDDLE;0;7;6;4;13333;243;15;31237;33151;4;2;16;LSVqhJ5AFujrstuSL32qrLNqGqhsxy9BTY7dlmS4GjxI7nstQYMXpVIZZE6N3sQAwpvg0GIOdBMLDA;1,833333333333333
EUW1_7801663078;2026-03-28T10:57:37Z;1706;420;KogMaw;BOTTOM;BOTTOM;0;13;10;4;16891;217;19;36348;24204;9;6;15;j868g62cYsfvy-v_WOLfmTY2h7uYp9YtqD0cd6avVDHFxNeZNXbu-d9xelYU-UJlIgKwI4RIOxippQ;1,700000000000000
EUW1_7801663078;2026-03-28T10:57:37Z;1706;420;Taliyah;UTILITY;BOTTOM;0;1;11;15;8928;59;86;19372;23518;32;9;13;DwLqK8rlvrGnJ8qly7WL3kbNQpfOpKfkSt3-eBIaZB41AoC2gLjdYwIekv2IaTvNv0OKq2TxUHdLRQ;1,454545454545455
EUW1_7801197868;2026-03-27T22:15:22Z;1887;420;Ambessa;TOP;JUNGLE;0;6;5;4;12311;227;29;27031;36616;11;1;18;tV4zjd_ekJx7eLVfuo2oqG8FeImkpGU547UFCGiOz3k09cSLQrE9oOFfCF15IBMbtL5HugNyWMEg3w;2,000000000000000
EUW1_7801197868;2026-03-27T22:15:22Z;1887;420;Nidalee;JUNGLE;JUNGLE;0;9;6;6;14625;233;50;28944;31979;4;14;16;Y_y_8LDSJQpFNrW2yfnPSi9dYYEsOCnmixxeC7HCAM5LeVwAMa0qz8cojDPN1_JwFGdjgVQQBCdz-Q;2,500000000000000
EUW1_7801197868;2026-03-27T22:15:22Z;1887;420;Yone;MIDDLE;MIDDLE;0;6;4;2;14403;308;28;37335;42883;13;3;17;2vakuGydoEZOpsnFu9UhDjLG2xv1QlhbmtS9jvCXyiRWN7pbw9-LfFhQjdEvW1Xx4q87nNesniiQ_Q;2,000000000000000
EUW1_7801197868;2026-03-27T22:15:22Z;1887;420;Ezreal;BOTTOM;BOTTOM;0;3;5;6;14363;274;24;29994;23182;10;6;15;k1e-OjeuDd3M2qcGsFZlCYjlivqDXxii8U4Qje3Cez22kyoS494YAKJynPWrOR-v79NgTsZnHrc4UA;1,800000000000000
EUW1_7801197868;2026-03-27T22:15:22Z;1887;420;Braum;UTILITY;BOTTOM;0;0;7;14;8590;25;129;5376;28268;53;10;12;M4E37U7wS-eBjtZ5QZaUDtb-QaJaIqJ7P21pJhq_NJBeF6e4ZPWfD5nlIK_5D0VMapvqmMc-qg6J9w;2,000000000000000
EUW1_7801197868;2026-03-27T22:15:22Z;1887;420;Camille;TOP;JUNGLE;1;4;6;10;13222;255;32;30606;48210;12;1;19;6xm7DgM4Rgqw_opKWbM5xF5KU0Jk4svq76MWzcLAri6enJOAM2phOmjvPMDagxd_jZPkpG5Vby_F0Q;2,333333333333333
EUW1_7801197868;2026-03-27T22:15:22Z;1887;420;Vi;JUNGLE;JUNGLE;1;5;7;15;13654;175;32;27539;41886;6;5;17;CcxMn9yFLDfmDMrpNY2Fdj-ehQwApf7HfwY97RF7m4Y6YkBjN_qd_iCACuRbSsNOEo31Go_u7AvCmw;2,857142857142857
EUW1_7801197868;2026-03-27T22:15:22Z;1887;420;Syndra;MIDDLE;MIDDLE;1;3;3;3;12885;261;23;23233;16358;9;4;16;hWqb2PlH0aEfqmQDEOLTkIUpFOlUXAiG97yjcIgnvJAhYJpgZ_AYEjnP1hwgXcPRbSS7XWWyZgv-Wg;2,000000000000000
EUW1_7801197868;2026-03-27T22:15:22Z;1887;420;MissFortune;BOTTOM;BOTTOM;1;13;3;4;19992;302;49;31983;19870;11;13;17;8s527GUiTrm4V8lLZxtw9GJjsMUdnW8jEhzV1M9XeepM6m1WqA0FhOrllKSsxGZShkz9RtsfXPAsoQ;5,666666666666667
EUW1_7801197868;2026-03-27T22:15:22Z;1887;420;Nautilus;UTILITY;BOTTOM;1;2;5;17;9602;31;123;11733;34012;58;10;15;c6uFLtKf1H5_IYmWK5GWDfmZBDkgiNm26m29Lrg7-2aytwe2iRZT7GPLd36J0le0aIergkfRT59YZQ;3,800000000000000
EUW1_7801135448;2026-03-27T21:40:13Z;1713;420;Akali;TOP;JUNGLE;1;10;3;8;12957;220;18;33987;28913;6;0;18;DyGz9de9kQiBlP8XIZuannbphrbby2NADFlUyrnWbuXDjzVrOcNd6T9oUmjWswnXxmiaGiXaGJDzOg;6,000000000000000
EUW1_7801135448;2026-03-27T21:40:13Z;1713;420;Graves;JUNGLE;JUNGLE;1;13;3;5;17575;311;42;19376;23745;8;8;18;Q0bHa1GD2cmM_DnYvwzaY0UOi7C_75uPuDgg3y3JO3GKXoN-hOCHx34TffrZ4VQnW9go-FiHHUryrw;6,000000000000000
EUW1_7801135448;2026-03-27T21:40:13Z;1713;420;Yasuo;MIDDLE;TOP;1;8;10;7;11648;191;28;23099;29964;12;3;15;mvWFO_h11_FeeVo2AxgGVcv-OB_qSR5qchK-gCyQfc_dDmDj6-COalVxNCTSjOXBDHy0TnYHeBgA6g;1,500000000000000
EUW1_7801135448;2026-03-27T21:40:13Z;1713;420;MissFortune;BOTTOM;TOP;1;12;7;12;17204;228;19;32399;22758;8;3;15;8s527GUiTrm4V8lLZxtw9GJjsMUdnW8jEhzV1M9XeepM6m1WqA0FhOrllKSsxGZShkz9RtsfXPAsoQ;3,428571428571428
EUW1_7801135448;2026-03-27T21:40:13Z;1713;420;Rell;UTILITY;BOTTOM;1;3;8;24;9994;28;108;14599;29827;43;11;13;c6uFLtKf1H5_IYmWK5GWDfmZBDkgiNm26m29Lrg7-2aytwe2iRZT7GPLd36J0le0aIergkfRT59YZQ;3,375000000000000
EUW1_7801135448;2026-03-27T21:40:13Z;1713;420;Fiora;TOP;JUNGLE;0;0;11;6;8667;162;34;12481;33562;10;3;14;Y_y_8LDSJQpFNrW2yfnPSi9dYYEsOCnmixxeC7HCAM5LeVwAMa0qz8cojDPN1_JwFGdjgVQQBCdz-Q;0,545454545454545
EUW1_7801135448;2026-03-27T21:40:13Z;1713;420;LeeSin;JUNGLE;JUNGLE;0;9;7;7;14767;196;26;27014;32857;14;2;15;TR05oZrWL3_VOUVG4yYAOkfe8JGhHsOVLDp8xo4M2bgcOOsSZdH6paGgB1v3bwJ7CxoSDfcphJF2HQ;2,285714285714286
EUW1_7801135448;2026-03-27T21:40:13Z;1713;420;Galio;MIDDLE;TOP;0;5;11;9;12121;194;15;19543;33132;11;0;16;CcxMn9yFLDfmDMrpNY2Fdj-ehQwApf7HfwY97RF7m4Y6YkBjN_qd_iCACuRbSsNOEo31Go_u7AvCmw;1,272727272727273
EUW1_7801135448;2026-03-27T21:40:13Z;1713;420;Mel;BOTTOM;BOTTOM;0;16;8;2;17149;238;30;35584;20431;13;1;16;Ul2GooCvyq7ybRdehyI4qagmXxaNbyWzCFLr7SfUqunNHR79pTd06gCcyhNostcTXZOcHrrwk76tIg;2,250000000000000
EUW1_7801135448;2026-03-27T21:40:13Z;1713;420;Karma;UTILITY;BOTTOM;0;0;10;15;8154;19;90;11916;26367;47;10;13;XvkA4Zte2YwZByFe0y-7gS1XjXWFtFdg3GC5V7h0FdZxbrvfI7wTP5p7m7dBfSajdlVoCRmebMkPmA;1,500000000000000
EUW1_7801057380;2026-03-27T20:50:57Z;1921;420;Varus;TOP;JUNGLE;1;5;4;9;13111;246;21;28069;20443;9;1;17;OpaVVLIufo6i3x-J-Mm1mE6Y1AZvr2FbgsNqfhKcZU75gIKCOhKxwxbTkt48rEUuJy7WMsJdtYIBmQ;3,500000000000000
EUW1_7801057380;2026-03-27T20:50:57Z;1921;420;Pantheon;JUNGLE;JUNGLE;1;13;5;8;15889;229;39;42610;44262;7;6;18;CcxMn9yFLDfmDMrpNY2Fdj-ehQwApf7HfwY97RF7m4Y6YkBjN_qd_iCACuRbSsNOEo31Go_u7AvCmw;4,200000000000000
EUW1_7801057380;2026-03-27T20:50:57Z;1921;420;Ahri;MIDDLE;MIDDLE;1;9;3;17;15087;266;29;42364;26479;14;6;18;GeVYYBCKjHQrdXlmLNM2SNJhD1AzPD5AjIpFIXQnNBIAP8U6k7Lhn12LSWaDYnsArynIjcvsVjENTQ;8,666666666666666
EUW1_7801057380;2026-03-27T20:50:57Z;1921;420;Kaisa;BOTTOM;BOTTOM;1;8;5;10;16715;299;40;32093;26645;11;11;16;Ul2GooCvyq7ybRdehyI4qagmXxaNbyWzCFLr7SfUqunNHR79pTd06gCcyhNostcTXZOcHrrwk76tIg;3,600000000000000
EUW1_7801057380;2026-03-27T20:50:57Z;1921;420;Karma;UTILITY;BOTTOM;1;0;2;24;9293;29;110;11600;19297;42;15;15;NFtM5aYgoiR-FtfScxXrd14wDT_7mfgLxzxy9VQTnfgH5Kc44RVMNB8gIkTmj9CASSJO4TQYAfMlAw;12,000000000000000
EUW1_7801057380;2026-03-27T20:50:57Z;1921;420;Singed;TOP;TOP;0;2;12;5;9912;160;17;15199;44015;12;1;15;21Yk7SkzmV6soRAL9Jz0NSJZjOl0Wfe5I_VwbVx9WHgsmqemruGYgZlNhRL2bqchVcDuAdFlrCYlwA;0,583333333333333
EUW1_7801057380;2026-03-27T20:50:57Z;1921;420;JarvanIV;JUNGLE;JUNGLE;0;9;6;7;14722;212;59;23880;42703;14;12;16;vV30hZpd6ftgbBIX9Zd1QTCqGoKtviZA0piz7z2vceLZtQu1XmtcHDMt66Vfjrt4L-EnRS2fHV0xeA;2,666666666666667
EUW1_7801057380;2026-03-27T20:50:57Z;1921;420;Anivia;MIDDLE;MIDDLE;0;4;5;9;13709;264;23;29160;37545;11;4;18;2vakuGydoEZOpsnFu9UhDjLG2xv1QlhbmtS9jvCXyiRWN7pbw9-LfFhQjdEvW1Xx4q87nNesniiQ_Q;2,600000000000000
EUW1_7801057380;2026-03-27T20:50:57Z;1921;420;Ezreal;BOTTOM;BOTTOM;0;4;6;4;14142;269;19;28577;25737;8;5;14;1HTtYejD-6DgvMOnIPUDBw3WOi-5FMrBW7An68a-8NrdxmpL63AEQEuJJ3iiFL7N5Tkn4cq_DPDQOw;1,333333333333333
EUW1_7801057380;2026-03-27T20:50:57Z;1921;420;Rakan;UTILITY;BOTTOM;0;0;6;10;7971;32;100;6241;30848;44;9;12;jZ5PDI_dvWZjgeaTrgNgPu5XCOuby2LVjZhZey0gdTKJ0lmlLS8TwijypkpFd-Uas7SlfgEVytNbSA;1,666666666666667
EUW1_7800911198;2026-03-27T19:11:59Z;2233;420;Jayce;TOP;TOP;0;4;8;10;16707;332;29;36065;37491;12;2;20;uqB4Gsn__3wWB0SzidhUioA8kYemgBc-n5MMdonjJzJrd-2kK5mwAAbfaYeSD_Z_boK23ypd2tdQjA;1,750000000000000
EUW1_7800911198;2026-03-27T19:11:59Z;2233;420;LeeSin;JUNGLE;JUNGLE;0;14;11;11;18017;232;28;26518;33694;14;1;18;L-RiLx7ToQR7o0nMYtejPjBgLLYrqNzYj66eSpNufaOnskteEwkEUZEEiqfOCZgUFjIeoHaSWhcrOw;2,272727272727273
EUW1_7800911198;2026-03-27T19:11:59Z;2233;420;TwistedFate;MIDDLE;MIDDLE;0;8;6;9;15804;272;34;24429;33918;13;8;18;qsEk_eo9U4GfJNQGGmRZNW493S18hG2p83FtEFWTzHtcKIOu3zuXvSYpa871ouPp_CUOSoKSQVJAGQ;2,833333333333333
EUW1_7800911198;2026-03-27T19:11:59Z;2233;420;Kaisa;BOTTOM;BOTTOM;0;10;3;9;21596;355;40;47530;29507;11;11;18;E3MdGH3SyBeL4xnw4qhBJz8m1ArtOx8yU0tIdNoanV5uU1dm2rpVHHJ9xVvQyaLLcb_Uh33U-XDf8g;6,333333333333333
EUW1_7800911198;2026-03-27T19:11:59Z;2233;420;Blitzcrank;UTILITY;BOTTOM;0;4;9;16;11640;29;140;11517;35245;71;11;15;AcYg_cP1J0cE3QD_1C-N6Stm4HI8x4Jf_7blWr22GO27p3MeCE_aj570Wz4sMkDXmHr4ReaXiB-C_g;2,222222222222222
EUW1_7800911198;2026-03-27T19:11:59Z;2233;420;Jax;TOP;TOP;1;9;9;5;14803;220;51;27554;49025;20;4;18;GCxTYlH_7KERYWRSyjqbwGMn9HejdLeY3wx40Rg2rPJ3yvEQirsmosgO6YkC23ogkFwRQNqTZCNywQ;1,555555555555556
EUW1_7800911198;2026-03-27T19:11:59Z;2233;420;Graves;JUNGLE;JUNGLE;1;11;6;12;20124;281;53;40737;44251;9;13;18;CcxMn9yFLDfmDMrpNY2Fdj-ehQwApf7HfwY97RF7m4Y6YkBjN_qd_iCACuRbSsNOEo31Go_u7AvCmw;3,833333333333333
EUW1_7800911198;2026-03-27T19:11:59Z;2233;420;Lux;MIDDLE;MIDDLE;1;6;7;11;15523;292;32;25703;20302;2;9;18;64oJRsIRk1a8V1feMjQFUuksDBmSIa8z5WC8pn7Et5KcenYz79jamdefzX8kNDS4BwpVj6rqix0JNw;2,428571428571428
EUW1_7800911198;2026-03-27T19:11:59Z;2233;420;Taliyah;BOTTOM;BOTTOM;1;8;9;17;20615;292;18;37675;28836;13;1;18;TooL6hrJh1EeuKAbkAgXB9uvFnhTAorAQlcaVhqNHgoP_8Te8f4bWf4QAf_lFc9qh9r7kRHwSqW-cg;2,777777777777778
EUW1_7800911198;2026-03-27T19:11:59Z;2233;420;Thresh;UTILITY;BOTTOM;1;3;9;26;12858;42;135;12494;31275;55;16;15;hCc0t3D8Br8x5OVsTkMmNmYXVVpHK_aJSAmuohCzflaf0ZpJYBmQfUQC-G4a4q3Nbt6pUZ3ttxB6GQ;3,222222222222222
EUW1_7800339407;2026-03-27T10:15:00Z;917;420;Tryndamere;TOP;NONE;1;5;1;1;8469;173;4;9687;19216;3;0;13;g3dB2DClUHptrvIQJD6LccPIg4vsUVl6GjQhqJpPjjqxFqpv4hsHuoqfkBtxggLIzYY4Jr5Zf4mbrg;6,000000000000000
EUW1_7800339407;2026-03-27T10:15:00Z;917;420;Ambessa;JUNGLE;NONE;1;4;1;5;6639;126;13;5954;10576;5;0;11;CcxMn9yFLDfmDMrpNY2Fdj-ehQwApf7HfwY97RF7m4Y6YkBjN_qd_iCACuRbSsNOEo31Go_u7AvCmw;9,000000000000000
EUW1_7800339407;2026-03-27T10:15:00Z;917;420;Quinn;MIDDLE;NONE;1;2;0;4;5461;89;7;4147;8721;5;0;10;Pac5Btk3VvMC4n_coFnvYpKMx4bxnHZUV0zbPhOJcMGPSvhoKM3ATn0ATiX6OFaywRXdalH0nZMU2Q;6,000000000000000
EUW1_7800339407;2026-03-27T10:15:00Z;917;420;Mel;BOTTOM;NONE;1;8;1;3;9265;159;7;9316;6861;5;0;11;DjWZOAQoT_BY2uQXya760rQwp93ZKEasfngJgzmxmrgUo2OGprtU9aSrIy3q-97tQ2LkQUcedhi1Fw;11,000000000000000
EUW1_7800339407;2026-03-27T10:15:00Z;917;420;Leblanc;UTILITY;NONE;1;4;1;8;5703;9;28;9211;7857;16;3;8;2xC8FAxaBXN9ttMZlMLoOBKzoMgPnW9hhuw0IZFeqVE-BcydIXpkXKmqdSvuZJf0VuUKYr95FbkOWw;12,000000000000000
EUW1_7800339407;2026-03-27T10:15:00Z;917;420;Malphite;TOP;NONE;0;0;3;0;5198;138;7;10584;10026;4;0;11;0mAISYU0g7si89xZknESg_YlYh6i6eFe4DavUxcgY10Ayq0IBXpsmVxQw4zfRX7V9Hmto-7oz3ZLkg;0,000000000000000
EUW1_7800339407;2026-03-27T10:15:00Z;917;420;Khazix;JUNGLE;NONE;0;3;5;0;6328;82;14;6986;13221;2;3;9;jhCsidGKFmtiYGNJ7NdtM4JKv8cbj69QIqx3Kkmr5TL8SRAJeRz_ADe2pMgW7AKFSrPxexsodB10rw;0,600000000000000
EUW1_7800339407;2026-03-27T10:15:00Z;917;420;Viktor;MIDDLE;NONE;0;0;2;0;5336;151;8;7456;5305;4;0;11;GRgcyXsYrfLotPfJzcgsLQLg1rndPoY8zVO5tVf-77volf7Bkv3ZLJrVZRnaTuuUlOW_q8b_Slw7zA;0,000000000000000
EUW1_7800339407;2026-03-27T10:15:00Z;917;420;Ashe;BOTTOM;NONE;0;1;7;1;4223;83;11;6576;12047;5;0;8;qZXF7wFN6E810znzA-sJx8vKHmAYhkV4wwQW4XujMbuXpU6L5zmMJJX_ICK7qm_RBr3bvOHUz7P6zw;0,285714285714286
EUW1_7800339407;2026-03-27T10:15:00Z;917;420;Seraphine;UTILITY;NONE;0;0;6;2;3697;30;15;2867;9722;7;0;8;5GuXGFO7EMmnkAla7g0N-pN8KKUToiIf2NIjFAA898cDbzm27YijKnNzDJv2I5aj6QmYEXzkIQ34lw;0,333333333333333
EUW1_7799956481;2026-03-26T22:02:24Z;1337;420;Ambessa;TOP;JUNGLE;1;5;3;3;11500;204;18;13905;17828;9;0;15;i7YfL2fI_Dmq586_qE-mbTNCkCsWhG5GKmllWLs-QCIfe8m_MR1vLKuA7UWijg2an8WFMqkpNy4i1Q;2,666666666666667
EUW1_7799956481;2026-03-26T22:02:24Z;1337;420;Nidalee;JUNGLE;JUNGLE;1;14;5;6;14286;203;28;24463;28026;3;7;15;Y_y_8LDSJQpFNrW2yfnPSi9dYYEsOCnmixxeC7HCAM5LeVwAMa0qz8cojDPN1_JwFGdjgVQQBCdz-Q;4,000000000000000
EUW1_7799956481;2026-03-26T22:02:24Z;1337;420;Viktor;MIDDLE;MIDDLE;1;3;2;4;10606;223;20;16571;11918;11;1;15;rQvkl6wfB6FAZBJc7ahWJZYJ2gO8iB87oi5VlaZIgYcj9RqD_wDZVpQDDXKQDwKJtn_eU4jr6ntoHg;3,500000000000000
EUW1_7799956481;2026-03-26T22:02:24Z;1337;420;Ezreal;BOTTOM;BOTTOM;1;3;5;4;9487;177;16;14461;17192;9;0;13;Hdya468sBsN0ujjv0CWId2zmV0aaGEDe1oXXBpPA9wnYbbcO77bk2JTE_pdzwLzd5rw4Eo46zSJc6w;1,400000000000000
EUW1_7799956481;2026-03-26T22:02:24Z;1337;420;Sylas;UTILITY;BOTTOM;1;4;3;14;8359;39;54;12912;16610;25;7;11;Hg3HPLHz4udDIck5GmHJtggmF-7OPvbNh8Z15z59nF_8_SF5F_szZw8-8O7z1lr5_CdKE-dY8Z7KAA;6,000000000000000
EUW1_7799956481;2026-03-26T22:02:24Z;1337;420;Chogath;TOP;JUNGLE;0;3;6;4;8611;166;19;13691;26845;7;1;14;QW7Ppts8_saXrB2VSmdFrai5pfxz7SFpLcfHGUP00Kb0KGYbglUBLiLRhsDZHWMRypgaloDMrIIA3w;1,166666666666667
EUW1_7799956481;2026-03-26T22:02:24Z;1337;420;Graves;JUNGLE;JUNGLE;0;10;5;3;10835;150;19;20211;20856;4;3;12;CcxMn9yFLDfmDMrpNY2Fdj-ehQwApf7HfwY97RF7m4Y6YkBjN_qd_iCACuRbSsNOEo31Go_u7AvCmw;2,600000000000000
EUW1_7799956481;2026-03-26T22:02:24Z;1337;420;Annie;MIDDLE;MIDDLE;0;2;8;4;6640;120;10;13357;19330;5;1;12;aGCYjGSKJiSOKlftC0B47QMyaBkvlu_RDmfFL1jp3todgycNLir31a_YfkpX63ikxnb130gJdqNlvw;0,750000000000000
EUW1_7799956481;2026-03-26T22:02:24Z;1337;420;Velkoz;BOTTOM;BOTTOM;0;2;6;5;8383;174;20;15151;15139;9;1;12;aDrjtFyv6WW-2ZqBBvhiWdA6m4Yp5BznqkzEtejlAyaL0LlVdariyZDSFKYJAFC75EMZXqyglHCKuA;1,166666666666667
EUW1_7799956481;2026-03-26T22:02:24Z;1337;420;Senna;UTILITY;BOTTOM;0;1;4;8;6179;13;48;7761;13216;28;1;11;L56hea3XS4T2GMdpzwR8WSDi3fisrp5riUcx2B5TB3U3BM_b0Vub1q0lnHCmcgWUqFtkrdNSbIRPOQ;2,250000000000000
EUW1_7799870287;2026-03-26T21:13:38Z;1522;420;Irelia;TOP;TOP;0;4;10;3;9575;190;19;19844;31956;9;1;14;kWhmhWGTVarYk8oeXo-X-8DXNaqV3ixP8BVWatIBoZq9CYGz8kY7Z5hhCh63wDCTeDp6TX5B0welrw;0,700000000000000
EUW1_7799870287;2026-03-26T21:13:38Z;1522;420;JarvanIV;JUNGLE;JUNGLE;0;8;6;7;11943;150;28;17416;26574;5;4;14;HWQ7nnT0A8PQwke1cYIfGnSA7M298Z6KiXdNI0R-VUxGDel7Z3lb6FzhwTQaQE_LSsm2nn2gl0clnQ;2,500000000000000
EUW1_7799870287;2026-03-26T21:13:38Z;1522;420;Viktor;MIDDLE;MIDDLE;0;2;4;3;8296;170;19;26673;26046;8;1;14;tqTnVIIppR6CDCANxp2aBhapnHJAlZCti2Y7wPJO47B-SAD3iB6jPJ5gbZb7m04nEZ9uOI5M_ti_5g;1,250000000000000
EUW1_7799870287;2026-03-26T21:13:38Z;1522;420;Jhin;BOTTOM;BOTTOM;0;3;6;4;9479;166;24;13909;22645;9;1;12;_W9aq9_GFeqBsMoxxfico64JpeAds2p0-ddSmJYfF90dr_ifJ625wTw5LC2kVTbl_avGJDCkMTnBNg;1,166666666666667
EUW1_7799870287;2026-03-26T21:13:38Z;1522;420;Karma;UTILITY;BOTTOM;0;2;7;7;7149;33;63;10576;24029;23;7;11;Czk1Ypvr3JbMLpwp8xiAQHrTWGj-SAvZnNS9NKITmSj-AX5A2SgjUXb_Vszb49yRT7eUwDsk32KKLA;1,285714285714286
EUW1_7799870287;2026-03-26T21:13:38Z;1522;420;Poppy;TOP;TOP;1;6;7;14;11830;190;21;24555;34970;9;1;16;cKye3JO8mrny3CKxlWDij4T1gyYHpm02SyZru4pry7G_icjTcuokMHmNzA6FyvTHVO0ZI1A4FTxhwQ;2,857142857142857
EUW1_7799870287;2026-03-26T21:13:38Z;1522;420;Ezreal;JUNGLE;JUNGLE;1;8;3;10;12681;216;20;28746;24734;6;1;15;CcxMn9yFLDfmDMrpNY2Fdj-ehQwApf7HfwY97RF7m4Y6YkBjN_qd_iCACuRbSsNOEo31Go_u7AvCmw;6,000000000000000
EUW1_7799870287;2026-03-26T21:13:38Z;1522;420;Aurora;MIDDLE;MIDDLE;1;10;1;5;12741;222;22;29972;29630;9;4;15;1pCsY3Ix5ln3--oCCImsPW2CGMYaPyggxkRkgfwsQ_Ij2szlfObWRoirCCnxG434551Q-KooROh_og;15,000000000000000
EUW1_7799870287;2026-03-26T21:13:38Z;1522;420;Mel;BOTTOM;BOTTOM;1;9;5;4;13352;231;18;27546;17844;10;2;14;Lew0xW50uOBEGt_UZRaBcu7fy14noI2IpEMXyYBwwQJtDCKY2I_4TXt-mZlOKufrW9qmyJ_-ohOXig;2,600000000000000
EUW1_7799870287;2026-03-26T21:13:38Z;1522;420;Nami;UTILITY;BOTTOM;1;0;3;23;8284;23;72;8333;10597;27;5;13;7b08vpzCp9pjLAgznpkZ8BOn7W46spEeD3QZFEN9iIdhWh7Cz0TbyH8vJGHUNxSbN5odQhRZNXn1IA;7,666666666666667
EUW1_7801252750;2026-03-27T22:49:16Z;912;420;Ornn;TOP;NONE;1;2;2;1;6252;144;5;8409;14563;3;0;13;Y5BNmw3ShwKyZ37ANjyNH3zqHaS_c77HnqmIWn0CavQxbtmXfx-bz0Vf0LOcMEXFDyexdZVgMhAlrw;1,500000000000000
EUW1_7801252750;2026-03-27T22:49:16Z;912;420;Ambessa;JUNGLE;NONE;1;5;0;4;7508;144;12;8958;13629;5;0;12;4LiyQ9VGtoJQpjkYoCh284biNhVSAY7f5X4YMcNvI0xPsnj47Y32X6-ocXKhp2R2hMuP_caXByWjkQ;9,000000000000000
EUW1_7801252750;2026-03-27T22:49:16Z;912;420;Xerath;MIDDLE;NONE;1;3;2;8;6907;134;5;10799;5668;5;0;11;8EVBEdCBJ3JOOm81VNx37YqZ6_8gedcXp_pckfZF7C4wt2_9kBvMBLLHbVtopNK9YqIhtYDaEjboWg;5,500000000000000
EUW1_7801252750;2026-03-27T22:49:16Z;912;420;Kalista;BOTTOM;NONE;1;19;2;5;11600;126;7;27561;20436;4;0;10;b4yunLtab8WiDxNvB5JO66EbOXhw2kZM2e5q6prJcIi5stGFYfhN0VWcC44Rij6yZHZdcE80-RThfg;12,000000000000000
EUW1_7801252750;2026-03-27T22:49:16Z;912;420;Soraka;UTILITY;NONE;1;3;1;21;6501;16;21;6775;9046;14;3;10;Cn7HyLY6lfnO4gAL3Q5UVR6YRRfT2D-Y6VzUa64aj9QsDXtRqbSKhrugUXAVsfpN3wUPMMlJp4usgQ;24,000000000000000
EUW1_7801252750;2026-03-27T22:49:16Z;912;420;Gwen;TOP;NONE;0;1;3;1;5201;124;10;8838;11219;5;0;11;TgzGfu_Fi2ZXcQ7SCiGPpzw8Ch3M_mwWcntOQUAqN_np0QeSCWgT84-10VlDV97eqy5E0vAIz8lTow;0,666666666666667
EUW1_7801252750;2026-03-27T22:49:16Z;912;420;Graves;JUNGLE;NONE;0;2;7;2;5548;83;14;8423;12942;6;0;9;uhT1SCc8Pm0Omi1DDB084Q9hpcbbvNx-6Cy5DZmOu2LpjbHEJWLluyj97_nzNrVfi11PKTkKCjhPKQ;0,571428571428571
EUW1_7801252750;2026-03-27T22:49:16Z;912;420;Aurora;MIDDLE;NONE;0;2;5;1;4796;90;7;6989;14875;5;0;10;oLPv_tDNlMqI8Glrc667ZgUE-qu-mOdSQdFWYr_YnCVBriRLFKvgITREJ3TjLkESL8pJ-TIyXX9xVQ;0,600000000000000
EUW1_7801252750;2026-03-27T22:49:16Z;912;420;Corki;BOTTOM;NONE;0;2;8;1;5466;80;11;11224;16628;5;3;8;fGQlNFyqO2lEOLlCLesUuRPQTNO2r3-zqhSRpEicJu9LPYW1W-DbeSLX9h_6HbYkiyzChZ5WS_EtMw;0,375000000000000
EUW1_7801252750;2026-03-27T22:49:16Z;912;420;Nami;UTILITY;NONE;0;0;9;3;3849;10;33;6429;13805;13;3;6;w0AX7rQApABApUJ42ZE1-LQaM2RvP-XA0qO5fptl-7C6v7hd-iUUq2rS8Foq7cMclmePBBBhK0FJhQ;0,333333333333333
EUW1_7801209894;2026-03-27T22:22:12Z;911;420;Camille;TOP;NONE;1;4;0;2;7727;150;8;14726;10664;4;0;13;30kt9jxKdi_OKr69QrvdOni_IISVHzZ68BKCw_2CxUmMXtatODcYYcAE3kFu2YBdpXVOb5b6hyFazw;6,000000000000000
EUW1_7801209894;2026-03-27T22:22:12Z;911;420;Ambessa;JUNGLE;NONE;1;4;2;1;7313;134;20;5937;11876;7;1;11;4LiyQ9VGtoJQpjkYoCh284biNhVSAY7f5X4YMcNvI0xPsnj47Y32X6-ocXKhp2R2hMuP_caXByWjkQ;2,500000000000000
EUW1_7801209894;2026-03-27T22:22:12Z;911;420;Annie;MIDDLE;NONE;1;2;2;3;5940;121;13;9596;7397;9;1;11;d46SX3I268BxRvQq02-E_57ZgvVwFNLmwgfj3Bb8XKUj12nh2WYSxI2mXOrytvWpau1hcmOxpwdFYw;2,500000000000000
EUW1_7801209894;2026-03-27T22:22:12Z;911;420;Hwei;BOTTOM;NONE;1;3;1;2;7758;156;15;7522;5034;7;2;10;DyGz9de9kQiBlP8XIZuannbphrbby2NADFlUyrnWbuXDjzVrOcNd6T9oUmjWswnXxmiaGiXaGJDzOg;5,000000000000000
EUW1_7801209894;2026-03-27T22:22:12Z;911;420;Renata;UTILITY;NONE;1;1;0;6;4893;33;33;2818;2342;11;7;8;etPWJoAyFfIsikS_-GeflbnP8lWRwjZhLO3hqYDcft8wR3HsMAv9meaoaxlGdgmsuw0kAuI-hrCAPA;7,000000000000000
EUW1_7801209894;2026-03-27T22:22:12Z;911;420;Garen;TOP;NONE;0;0;3;0;4698;110;11;5920;13678;4;0;11;jRClcLIH9YXZSxumPP9oNTOyHqCksUYbwxbC3dP60ai_OyjrABakEXUSlM-a006PXLmshT3VO2fYhw;0,000000000000000
EUW1_7801209894;2026-03-27T22:22:12Z;911;420;Graves;JUNGLE;NONE;0;0;4;1;5408;130;13;4968;9253;6;1;10;-PB22RocaxMaav0bjbk-5-Mpv84IALC-qZoJquuZAdautQ1KC2bxR3Lt34qMrL4-ghPtuiAPndTBLA;0,250000000000000
EUW1_7801209894;2026-03-27T22:22:12Z;911;420;Ahri;MIDDLE;NONE;0;2;3;0;5360;126;5;4799;9618;3;2;11;wpRR9TgBKISHYD1fnKinuW165pEtVGQD9YR8ocR1xPqG_LdAWYkHANVKvinLiydHUH8nbHTiq7_Nrw;0,666666666666667
EUW1_7801209894;2026-03-27T22:22:12Z;911;420;Ashe;BOTTOM;NONE;0;3;4;0;5443;99;13;5124;9900;2;1;9;qOheDFxIhkcIIWcDF3zFkvu2b6oOkcN45oWq5vQX14Zw9VXshaFgSGFmgWYKudY9VYA2rrHIErIP0w;0,750000000000000
EUW1_7801209894;2026-03-27T22:22:12Z;911;420;Rell;UTILITY;NONE;0;0;0;4;4040;19;31;2832;4885;11;6;7;0eqC8OsxIIQ9w8Xw8_T-BdkJ7vCarJtTx02YXx5BZgKR5x0TjkeLc7ZZn2deHaSsXzLUvKAdYP9FzQ;4,000000000000000
EUW1_7801140820;2026-03-27T21:37:55Z;1282;420;Singed;TOP;JUNGLE;0;2;6;7;7187;130;15;9651;23914;8;1;13;21Yk7SkzmV6soRAL9Jz0NSJZjOl0Wfe5I_VwbVx9WHgsmqemruGYgZlNhRL2bqchVcDuAdFlrCYlwA;1,500000000000000
EUW1_7801140820;2026-03-27T21:37:55Z;1282;420;Jayce;JUNGLE;JUNGLE;0;5;4;5;11226;153;21;23205;15226;6;2;13;zDTiqg4eKfyToPLqnJq8_zVzDZrSWLfw7-mrkBLjQuWRC9_i782fAcC5QnxiEQrlJ2i7YU1Ldv7S5g;2,500000000000000
EUW1_7801140820;2026-03-27T21:37:55Z;1282;420;Ryze;MIDDLE;MIDDLE;0;5;5;3;8797;195;14;18818;17706;7;1;13;zGw9VlxKENGiHERpI8dmDuHVwcxzP8l7kyeY1FimhsJISA20if1OEc8fJsOnoje3CgXbDo_8WuPv0Q;1,600000000000000
EUW1_7801140820;2026-03-27T21:37:55Z;1282;420;Jinx;BOTTOM;BOTTOM;0;2;11;5;8576;135;14;10559;18655;7;2;11;aacV61k17cLnHj6KdWDBzaDVX3XP_lt_GKEbwclk1a759ZVheT9GL428w-vEeY59GhG_loe0bTyMVQ;0,636363636363636
EUW1_7801140820;2026-03-27T21:37:55Z;1282;420;Rell;UTILITY;BOTTOM;0;0;5;10;5682;27;59;5318;15820;29;5;10;7GsxNMvx55EWnCShnJr3b0AQYCqGM_YDiVnTSdFPMciKsG46j4uukIYcHdmroAuQKmir2Y6WOmUxqA;2,000000000000000
EUW1_7801140820;2026-03-27T21:37:55Z;1282;420;Akali;TOP;TOP;1;8;4;1;9625;168;15;16627;17231;10;0;14;apYk4I-wNdDtuCxcPvkgP4XKe_vNB1CRs-USOJ3zUckrvd7cuNXbiiFy8BaNrc50kYgGuBLvB4D3nQ;2,250000000000000
EUW1_7801140820;2026-03-27T21:37:55Z;1282;420;JarvanIV;JUNGLE;JUNGLE;1;5;3;18;9923;149;29;11462;24417;5;4;13;4LiyQ9VGtoJQpjkYoCh284biNhVSAY7f5X4YMcNvI0xPsnj47Y32X6-ocXKhp2R2hMuP_caXByWjkQ;7,666666666666667
EUW1_7801140820;2026-03-27T21:37:55Z;1282;420;Sion;MIDDLE;MIDDLE;1;1;3;9;9566;191;20;7609;24326;7;4;13;-qCH7wyCnNT_JCQNMoj-ffijKf4wtBRZoVJsADJlR4uOzJY6sbw619aG-aA61uSNnkS6pgiOnQSlag;3,333333333333333
EUW1_7801140820;2026-03-27T21:37:55Z;1282;420;Aphelios;BOTTOM;BOTTOM;1;17;3;8;16487;179;25;35132;18295;9;6;13;wTcPrANHBZg6X6CHTcTnKcCWbO__mK5-b6Kra6UoJnPlZ80OU_BaJtccDVFkNWnHRi758agangDMiw;8,333333333333334
EUW1_7801140820;2026-03-27T21:37:55Z;1282;420;Alistar;UTILITY;BOTTOM;1;0;1;27;7124;20;71;6955;14077;32;8;11;mW5wxx9PUR4zuXatTBzMXCOKD-Eenu31v4GGkElaY73EVawvJ7j8o7vGouIDv8ntyzj3-tqONl9Xtw;27,000000000000000
EUW1_7801063324;2026-03-27T20:54:08Z;1565;420;Shen;TOP;JUNGLE;0;2;7;4;7902;169;27;7903;31231;9;3;15;mW5wxx9PUR4zuXatTBzMXCOKD-Eenu31v4GGkElaY73EVawvJ7j8o7vGouIDv8ntyzj3-tqONl9Xtw;0,857142857142857
EUW1_7801063324;2026-03-27T20:54:08Z;1565;420;Vi;JUNGLE;JUNGLE;0;5;7;5;11732;159;17;16698;33168;6;1;14;Lew0xW50uOBEGt_UZRaBcu7fy14noI2IpEMXyYBwwQJtDCKY2I_4TXt-mZlOKufrW9qmyJ_-ohOXig;1,428571428571429
EUW1_7801063324;2026-03-27T20:54:08Z;1565;420;Aurora;MIDDLE;MIDDLE;0;4;8;4;9424;182;13;28778;24934;5;2;14;fzFEBygqnnlphGfjHcK2XyhxTb9_9IcAS2cHrwfZAqBIDKu2MIAKA0gTMwfYlZN5PSJSVvSM3FSp8Q;1,000000000000000
EUW1_7801063324;2026-03-27T20:54:08Z;1565;420;Yunara;BOTTOM;BOTTOM;0;5;6;7;13667;255;45;26812;20974;14;10;14;kkoo00_WJPD6rzL1GYJVvV_uogoDVYHXH46YHp6jbIgndhGjGn3tweDZXVpTctV6LaKB-tcSYcJrzw;2,000000000000000
EUW1_7801063324;2026-03-27T20:54:08Z;1565;420;Karma;UTILITY;BOTTOM;0;1;6;10;7109;28;80;9034;19686;48;5;11;z0yGCNqDhKmpVsj6B5zKE0CWaextYzECaD2llYb5IbnZnNzKwb0dL0Zr6Pet3XGYGWXdjfr2zX5Bvg;1,833333333333333
EUW1_7801063324;2026-03-27T20:54:08Z;1565;420;Anivia;TOP;JUNGLE;1;10;1;13;14417;233;32;35142;25291;11;5;18;o6idEWAT_Qurfln1APUbbzAJHZTRX1RiWEVFqT9b_qnrg9qLm75OQyrF0w2Yb4XTO-posU7AneApYw;23,000000000000000
EUW1_7801063324;2026-03-27T20:54:08Z;1565;420;JarvanIV;JUNGLE;JUNGLE;1;14;2;11;14880;222;19;31317;34385;2;3;17;4LiyQ9VGtoJQpjkYoCh284biNhVSAY7f5X4YMcNvI0xPsnj47Y32X6-ocXKhp2R2hMuP_caXByWjkQ;12,500000000000000
EUW1_7801063324;2026-03-27T20:54:08Z;1565;420;Fizz;MIDDLE;MIDDLE;1;2;8;9;8400;142;30;17817;23613;11;4;14;1YRPuzGMWraqvdBMh9gcCgYOw3LBaceuxpcPnhMxWsuXNVrdojwIJr8pkGFQXAs5cEAFOJ2J14b2vw;1,375000000000000
EUW1_7801063324;2026-03-27T20:54:08Z;1565;420;Vayne;BOTTOM;BOTTOM;1;8;4;5;13163;194;29;19452;20013;9;6;14;2sLg1WLEHjy6iE9L0pvJCsHEOokSNTurYeYBScUlgemTb0TtfjDPY_E9rYsLaekeO-Hr2Jj-_YfMBg;3,250000000000000
EUW1_7801063324;2026-03-27T20:54:08Z;1565;420;Lulu;UTILITY;BOTTOM;1;0;2;24;8379;34;98;7408;11284;35;14;13;syZPkWpOSKi8WSBDx1Kwss96W5TnWG_RUq-3nFJ-6NGLwnOTXXNevdVhmCglfEs506OGjHnyR4Lczg;12,000000000000000
EUW1_7800836004;2026-03-27T18:15:56Z;1157;420;Yunara;TOP;NONE;1;6;7;2;9818;160;16;20545;16517;7;2;14;KOi3vWb3UXCN0qQhDFph3MeUaqdnyWkaAUxgUVG9hco_mkbxZDJb6fXr_VEygYRjJURD5xs2lgUGHQ;1,142857142857143
EUW1_7800836004;2026-03-27T18:15:56Z;1157;420;Graves;JUNGLE;NONE;1;5;2;6;9709;170;19;8397;11885;3;5;13;k1e-OjeuDd3M2qcGsFZlCYjlivqDXxii8U4Qje3Cez22kyoS494YAKJynPWrOR-v79NgTsZnHrc4UA;5,500000000000000
EUW1_7800836004;2026-03-27T18:15:56Z;1157;420;Leblanc;MIDDLE;NONE;1;4;1;6;8073;165;18;16852;13445;3;5;13;F8cjZPuPRYF2EbrCjWcwCUeriTBnhsrVhMkeYCp2QRSdmT8xtJSi7NqOO2oG21eWPexWE-TjRhpgTQ;10,000000000000000
EUW1_7800836004;2026-03-27T18:15:56Z;1157;420;Anivia;BOTTOM;NONE;1;3;0;6;9233;165;14;11041;8378;8;1;13;eHs6uB17TOdVDOe3xeXzBYeGSocY4v0m9tyQkozW8saQezAUz1ie-nHl7zdkQfbhQXwubzJIvcbaWA;9,000000000000000
EUW1_7800836004;2026-03-27T18:15:56Z;1157;420;Swain;UTILITY;NONE;1;8;1;10;8240;47;53;16125;14646;18;6;11;WjGRTxSXwDYTNHwJqt6kQd7dxpcIzgMg-Gw_WGmDefK5uLKRavWsReH0eM-2RK8bYsU2VSyIHufoNg;18,000000000000000
EUW1_7800836004;2026-03-27T18:15:56Z;1157;420;Aatrox;TOP;NONE;0;5;4;1;7355;133;10;10755;16375;5;1;13;dG29gbyiICdmjpqLFjAbpK8tqCBiNyGPl8y6agoYjklaEoqQ_sQLxVZG3SrCbLyUHHrC-hM_drOGOg;1,500000000000000
EUW1_7800836004;2026-03-27T18:15:56Z;1157;420;Nunu;JUNGLE;NONE;0;3;5;2;7561;130;15;7474;23364;2;3;11;w3BosLTRBulL_ZFL_GwfPN4SGaLiTftUhj6ts37N0k4GmIycXQvUppPnELK9Uqpz1bude-dfHVwxmQ;1,000000000000000
EUW1_7800836004;2026-03-27T18:15:56Z;1157;420;Sylas;MIDDLE;NONE;0;1;4;1;6054;133;13;13148;14471;7;1;11;FFeVQZ5H-bqiJADuZPFbroqoNb4sZI_nivdJAG-un7vHwaOnGyWxL2zuxA_Y71OvFRoFPd5pjEUu9w;0,500000000000000
EUW1_7800836004;2026-03-27T18:15:56Z;1157;420;Ezreal;BOTTOM;NONE;0;2;5;1;8398;171;7;10776;16159;7;0;11;4LiyQ9VGtoJQpjkYoCh284biNhVSAY7f5X4YMcNvI0xPsnj47Y32X6-ocXKhp2R2hMuP_caXByWjkQ;0,600000000000000
EUW1_7800836004;2026-03-27T18:15:56Z;1157;420;Soraka;UTILITY;NONE;0;0;8;5;4978;21;51;6703;16277;23;8;9;7ULsUCKAQUTbTxNhg4X0d6bvG-7F5G5aRfENT7-6BmhrYfzkfIVl90h7OTZpyR5FyKaoGJZtucdRJg;0,625000000000000
EUW1_7800806643;2026-03-27T17:51:43Z;1142;420;Gnar;TOP;NONE;0;0;2;1;5946;159;21;5709;15001;7;1;13;JLruT9lqIX36WrvKfLp0NPIt-7z5ZLPAYI3OkhjSHJtlflNZPdGw8dV3Vbjg4j_PZe3Zt_I2zQXY0Q;0,500000000000000
EUW1_7800806643;2026-03-27T17:51:43Z;1142;420;Nidalee;JUNGLE;NONE;0;4;5;2;7762;125;13;10681;17152;4;2;11;Md67vjYGerYXX1jInjt2Rg3i7QvPhS2p0JIIurHGSsdnikW9w7fO5p5HlwVdouXYnB3bw6WVnYw0vg;1,200000000000000
EUW1_7800806643;2026-03-27T17:51:43Z;1142;420;Akali;MIDDLE;NONE;0;4;10;3;6907;116;12;10823;21681;6;1;10;4LiyQ9VGtoJQpjkYoCh284biNhVSAY7f5X4YMcNvI0xPsnj47Y32X6-ocXKhp2R2hMuP_caXByWjkQ;0,700000000000000
EUW1_7800806643;2026-03-27T17:51:43Z;1142;420;Ashe;BOTTOM;NONE;0;1;9;2;7205;136;12;10678;15839;5;1;10;YWihzYduS1Otd-tmzPfbKbpq5v-RPoayh3WWk3JTJljox0y0buSOefS29UPdXWxReqJrLY0Xivcp6g;0,333333333333333
EUW1_7800806643;2026-03-27T17:51:43Z;1142;420;Thresh;UTILITY;NONE;0;1;8;3;4883;26;20;5278;22001;11;1;9;F2KerQeoo5oIlSFe4ZSRLq1NORJ0I1vdcCthj0Yk6dl5KtYrwmx689ClqkRZDKnukupJ7jMBtHm5lA;0,500000000000000
EUW1_7800806643;2026-03-27T17:51:43Z;1142;420;Rumble;TOP;NONE;1;2;0;3;7579;169;17;14674;9269;7;1;14;FSttvx9BcRnz7nxXM7ZVfgtfXVspPT7ecrBU54KmqC7XN2HpSGGW0InCGTL13LHxCAou_WlMjD02yg;5,000000000000000
EUW1_7800806643;2026-03-27T17:51:43Z;1142;420;Vi;JUNGLE;NONE;1;6;0;4;8364;141;22;7442;14064;5;2;13;4o16KgK1dwiL6cq_cTjeRSfmvRx1af-x6AaMDCQSabHM2trd1NT17TUIR-2m6gFPZO_tAyXbtMEl8w;10,000000000000000
EUW1_7800806643;2026-03-27T17:51:43Z;1142;420;Katarina;MIDDLE;NONE;1;14;3;7;12064;163;10;26318;14240;5;1;14;w9GRC8x5WgLMY1d4PEC2iJcHVVbmOglaaK6xLbhBAhYrAUP-NBxw88olqKoBWPwqOuPXvQoy5O19lQ;7,000000000000000
EUW1_7800806643;2026-03-27T17:51:43Z;1142;420;Kalista;BOTTOM;NONE;1;10;4;7;12150;160;16;20454;15472;7;2;12;_N1luLek8-n0EhIFB8qkPcrGX5js1kunTtKXoOhTtia4SPgWG0e92Uj_kcYJWnax0Nvr0MAdqPFang;4,250000000000000
EUW1_7800806643;2026-03-27T17:51:43Z;1142;420;Lulu;UTILITY;NONE;1;2;3;21;7970;22;41;12028;13534;17;2;11;XvkA4Zte2YwZByFe0y-7gS1XjXWFtFdg3GC5V7h0FdZxbrvfI7wTP5p7m7dBfSajdlVoCRmebMkPmA;7,666666666666667
EUW1_7800766609;2026-03-27T17:21:12Z;1462;420;Yasuo;TOP;JUNGLE;0;1;5;1;8174;181;22;21515;26095;9;0;14;2vakuGydoEZOpsnFu9UhDjLG2xv1QlhbmtS9jvCXyiRWN7pbw9-LfFhQjdEvW1Xx4q87nNesniiQ_Q;0,400000000000000
EUW1_7800766609;2026-03-27T17:21:12Z;1462;420;Jayce;JUNGLE;JUNGLE;0;1;6;4;9415;186;27;8215;18636;9;4;13;aGCYjGSKJiSOKlftC0B47QMyaBkvlu_RDmfFL1jp3todgycNLir31a_YfkpX63ikxnb130gJdqNlvw;0,833333333333333
EUW1_7800766609;2026-03-27T17:21:12Z;1462;420;Syndra;MIDDLE;MIDDLE;0;4;11;0;8826;176;11;17938;25367;5;1;13;HqQSahCTp_2FbKA489-KzgI2UH77ZplICcWa2H_ser_L_xaR8XN1NlvFfR7ikJHqn19iioq0VPDhsQ;0,363636363636364
EUW1_7800766609;2026-03-27T17:21:12Z;1462;420;Senna;BOTTOM;BOTTOM;0;5;7;3;9947;185;20;14698;17432;9;2;12;Tj6G1Xne3f4xTlV4njGn4f-9nPlyunY_y2Z1yXRnFsiVOi5-CsxilCiJeZqajxF7RrZu4Re27LoXhQ;1,142857142857143
EUW1_7800766609;2026-03-27T17:21:12Z;1462;420;Nautilus;UTILITY;BOTTOM;0;2;2;6;6554;53;52;9326;12447;21;7;12;lVP3K53QZVeS39a4l6_-S8Ob68pGQcNkgKZxQSeWJWp-hhioIvuUdK52_vJE7xtG7tDCjaL34yG-VQ;4,000000000000000
EUW1_7800766609;2026-03-27T17:21:12Z;1462;420;KSante;TOP;JUNGLE;1;2;2;7;10922;213;15;18077;28882;9;1;17;IIq6N7mpkXdWR62tw1hfA4QtDsX5_OF8ioMnRI7Cr7NE2S5CesrzkDdQsom5lx9qx6nxRqJlaSaV3A;4,500000000000000
EUW1_7800766609;2026-03-27T17:21:12Z;1462;420;Qiyana;JUNGLE;JUNGLE;1;11;1;6;15072;233;45;21717;19728;9;7;17;4LiyQ9VGtoJQpjkYoCh284biNhVSAY7f5X4YMcNvI0xPsnj47Y32X6-ocXKhp2R2hMuP_caXByWjkQ;17,000000000000000
EUW1_7800766609;2026-03-27T17:21:12Z;1462;420;Akali;MIDDLE;MIDDLE;1;12;1;2;13121;223;10;24390;24956;3;2;17;eedEru7h7XXlufocO97CSCWgLqbE2e_sHu5xlOOFUvkk0NHSTWpLDWKcwBdmx82me--KLMhHEHU40Q;14,000000000000000
EUW1_7800766609;2026-03-27T17:21:12Z;1462;420;Vayne;BOTTOM;BOTTOM;1;4;3;4;11476;176;11;13779;14553;5;3;13;YWihzYduS1Otd-tmzPfbKbpq5v-RPoayh3WWk3JTJljox0y0buSOefS29UPdXWxReqJrLY0Xivcp6g;2,666666666666667
EUW1_7800766609;2026-03-27T17:21:12Z;1462;420;Thresh;UTILITY;BOTTOM;1;2;6;6;7281;30;52;4717;21111;26;3;12;F2KerQeoo5oIlSFe4ZSRLq1NORJ0I1vdcCthj0Yk6dl5KtYrwmx689ClqkRZDKnukupJ7jMBtHm5lA;1,333333333333333
EUW1_7800716932;2026-03-27T16:44:23Z;1679;420;Aurora;TOP;JUNGLE;0;4;7;4;9726;182;20;20910;24713;11;1;15;tqjMLQaHEc59rUszxGUD3cFxm5CRAfb_VtbfIQtdWD6y3VgdDfUIWB1bXwLTzNVIy2mPiEABv26p_g;1,142857142857143
EUW1_7800716932;2026-03-27T16:44:23Z;1679;420;Ambessa;JUNGLE;JUNGLE;0;5;5;3;11897;225;35;35066;35331;13;0;16;4LiyQ9VGtoJQpjkYoCh284biNhVSAY7f5X4YMcNvI0xPsnj47Y32X6-ocXKhp2R2hMuP_caXByWjkQ;1,600000000000000
EUW1_7800716932;2026-03-27T16:44:23Z;1679;420;Leblanc;MIDDLE;MIDDLE;0;5;4;3;10253;185;25;26037;22475;6;3;14;eedEru7h7XXlufocO97CSCWgLqbE2e_sHu5xlOOFUvkk0NHSTWpLDWKcwBdmx82me--KLMhHEHU40Q;2,000000000000000
EUW1_7800716932;2026-03-27T16:44:23Z;1679;420;Corki;BOTTOM;BOTTOM;0;2;10;2;10187;204;17;18060;24933;10;3;13;lpD96W8wsSEP8CoGCRR2fwmMNH-Kv5s5nAsSM6W2XenJLAIUTXVSOsTGNVqioH_GL5l0WViDKZPpjw;0,400000000000000
EUW1_7800716932;2026-03-27T16:44:23Z;1679;420;Nami;UTILITY;BOTTOM;0;2;13;10;7840;19;87;8582;26353;47;5;12;Xe31quJzANDP6pTiCHJUhIk2BD1aB-My_Z4D69yukeTL_4lVMd5hNCo4y-RmgXD8a82mm_8zAG7TwQ;0,923076923076923
EUW1_7800716932;2026-03-27T16:44:23Z;1679;420;Sylas;TOP;TOP;1;16;4;8;13108;158;29;37769;34064;8;4;16;FFeVQZ5H-bqiJADuZPFbroqoNb4sZI_nivdJAG-un7vHwaOnGyWxL2zuxA_Y71OvFRoFPd5pjEUu9w;6,000000000000000
EUW1_7800716932;2026-03-27T16:44:23Z;1679;420;JarvanIV;JUNGLE;JUNGLE;1;10;1;18;14608;246;23;26332;35540;5;2;17;kKZeeggC9P2l5JbPnJF42lX1rerk0ORdYIaBOY26M51TZ8KQ0Jgve2z02r_k7stFNscvcd8kr1X31g;28,000000000000000
EUW1_7800716932;2026-03-27T16:44:23Z;1679;420;Galio;MIDDLE;MIDDLE;1;2;2;13;10256;237;18;15534;27600;5;4;16;HqQSahCTp_2FbKA489-KzgI2UH77ZplICcWa2H_ser_L_xaR8XN1NlvFfR7ikJHqn19iioq0VPDhsQ;7,500000000000000
EUW1_7800716932;2026-03-27T16:44:23Z;1679;420;Ashe;BOTTOM;BOTTOM;1;8;8;15;13503;232;25;24277;26376;6;6;14;iDz1UkdYe4IFPUj6ym3PolTjcBg-jyrhr1g-vAjqm7oPWG1cyu3Wa87gNg2VFlnUVgAzQw1bxnu1dg;2,875000000000000
EUW1_7800716932;2026-03-27T16:44:23Z;1679;420;Lulu;UTILITY;BOTTOM;1;3;3;28;9162;28;130;10283;15514;44;16;13;NFtM5aYgoiR-FtfScxXrd14wDT_7mfgLxzxy9VQTnfgH5Kc44RVMNB8gIkTmj9CASSJO4TQYAfMlAw;10,333333333333334
EUW1_7801042346;2026-03-27T20:41:23Z;1545;420;Varus;TOP;TOP;0;6;6;3;10849;206;30;17920;22880;11;7;14;TdW-P0_lRAFC1JxIUT2qpfCVB4Fpui64owEIM0Vyxl4YiO_rlYnTNVOY9dTm8ug5fYhsh4lB7cc74A;1,500000000000000
EUW1_7801042346;2026-03-27T20:41:23Z;1545;420;Olaf;JUNGLE;JUNGLE;0;3;8;7;10423;181;22;19229;30875;6;5;14;5Mdph1Wgl2mR4bvDQ-Kxviy-icGYF9TPa8Uch7sjcBDnn7R25HHtWBcJk669NErHHk1hsEYuctFCtQ;1,250000000000000
EUW1_7801042346;2026-03-27T20:41:23Z;1545;420;Xerath;MIDDLE;MIDDLE;0;1;4;6;8557;175;17;13981;13890;9;0;13;hWqb2PlH0aEfqmQDEOLTkIUpFOlUXAiG97yjcIgnvJAhYJpgZ_AYEjnP1hwgXcPRbSS7XWWyZgv-Wg;1,750000000000000
EUW1_7801042346;2026-03-27T20:41:23Z;1545;420;Zilean;BOTTOM;BOTTOM;0;3;6;3;9160;154;44;6959;15488;10;6;13;1G014F_RBCm55noOm-wH_B-xZr5_IYt184qJ6Px57KPOkHtcvbWBWx6kyRucmgsoY3Iqs2Sj70Adqg;1,000000000000000
EUW1_7801042346;2026-03-27T20:41:23Z;1545;420;Shen;UTILITY;MIDDLE;0;2;5;6;6658;22;65;6050;15511;34;4;10;RbafiUwl6UphJr4OJRyBlZlQ0jh82pLUXAtTc84zw4OBiHvPT_mF_3L7bDSMFRa0YhhA7mDIs7t34A;1,600000000000000
EUW1_7801042346;2026-03-27T20:41:23Z;1545;420;AurelionSol;TOP;JUNGLE;1;10;4;8;11050;151;12;20714;15754;9;1;15;WS1_rGdOyxPN64hUtFmez_URIMw_LBBwvj507QUMbhfxCjWDh_70z7wnyfIYbcNiq0q0JLJRN6n53w;4,500000000000000
EUW1_7801042346;2026-03-27T20:41:23Z;1545;420;Camille;JUNGLE;JUNGLE;1;6;4;7;11617;197;31;19381;26363;5;3;15;rpBEuw2a3u93lUGiz5bJmqiYbqr3q09u2asUKVCgZdlDMPYZQR4UGjl_KAh2D3KLZof3jeM-1ey82w;3,250000000000000
EUW1_7801042346;2026-03-27T20:41:23Z;1545;420;Sylas;MIDDLE;MIDDLE;1;4;4;11;10959;203;34;15816;20988;7;7;15;rQvkl6wfB6FAZBJc7ahWJZYJ2gO8iB87oi5VlaZIgYcj9RqD_wDZVpQDDXKQDwKJtn_eU4jr6ntoHg;3,750000000000000
EUW1_7801042346;2026-03-27T20:41:23Z;1545;420;Ashe;BOTTOM;BOTTOM;1;8;1;8;15716;263;31;22566;12838;12;6;15;QoY2p9TXW0MqJyJDSlr7pO3vsvNx3WLMoeQa5RsEDtv8GXTWuRg8Hzf4snmRKKHVQLSx5NvWM0Yovg;16,000000000000000
EUW1_7801042346;2026-03-27T20:41:23Z;1545;420;Karma;UTILITY;BOTTOM;1;1;2;16;8209;29;97;7168;11822;42;12;11;BRLg6A8ZPTWMV0rjk15NJtnA-JzFQGcMmbQrDIHapfE7JvaVVL_N-Nvjd9A5sso_RiR4p8XtC0R_Vg;8,500000000000000
EUW1_7800988337;2026-03-27T20:07:02Z;1306;420;Rumble;TOP;JUNGLE;1;1;1;4;8535;214;23;13896;11228;9;1;15;k75bwUMsRNxK7tz23pZKK0DXOEqlGKuDA6R7dJDMkdjgp0sTYcwNFPKN6aBzNcjc_eiuL19qgeiTjg;5,000000000000000
EUW1_7800988337;2026-03-27T20:07:02Z;1306;420;Vi;JUNGLE;JUNGLE;1;7;2;5;11001;197;27;18554;17152;4;4;15;rpBEuw2a3u93lUGiz5bJmqiYbqr3q09u2asUKVCgZdlDMPYZQR4UGjl_KAh2D3KLZof3jeM-1ey82w;6,000000000000000
EUW1_7800988337;2026-03-27T20:07:02Z;1306;420;Syndra;MIDDLE;MIDDLE;1;3;1;0;9626;213;21;14344;8214;8;4;14;rQvkl6wfB6FAZBJc7ahWJZYJ2gO8iB87oi5VlaZIgYcj9RqD_wDZVpQDDXKQDwKJtn_eU4jr6ntoHg;3,000000000000000
EUW1_7800988337;2026-03-27T20:07:02Z;1306;420;Yunara;BOTTOM;BOTTOM;1;5;2;4;12137;223;15;23840;12759;8;3;13;TdW-P0_lRAFC1JxIUT2qpfCVB4Fpui64owEIM0Vyxl4YiO_rlYnTNVOY9dTm8ug5fYhsh4lB7cc74A;4,500000000000000
EUW1_7800988337;2026-03-27T20:07:02Z;1306;420;Lulu;UTILITY;MIDDLE;1;1;3;9;6615;22;62;8202;12235;26;7;10;1cjX_Xz5XDsAbsC7nsT9KdKxrJsU81D9aNlTvg9dDb-UkzizSiz9mWc9SkbIne1ac0RY3h_UUeqKKA;3,333333333333333
EUW1_7800988337;2026-03-27T20:07:02Z;1306;420;Sion;TOP;JUNGLE;0;1;2;0;6989;188;22;8455;20604;10;0;14;dTFNyupH9Vd7uSt2AmPOlskLsEQhrsk_QZ0h9sHQ9Wy5fVxlYL3_lJF1jfkDWNXJdpuYFHimYgZnUQ;0,500000000000000
EUW1_7800988337;2026-03-27T20:07:02Z;1306;420;XinZhao;JUNGLE;JUNGLE;0;4;2;2;8578;168;21;8870;25882;5;5;12;k1e-OjeuDd3M2qcGsFZlCYjlivqDXxii8U4Qje3Cez22kyoS494YAKJynPWrOR-v79NgTsZnHrc4UA;3,000000000000000
EUW1_7800988337;2026-03-27T20:07:02Z;1306;420;Anivia;MIDDLE;MIDDLE;0;2;2;3;7232;154;13;10382;18355;8;0;13;eHs6uB17TOdVDOe3xeXzBYeGSocY4v0m9tyQkozW8saQezAUz1ie-nHl7zdkQfbhQXwubzJIvcbaWA;2,500000000000000
EUW1_7800988337;2026-03-27T20:07:02Z;1306;420;Aphelios;BOTTOM;BOTTOM;0;1;6;3;8636;168;10;9740;17816;6;1;11;cBYBvtq32HwopvFDRnUaiMKLQt3uw4GgkN_32FLr8MJBH4td4aHZRkrs11IZ49qgiYsmXkHQmOwXaQ;0,666666666666667
EUW1_7800988337;2026-03-27T20:07:02Z;1306;420;Karma;UTILITY;BOTTOM;0;1;5;4;5698;31;48;6794;13468;23;4;10;jZ5PDI_dvWZjgeaTrgNgPu5XCOuby2LVjZhZey0gdTKJ0lmlLS8TwijypkpFd-Uas7SlfgEVytNbSA;1,000000000000000
EUW1_7801278679;2026-03-27T23:07:42Z;1881;420;Darius;TOP;JUNGLE;1;1;3;5;12297;253;26;28895;35797;6;6;17;Vu8WrTvdB-WMKTBRLyy6C8T-zys2pi0r-G-qmlpoVSjS4QoutO6ZifWMrmgJi5yPNZUE8A8SoqcIPQ;2,000000000000000
EUW1_7801278679;2026-03-27T23:07:42Z;1881;420;Diana;JUNGLE;JUNGLE;1;5;2;9;13462;236;20;26338;25826;3;4;16;_N1luLek8-n0EhIFB8qkPcrGX5js1kunTtKXoOhTtia4SPgWG0e92Uj_kcYJWnax0Nvr0MAdqPFang;7,000000000000000
EUW1_7801278679;2026-03-27T23:07:42Z;1881;420;Akali;MIDDLE;MIDDLE;1;12;7;9;15586;230;29;49754;44056;12;2;17;2vakuGydoEZOpsnFu9UhDjLG2xv1QlhbmtS9jvCXyiRWN7pbw9-LfFhQjdEvW1Xx4q87nNesniiQ_Q;3,000000000000000
EUW1_7801278679;2026-03-27T23:07:42Z;1881;420;Kaisa;BOTTOM;BOTTOM;1;9;5;5;18265;325;32;48937;26622;10;7;17;iDz1UkdYe4IFPUj6ym3PolTjcBg-jyrhr1g-vAjqm7oPWG1cyu3Wa87gNg2VFlnUVgAzQw1bxnu1dg;2,800000000000000
EUW1_7801278679;2026-03-27T23:07:42Z;1881;420;Ivern;UTILITY;BOTTOM;1;1;4;17;9610;27;97;10231;15735;39;10;15;K6Og40TPWrePRZLqLysNYZKst_3M40I8RPIkMPVJqIcP7SLvd_fduP4gGs-Mr4y5Iru-gld2dMlOWA;4,500000000000000
EUW1_7801278679;2026-03-27T23:07:42Z;1881;420;DrMundo;TOP;TOP;0;4;1;1;13132;282;34;36833;90857;10;3;18;NmC5gQoJ4ZQERvh7OTgdHoanaBcy9QcP4ZZa-1lM8U9aTLv4TJWJ-e8YDwIA5bLWdCDqN3HbVYhE4A;5,000000000000000
EUW1_7801278679;2026-03-27T23:07:42Z;1881;420;JarvanIV;JUNGLE;JUNGLE;0;4;9;8;10848;169;22;11389;27595;3;3;15;LxPAIDhXMsYXmGxY7cTdD_RB7b4PZ0m4w0GslfdE1HF8lRq43TUg2jI9IER7HX0JS3nMWNjYKVUEQg;1,333333333333333
EUW1_7801278679;2026-03-27T23:07:42Z;1881;420;Ahri;MIDDLE;MIDDLE;0;3;8;3;11231;211;16;15541;28657;5;3;15;XA1rQiwwszg1zoU5-Jnq1Xi3gFdKYYoHuPTm8r_RY6Uvidzo13_WiUFWoLmgvCZSf1B_2JTO_X4tTA;0,750000000000000
EUW1_7801278679;2026-03-27T23:07:42Z;1881;420;Velkoz;BOTTOM;BOTTOM;0;9;6;3;14293;264;23;27414;17215;9;4;15;aDrjtFyv6WW-2ZqBBvhiWdA6m4Yp5BznqkzEtejlAyaL0LlVdariyZDSFKYJAFC75EMZXqyglHCKuA;2,000000000000000
EUW1_7801278679;2026-03-27T23:07:42Z;1881;420;Anivia;UTILITY;BOTTOM;0;1;4;10;8355;27;112;15477;30688;58;6;14;c6uFLtKf1H5_IYmWK5GWDfmZBDkgiNm26m29Lrg7-2aytwe2iRZT7GPLd36J0le0aIergkfRT59YZQ;2,750000000000000
EUW1_7801125672;2026-03-27T21:29:15Z;1685;420;Gnar;TOP;JUNGLE;0;0;7;3;10002;248;25;22058;31925;10;2;16;UgGjT27-Ca7RlkQh3ZlgJJMuchwjRffStyWLbFUwx7OSZ35t723CXDXnWjaLuCytN-iFdLIvpiTFng;0,428571428571429
EUW1_7801125672;2026-03-27T21:29:15Z;1685;420;XinZhao;JUNGLE;JUNGLE;0;3;8;9;10024;166;36;16273;38722;5;7;14;lyNPn8XWfNeeUnZSirwN6lnVO2NiCaiZhC4svn4Vvv9P9d2fduPCUQGzudL1DKd8eRQpanPLqao1CQ;1,500000000000000
EUW1_7801125672;2026-03-27T21:29:15Z;1685;420;Leblanc;MIDDLE;MIDDLE;0;7;8;2;11190;186;27;18308;21612;9;6;14;2GlNaMSoiRDLa7Vg71yVOkMA0sHbHZdFxq5cLkHflYiRlbLQkeM2vBHvrfbfa_-OOtTODL5Ltwbv9A;1,125000000000000
EUW1_7801125672;2026-03-27T21:29:15Z;1685;420;Mel;BOTTOM;BOTTOM;0;12;8;4;12762;196;20;17917;21532;10;1;14;Lew0xW50uOBEGt_UZRaBcu7fy14noI2IpEMXyYBwwQJtDCKY2I_4TXt-mZlOKufrW9qmyJ_-ohOXig;2,000000000000000
EUW1_7801125672;2026-03-27T21:29:15Z;1685;420;Xerath;UTILITY;BOTTOM;0;2;7;15;8713;45;78;14150;20863;41;5;12;z0yGCNqDhKmpVsj6B5zKE0CWaextYzECaD2llYb5IbnZnNzKwb0dL0Zr6Pet3XGYGWXdjfr2zX5Bvg;2,428571428571428
EUW1_7801125672;2026-03-27T21:29:15Z;1685;420;Riven;TOP;TOP;1;15;0;2;15161;242;27;28606;19966;11;2;18;tV4zjd_ekJx7eLVfuo2oqG8FeImkpGU547UFCGiOz3k09cSLQrE9oOFfCF15IBMbtL5HugNyWMEg3w;17,000000000000000
EUW1_7801125672;2026-03-27T21:29:15Z;1685;420;Nocturne;JUNGLE;JUNGLE;1;6;5;12;14215;237;31;23098;38643;5;5;17;4o16KgK1dwiL6cq_cTjeRSfmvRx1af-x6AaMDCQSabHM2trd1NT17TUIR-2m6gFPZO_tAyXbtMEl8w;3,600000000000000
EUW1_7801125672;2026-03-27T21:29:15Z;1685;420;Aurora;MIDDLE;MIDDLE;1;10;6;7;13876;257;21;29427;27871;7;2;17;2vakuGydoEZOpsnFu9UhDjLG2xv1QlhbmtS9jvCXyiRWN7pbw9-LfFhQjdEvW1Xx4q87nNesniiQ_Q;2,833333333333333
EUW1_7801125672;2026-03-27T21:29:15Z;1685;420;Velkoz;BOTTOM;JUNGLE;1;5;6;6;12983;197;14;21162;13964;9;3;15;T5GWpeckYjSb2HKSDFJYHf63KUtVEomfqg73IkhI-PK_DrTdLjbt2gDqcqNOFLByUYrqRgzin8p9Bw;1,833333333333333
EUW1_7801125672;2026-03-27T21:29:15Z;1685;420;Leona;UTILITY;BOTTOM;1;1;7;13;8920;31;118;10413;21465;51;8;13;g6NL4Ak0YDUF3zIE0-Z-4072UcX1c21R45Ptk7OJQ1yVsGOZydEQGZWb0f7CSa2hgUexDa-mnYvsCA;2,000000000000000
EUW1_7800807613;2026-03-27T17:51:37Z;1526;420;Ambessa;TOP;JUNGLE;1;1;5;6;9340;200;13;23483;24019;7;0;16;vLK6nYHPQlzdKSJHkeT7bhvVSB5mNqYfETlasmZgdFS4ZctivHWE4q8m-r6AZ4ip4LRvbybot8E8kw;1,400000000000000
EUW1_7800807613;2026-03-27T17:51:37Z;1526;420;Camille;JUNGLE;JUNGLE;1;10;3;10;13728;196;31;25419;27645;7;5;16;XO3xqSrDn_zKgNMthKyuq27M68mLNYrB80s795g-GXlm7HXeGOhhUQ3-9TR_kKLQnKwwDEXf8MVZSQ;6,666666666666667
EUW1_7800807613;2026-03-27T17:51:37Z;1526;420;Anivia;MIDDLE;MIDDLE;1;6;2;11;12229;236;13;32304;22669;9;2;17;2vakuGydoEZOpsnFu9UhDjLG2xv1QlhbmtS9jvCXyiRWN7pbw9-LfFhQjdEvW1Xx4q87nNesniiQ_Q;8,500000000000000
EUW1_7800807613;2026-03-27T17:51:37Z;1526;420;Vladimir;BOTTOM;BOTTOM;1;10;5;8;14445;220;13;33522;33243;7;0;14;_tZ226UCmTREkOXB2kescX_csmiFBYp6HfAiRtSyqKJ4pKpqQQnS_8_0Q5nv9qDUylH2vh-xtumE4A;3,600000000000000
EUW1_7800807613;2026-03-27T17:51:37Z;1526;420;Senna;UTILITY;BOTTOM;1;2;2;20;9241;24;50;20362;14124;19;4;14;Aqcvhj-4edah_SBOfcd1ciBCC2kokdNLXXXU_NUmx2-MrQmQh77OL1xg2ChopcdoME9nvbeSPEkgPg;11,000000000000000
EUW1_7800807613;2026-03-27T17:51:37Z;1526;420;DrMundo;TOP;TOP;0;5;7;0;11059;191;21;24335;62126;10;1;15;YJtXw37qxtAYQih1cD3x2US-j7sxugaoJzGEgrIfQY2fDdUHuu_C1o3-O17FFRIotuplqcTMk0kQXw;0,714285714285714
EUW1_7800807613;2026-03-27T17:51:37Z;1526;420;XinZhao;JUNGLE;JUNGLE;0;6;6;6;11215;174;32;20914;36281;5;4;14;G8Ce1kwpFnIkimQ2tPowC6tPYmaZh9qSBTA4s7A4VWjdUUKXmCuxRtcuqSoK0feBer-o2rQGpMD1WA;2,000000000000000
EUW1_7800807613;2026-03-27T17:51:37Z;1526;420;Ryze;MIDDLE;MIDDLE;0;2;4;4;9227;218;27;14201;25367;10;3;16;xu_a_pDf-bjxbRHrbvGClZY187fAftj4rDgZRY8ZWk260BlZsBxBUPqxllEvGgcWLMqKyK3XWkznTg;1,500000000000000
EUW1_7800807613;2026-03-27T17:51:37Z;1526;420;Nilah;BOTTOM;BOTTOM;0;1;6;6;9256;188;22;11803;19927;9;3;13;w4xRLb-fzqCzbkZYE6KgX_C8hjLM9oaP_d5qRr_ZkfOn791wuvckbLn0p1ysUPiEWe9RU__m9ADe4A;1,166666666666667
EUW1_7800807613;2026-03-27T17:51:37Z;1526;420;Seraphine;UTILITY;BOTTOM;0;3;6;8;7926;32;42;12473;21382;14;1;13;vN6luaesSB3btBjZNMolBhIPsgcC18zYhZXLkByM_kdvRtmXe1YVrXcc05nXmV2fN1-fgh8HQInbyQ;1,833333333333333
EUW1_7799811390;2026-03-26T20:38:09Z;1733;420;Jayce;TOP;JUNGLE;0;5;7;8;11717;220;39;27590;32099;11;7;15;cKye3JO8mrny3CKxlWDij4T1gyYHpm02SyZru4pry7G_icjTcuokMHmNzA6FyvTHVO0ZI1A4FTxhwQ;1,857142857142857
EUW1_7799811390;2026-03-26T20:38:09Z;1733;420;LeeSin;JUNGLE;JUNGLE;0;4;5;9;10816;190;22;20032;31072;11;1;15;nXnmjO42mPgenE6pC1Hc8RH_LMipDyvUUJCwWJhwq0EUUo9SNe3eOEHqC6d5Av8bJ6b0JJmSxyrh7Q;2,600000000000000
EUW1_7799811390;2026-03-26T20:38:09Z;1733;420;Lissandra;MIDDLE;JUNGLE;0;8;10;5;11882;200;37;41786;34112;14;2;14;o6idEWAT_Qurfln1APUbbzAJHZTRX1RiWEVFqT9b_qnrg9qLm75OQyrF0w2Yb4XTO-posU7AneApYw;1,300000000000000
EUW1_7799811390;2026-03-26T20:38:09Z;1733;420;Veigar;BOTTOM;BOTTOM;0;5;10;3;11398;182;28;23278;23835;12;3;14;X6lpXj1kL8L-9UDvoNsL3vJUHlOMlQyf0dw3sn_7FOu5jo6F1r9qckidcENmgBGZOpvq5Oc8As7kMQ;0,800000000000000
EUW1_7799811390;2026-03-26T20:38:09Z;1733;420;Alistar;UTILITY;BOTTOM;0;1;7;11;8134;26;87;7737;32225;40;4;11;xjK7rz1GKba7rxIuVayn0z-nxQuZINJt9HnlxOww7fFIo80S00Hm7MWIV6Yx6aDdZ_No640gHNpPzQ;1,714285714285714
EUW1_7799811390;2026-03-26T20:38:09Z;1733;420;Malphite;TOP;TOP;1;4;9;10;10588;170;33;23072;24880;9;5;16;ALrTCKLc0oL27rbh1RoXBz7Xob-KeOpmJmBlIq_AQ_tj0GjX0iwuFEinpca60UaGAx57YXVKfW9MXA;1,555555555555556
EUW1_7799811390;2026-03-26T20:38:09Z;1733;420;XinZhao;JUNGLE;JUNGLE;1;13;1;12;15797;217;42;40626;50599;8;9;17;k1e-OjeuDd3M2qcGsFZlCYjlivqDXxii8U4Qje3Cez22kyoS494YAKJynPWrOR-v79NgTsZnHrc4UA;25,000000000000000
EUW1_7799811390;2026-03-26T20:38:09Z;1733;420;Smolder;MIDDLE;MIDDLE;1;7;7;11;13028;217;12;28003;27346;7;3;16;FNDpQ_IyHiold2d0Z0WDxqeFdegEdU_y51t05m6hmzc6bRa-XsWDnecQFfYsfYTi8HZJTbAnf2rxMw;2,571428571428572
EUW1_7799811390;2026-03-26T20:38:09Z;1733;420;Anivia;BOTTOM;BOTTOM;1;9;2;14;16049;244;24;22793;29252;11;2;17;eHs6uB17TOdVDOe3xeXzBYeGSocY4v0m9tyQkozW8saQezAUz1ie-nHl7zdkQfbhQXwubzJIvcbaWA;11,500000000000000
EUW1_7799811390;2026-03-26T20:38:09Z;1733;420;Bard;UTILITY;TOP;1;6;4;18;10243;20;107;18721;23294;39;15;14;aUhWwPCXcQNm-YhtmX8C7Ka1wXAPC8lWi1JRFYN8T-vCAiua8PuQmLWNWYhyMTn5jdezS1By9R4dZA;6,000000000000000
EUW1_7800984121;2026-03-27T20:01:16Z;2049;420;Camille;TOP;JUNGLE;1;5;6;8;16927;297;50;29219;35902;16;4;19;cKye3JO8mrny3CKxlWDij4T1gyYHpm02SyZru4pry7G_icjTcuokMHmNzA6FyvTHVO0ZI1A4FTxhwQ;2,166666666666667
EUW1_7800984121;2026-03-27T20:01:16Z;2049;420;Zyra;JUNGLE;JUNGLE;1;4;5;15;16456;285;37;31928;21641;4;9;18;aRJOFgBLth56ldSBftRa9MpAX7oyEnPrHcMdVo8Te85Fd10ntzvJOm68Rv0R-mYqG8p6Eb7ctq9UUQ;3,800000000000000
EUW1_7800984121;2026-03-27T20:01:16Z;2049;420;Swain;MIDDLE;JUNGLE;1;12;2;9;17546;285;31;38888;33795;15;3;18;s08R84Umiy9v6KkokiTWNnAvLTPEh0gmGkS253tJsSJpnns-tbP9HAe8OJVuTKDR43GrjIY9x0ee0Q;10,500000000000000
EUW1_7800984121;2026-03-27T20:01:16Z;2049;420;Corki;BOTTOM;BOTTOM;1;7;2;7;17781;315;27;28199;20476;12;5;18;iCvD09ut0VCQbFo8ITMDScmC85cxXwWNdcrq1xfkOX5lU8UwTtmfqQQjca-Ofy3XYrd2IpI1bX9bkQ;7,000000000000000
EUW1_7800984121;2026-03-27T20:01:16Z;2049;420;Pyke;UTILITY;BOTTOM;1;5;5;7;10667;35;126;12561;20632;50;14;14;_AJosKEj-k-nhriyHDhK_lIX58xaK38hY3PSrCRG_gsf3qvn3zemZPzX_B17GWQ0JdAJGgakZnDWzw;2,400000000000000
EUW1_7800984121;2026-03-27T20:01:16Z;2049;420;Garen;TOP;TOP;0;7;8;2;13102;230;33;25193;49108;14;1;18;5GR758aYrKezEc7Q3PnRkyZxKbtXCPz8-2KRjdbv8gj0HAyVeSNf378BAMY_nvazrZlPGS9ShHrveQ;1,125000000000000
EUW1_7800984121;2026-03-27T20:01:16Z;2049;420;Nidalee;JUNGLE;JUNGLE;0;6;7;8;12617;189;53;21278;28495;6;9;15;Md67vjYGerYXX1jInjt2Rg3i7QvPhS2p0JIIurHGSsdnikW9w7fO5p5HlwVdouXYnB3bw6WVnYw0vg;2,000000000000000
EUW1_7800984121;2026-03-27T20:01:16Z;2049;420;Anivia;MIDDLE;MIDDLE;0;2;6;3;11648;265;28;16493;37084;12;1;17;RbafiUwl6UphJr4OJRyBlZlQ0jh82pLUXAtTc84zw4OBiHvPT_mF_3L7bDSMFRa0YhhA7mDIs7t34A;0,833333333333333
EUW1_7800984121;2026-03-27T20:01:16Z;2049;420;Yunara;BOTTOM;BOTTOM;0;5;6;9;18770;342;26;35370;27853;10;7;16;f2P2PMWz4QxQ05jXKwO17L1DZsy7agG-Cwp93qesMpSZscsEXyla1ufHwuMRVal__XNekaD_BtRrog;2,333333333333333
EUW1_7800984121;2026-03-27T20:01:16Z;2049;420;Karma;UTILITY;BOTTOM;0;0;6;8;8306;42;97;6407;24226;43;9;14;hWqb2PlH0aEfqmQDEOLTkIUpFOlUXAiG97yjcIgnvJAhYJpgZ_AYEjnP1hwgXcPRbSS7XWWyZgv-Wg;1,333333333333333
EUW1_7800937730;2026-03-27T19:28:43Z;1589;420;Camille;TOP;JUNGLE;0;4;6;6;11076;225;23;21397;29540;10;1;16;TgzGfu_Fi2ZXcQ7SCiGPpzw8Ch3M_mwWcntOQUAqN_np0QeSCWgT84-10VlDV97eqy5E0vAIz8lTow;1,666666666666667
EUW1_7800937730;2026-03-27T19:28:43Z;1589;420;Nunu;JUNGLE;JUNGLE;0;4;5;13;11396;190;20;15544;34364;3;2;15;w3BosLTRBulL_ZFL_GwfPN4SGaLiTftUhj6ts37N0k4GmIycXQvUppPnELK9Uqpz1bude-dfHVwxmQ;3,400000000000000
EUW1_7800937730;2026-03-27T19:28:43Z;1589;420;Sylas;MIDDLE;MIDDLE;0;11;6;5;11855;142;12;32821;33474;4;2;14;FFeVQZ5H-bqiJADuZPFbroqoNb4sZI_nivdJAG-un7vHwaOnGyWxL2zuxA_Y71OvFRoFPd5pjEUu9w;2,666666666666667
EUW1_7800937730;2026-03-27T19:28:43Z;1589;420;Varus;BOTTOM;BOTTOM;0;5;10;7;11693;168;17;19871;18027;8;2;13;iCvD09ut0VCQbFo8ITMDScmC85cxXwWNdcrq1xfkOX5lU8UwTtmfqQQjca-Ofy3XYrd2IpI1bX9bkQ;1,200000000000000
EUW1_7800937730;2026-03-27T19:28:43Z;1589;420;Karma;UTILITY;BOTTOM;0;1;6;17;7656;22;80;11728;17030;36;8;12;PYlNFR4UadyA_leSZMNoeZ2WzYgSKouRuwV5gMMc94vKSN6Lf2Mbi3nZIhus3xVsoLYUAwVjf2eN6w;3,000000000000000
EUW1_7800937730;2026-03-27T19:28:43Z;1589;420;Singed;TOP;JUNGLE;1;3;5;10;9801;183;10;18390;26740;2;1;16;21Yk7SkzmV6soRAL9Jz0NSJZjOl0Wfe5I_VwbVx9WHgsmqemruGYgZlNhRL2bqchVcDuAdFlrCYlwA;2,600000000000000
EUW1_7800937730;2026-03-27T19:28:43Z;1589;420;Nocturne;JUNGLE;JUNGLE;1;5;5;6;11267;204;29;15628;32178;4;5;15;4o16KgK1dwiL6cq_cTjeRSfmvRx1af-x6AaMDCQSabHM2trd1NT17TUIR-2m6gFPZO_tAyXbtMEl8w;2,200000000000000
EUW1_7800937730;2026-03-27T19:28:43Z;1589;420;Zaahen;MIDDLE;MIDDLE;1;3;6;7;11528;215;34;20291;30607;12;4;15;Ir7WlwBErS56nuvkK11qTSqAGREVIGCHzY00_UqVTj1jZJ4_nDz7-_1GPozU-V3EeHcukFT-coibKQ;1,666666666666667
EUW1_7800937730;2026-03-27T19:28:43Z;1589;420;Katarina;BOTTOM;BOTTOM;1;22;3;4;19285;222;21;47010;25886;4;6;15;w9GRC8x5WgLMY1d4PEC2iJcHVVbmOglaaK6xLbhBAhYrAUP-NBxw88olqKoBWPwqOuPXvQoy5O19lQ;8,666666666666666
EUW1_7800937730;2026-03-27T19:28:43Z;1589;420;Lulu;UTILITY;BOTTOM;1;0;6;26;9248;19;62;10910;18688;33;3;13;XvkA4Zte2YwZByFe0y-7gS1XjXWFtFdg3GC5V7h0FdZxbrvfI7wTP5p7m7dBfSajdlVoCRmebMkPmA;4,333333333333333
EUW1_7800823604;2026-03-27T18:01:55Z;2109;420;Shen;TOP;JUNGLE;0;6;8;11;12169;178;34;21821;51698;17;0;18;iCvD09ut0VCQbFo8ITMDScmC85cxXwWNdcrq1xfkOX5lU8UwTtmfqQQjca-Ofy3XYrd2IpI1bX9bkQ;2,125000000000000
EUW1_7800823604;2026-03-27T18:01:55Z;2109;420;Vi;JUNGLE;JUNGLE;0;10;8;18;16375;223;52;33660;55431;11;5;18;gNt1n9Ji_5MsmczmBmfmq0mpO8HVrXb2ynaVul-HNArZhws5VqQj85ZJgU5BUkLFXOmeVkfWGgi0KQ;3,500000000000000
EUW1_7800823604;2026-03-27T18:01:55Z;2109;420;Mel;MIDDLE;MIDDLE;0;11;5;4;15677;293;32;30544;27846;12;7;18;hWqb2PlH0aEfqmQDEOLTkIUpFOlUXAiG97yjcIgnvJAhYJpgZ_AYEjnP1hwgXcPRbSS7XWWyZgv-Wg;3,000000000000000
EUW1_7800823604;2026-03-27T18:01:55Z;2109;420;Ezreal;BOTTOM;BOTTOM;0;10;9;8;17208;271;26;38994;38537;9;5;16;RrCKFHGpDKltZrWn68AUtUdYQXYOE0-40p7g_k9kaaONKYpblGy6fVK1cfyibddd_Jbwwhs97nJlRA;2,000000000000000
EUW1_7800823604;2026-03-27T18:01:55Z;2109;420;Bard;UTILITY;BOTTOM;0;6;7;30;12914;33;125;24894;41031;51;11;16;c6iG4QmVtLV-f3GWCvv5xksaKNdrxl9GbZS8q6FRbx-mQAZuODuTrh5N-AFiMfy991y0Lclc0TleTw;5,142857142857143
EUW1_7800823604;2026-03-27T18:01:55Z;2109;420;Vayne;TOP;JUNGLE;1;7;13;11;14940;201;17;42892;35183;8;2;18;znk_qEPMkHwWj4XSfBVjwxgGir6K3v_Sfz5sbp8pyef0E_BEv5UR6eZKrr1RCZehMsnIAFWwRojwvA;1,384615384615385
EUW1_7800823604;2026-03-27T18:01:55Z;2109;420;Zaahen;JUNGLE;JUNGLE;1;4;7;10;14580;244;31;28566;60874;5;5;18;Lew0xW50uOBEGt_UZRaBcu7fy14noI2IpEMXyYBwwQJtDCKY2I_4TXt-mZlOKufrW9qmyJ_-ohOXig;2,000000000000000
EUW1_7800823604;2026-03-27T18:01:55Z;2109;420;Karma;MIDDLE;MIDDLE;1;2;6;13;11795;205;40;33112;29771;16;5;17;Gulke6KkQU1mm07-OE5cjytU86vaWpvQpUUsUNruSswGRR7Cs-DOMHs3D48RjiNujm_Mtcyd8IEnsQ;2,500000000000000
EUW1_7800823604;2026-03-27T18:01:55Z;2109;420;Jhin;BOTTOM;BOTTOM;1;6;6;15;17645;275;26;30201;24600;14;2;17;xxJULt5TkII3cm8igzqU_a7cabxxUcdOwpw71BZuCFoX0RnQKgD5XuOTKIQrmTnIpIDam0tqwoX00w;3,500000000000000
EUW1_7800823604;2026-03-27T18:01:55Z;2109;420;Twitch;UTILITY;BOTTOM;1;18;11;8;17663;54;99;62757;33170;44;11;16;WMZ7Kmnxksj_DCvthGkVqjrJC7bM1trwZOJlw5QvuXCQT8lu7DgwM8k7z6Jc5eVJG59kiTSFBsu0fQ;2,363636363636364
EUW1_7800770238;2026-03-27T17:25:44Z;1800;420;Varus;TOP;JUNGLE;0;6;6;4;11802;231;30;36866;28617;13;3;16;a-opeYPQyw2zAhHumqyKyngPKDYN0DqrTNnJsLK9x4dO0alaOfJomqsQkPd3wUl4JAM7f7yKJXX0Rg;1,666666666666667
EUW1_7800770238;2026-03-27T17:25:44Z;1800;420;Pantheon;JUNGLE;JUNGLE;0;11;7;8;12767;168;27;35999;45168;6;3;14;-SOtMLVoDpebwAJetCzZ80KjFHK5l0st9DjtEK3LPqp2nKDeJi6-tb4FFpiSk8_tYmMRsKxvTgUShw;2,714285714285714
EUW1_7800770238;2026-03-27T17:25:44Z;1800;420;Ahri;MIDDLE;MIDDLE;0;3;3;9;10089;211;35;25179;24028;8;9;15;f2P2PMWz4QxQ05jXKwO17L1DZsy7agG-Cwp93qesMpSZscsEXyla1ufHwuMRVal__XNekaD_BtRrog;4,000000000000000
EUW1_7800770238;2026-03-27T17:25:44Z;1800;420;Ashe;BOTTOM;MIDDLE;0;7;7;6;14562;231;40;37256;26302;11;4;13;Ld136nkH0gCGSmTQ_a-QMUYcmdHNrRbbsRfUw9yJ3tumdDOqA-BxR_Lf-DqZs8EG5uTjRG_xLPTZpw;1,857142857142857
EUW1_7800770238;2026-03-27T17:25:44Z;1800;420;Karma;UTILITY;MIDDLE;0;2;2;15;8626;33;98;10434;13142;38;11;13;hWqb2PlH0aEfqmQDEOLTkIUpFOlUXAiG97yjcIgnvJAhYJpgZ_AYEjnP1hwgXcPRbSS7XWWyZgv-Wg;8,500000000000000
EUW1_7800770238;2026-03-27T17:25:44Z;1800;420;Anivia;TOP;TOP;1;3;10;7;10561;196;24;16031;38208;9;6;17;YlrBTL1ihxTypTV8CwwopWMGgvCPBNZ9G8B4z52XFkClBDvLD3F9BUJj3-ctemhdYYiN2kE_C79dQg;1,000000000000000
EUW1_7800770238;2026-03-27T17:25:44Z;1800;420;Zaahen;JUNGLE;JUNGLE;1;9;4;13;15463;200;48;26467;47562;6;9;16;4VCUCTGwXaxJ3mAcqcIviJ_1YXD-l5zRmYOH7fI9YzuqE271Uz5daeijv27njc-ySWGRkEhp6hc8eQ;5,500000000000000
EUW1_7800770238;2026-03-27T17:25:44Z;1800;420;Galio;MIDDLE;MIDDLE;1;1;5;14;11068;243;19;18194;33303;7;3;17;MlETWeQ50rCQY1Wf6uivK9PCx2sWYRwR_p-PWzCAzlfPlTmhYaxKmMey9DW0f0WDkTXsasX9o96izQ;3,000000000000000
EUW1_7800770238;2026-03-27T17:25:44Z;1800;420;Ezreal;BOTTOM;BOTTOM;1;10;4;11;17530;237;10;39043;33245;6;2;16;iCvD09ut0VCQbFo8ITMDScmC85cxXwWNdcrq1xfkOX5lU8UwTtmfqQQjca-Ofy3XYrd2IpI1bX9bkQ;5,250000000000000
EUW1_7800770238;2026-03-27T17:25:44Z;1800;420;Bard;UTILITY;BOTTOM;1;2;6;15;8965;28;130;13259;28855;56;14;13;nAqd2CWJZHi2fUCAp_w2lJs_aLmgTBKmAfKa8aAK_3JMxy1OaE26d1lwzX7FTtqCwPaz0lmyceAP_A;2,833333333333333
EUW1_7800709838;2026-03-27T16:36:47Z;2262;420;Anivia;TOP;JUNGLE;0;10;3;6;16723;288;30;57597;48251;11;4;20;YlrBTL1ihxTypTV8CwwopWMGgvCPBNZ9G8B4z52XFkClBDvLD3F9BUJj3-ctemhdYYiN2kE_C79dQg;5,333333333333333
EUW1_7800709838;2026-03-27T16:36:47Z;2262;420;XinZhao;JUNGLE;JUNGLE;0;9;7;8;15489;242;53;32887;60497;10;7;18;MIZwoZzmKTdjAf0I50NWyBlqjhDEShga3yxsyIw6_zGmdVz5WGQTbYXmc8dZfzfQHptuRfVkp3NXFA;2,428571428571428
EUW1_7800709838;2026-03-27T16:36:47Z;2262;420;Jayce;MIDDLE;MIDDLE;0;8;5;10;15574;296;36;49353;32567;13;4;18;BdLQTD_iyu6D_8fDiZSXfRnRwqouMCMakjgWVCoeFqGNzsbKcJC_jYYBI2F0i3dwi8_5Lw1chnJ6Uw;3,600000000000000
EUW1_7800709838;2026-03-27T16:36:47Z;2262;420;Corki;BOTTOM;BOTTOM;0;1;2;8;16328;323;30;46918;38494;12;9;16;iCvD09ut0VCQbFo8ITMDScmC85cxXwWNdcrq1xfkOX5lU8UwTtmfqQQjca-Ofy3XYrd2IpI1bX9bkQ;4,500000000000000
EUW1_7800709838;2026-03-27T16:36:47Z;2262;420;Nami;UTILITY;MIDDLE;0;1;6;10;9220;20;104;12843;22324;63;5;15;H0JN7PkSh6s3BXzJTqDNOLnQ1ng__N7b1aHsVYtD7FXNU6yjg4IZE8O2eAf5Fu2RsTKEbnkBI_bDPQ;1,833333333333333
EUW1_7800709838;2026-03-27T16:36:47Z;2262;420;Sion;TOP;TOP;1;6;12;5;14122;247;22;27693;88527;13;3;18;apYk4I-wNdDtuCxcPvkgP4XKe_vNB1CRs-USOJ3zUckrvd7cuNXbiiFy8BaNrc50kYgGuBLvB4D3nQ;0,916666666666667
EUW1_7800709838;2026-03-27T16:36:47Z;2262;420;Graves;JUNGLE;JUNGLE;1;10;4;7;20291;345;55;42904;47782;5;17;18;TR05oZrWL3_VOUVG4yYAOkfe8JGhHsOVLDp8xo4M2bgcOOsSZdH6paGgB1v3bwJ7CxoSDfcphJF2HQ;4,250000000000000
EUW1_7800709838;2026-03-27T16:36:47Z;2262;420;Syndra;MIDDLE;TOP;1;3;7;8;15570;325;29;37383;36792;14;6;18;vF3HCkg5aJQWy7O5lGW1onmPlj0nRsnYPD-zLZreHWh9QG2qLJa9lfGOf--XCFaLlGIwoRXoOixiZQ;1,571428571428571
EUW1_7800709838;2026-03-27T16:36:47Z;2262;420;Ezreal;BOTTOM;BOTTOM;1;4;2;6;18429;375;34;45955;32526;12;9;18;_N1luLek8-n0EhIFB8qkPcrGX5js1kunTtKXoOhTtia4SPgWG0e92Uj_kcYJWnax0Nvr0MAdqPFang;5,000000000000000
EUW1_7800709838;2026-03-27T16:36:47Z;2262;420;Bard;UTILITY;BOTTOM;1;0;4;16;10365;40;173;14943;29692;56;23;16;BRLg6A8ZPTWMV0rjk15NJtnA-JzFQGcMmbQrDIHapfE7JvaVVL_N-Nvjd9A5sso_RiR4p8XtC0R_Vg;4,000000000000000
EUW1_7799713524;2026-03-26T19:32:32Z;912;420;Aurora;TOP;NONE;1;0;1;1;6004;137;16;11593;8332;6;0;12;NYeE_xSG5_0kdnqY25A4l66QUEsVb-r986Wo8JgMNJQVzqcCKkPykjs9DHlTerqAqKbGc69EDuqLVA;1,000000000000000
EUW1_7799713524;2026-03-26T19:32:32Z;912;420;Pantheon;JUNGLE;NONE;1;8;1;6;8144;132;11;11729;12906;3;0;12;-SOtMLVoDpebwAJetCzZ80KjFHK5l0st9DjtEK3LPqp2nKDeJi6-tb4FFpiSk8_tYmMRsKxvTgUShw;14,000000000000000
EUW1_7799713524;2026-03-26T19:32:32Z;912;420;Ahri;MIDDLE;NONE;1;4;1;2;6760;141;9;6797;7897;3;2;11;_9TLwuFem8Ha9iLzRgxJpJxUOUEeO8EZzRPoOIE1wZlR1ZURLVK8GKNgUvUvCX4E8kzmTk2wjaPQzg;6,000000000000000
EUW1_7799713524;2026-03-26T19:32:32Z;912;420;Corki;BOTTOM;NONE;1;5;2;5;7764;130;9;10966;11710;5;2;10;iCvD09ut0VCQbFo8ITMDScmC85cxXwWNdcrq1xfkOX5lU8UwTtmfqQQjca-Ofy3XYrd2IpI1bX9bkQ;5,000000000000000
EUW1_7799713524;2026-03-26T19:32:32Z;912;420;Nami;UTILITY;NONE;1;1;1;13;4883;17;43;5153;8366;19;5;9;TvSHN5uET_wmdgsWK6O7CY54wnpBSxl_IKJ8Yx0eT_ht_4Chrdz-vAIqMfATCweLre5LgTtTaeGlJw;14,000000000000000
EUW1_7799713524;2026-03-26T19:32:32Z;912;420;DrMundo;TOP;NONE;0;1;1;0;4603;102;8;5883;12438;5;0;11;DYPHn9hr9aU7NIeLHXQKv05QIH16vE6Jg-wYClaGoxExJgp5lCQlab-Z7AukxATedNx6llBNpovKpw;1,000000000000000
EUW1_7799713524;2026-03-26T19:32:32Z;912;420;Shen;JUNGLE;NONE;0;0;1;3;4874;99;16;1810;9958;4;3;9;MlETWeQ50rCQY1Wf6uivK9PCx2sWYRwR_p-PWzCAzlfPlTmhYaxKmMey9DW0f0WDkTXsasX9o96izQ;3,000000000000000
EUW1_7799713524;2026-03-26T19:32:32Z;912;420;Taliyah;MIDDLE;NONE;0;3;4;0;6106;122;10;7789;8802;7;0;10;g7CUF9cgHfNP2th0exMHhHF8vDt5l-9CO-751-X6EFVyFXAuvOEGuxV2wqgqogR3La1GpQa6c_JG1w;0,750000000000000
EUW1_7799713524;2026-03-26T19:32:32Z;912;420;Kaisa;BOTTOM;NONE;0;2;6;3;5722;104;8;7296;11601;5;1;9;E3MdGH3SyBeL4xnw4qhBJz8m1ArtOx8yU0tIdNoanV5uU1dm2rpVHHJ9xVvQyaLLcb_Uh33U-XDf8g;0,833333333333333
EUW1_7799713524;2026-03-26T19:32:32Z;912;420;Neeko;UTILITY;NONE;0;0;6;4;4086;27;27;7803;11455;8;6;7;WyhLkm0yW9P1-vqhCSfx9FCNs4y91qZyBXkscsTvgVsEaADADqNUjXru49MRp_2d3IybreKsUSR-4Q;0,666666666666667
EUW1_7799540789;2026-03-26T17:33:45Z;2115;420;Jayce;TOP;JUNGLE;0;4;8;10;15129;323;42;35110;29640;14;3;20;mPoqKTghtn0aO8r6kj4mEhydOpBLpLweEplHRH2EboaASAfVi4UiLrhf9y-lmSkCeLH7RuDAa-3URg;1,750000000000000
EUW1_7799540789;2026-03-26T17:33:45Z;2115;420;Graves;JUNGLE;JUNGLE;0;10;5;7;16336;262;59;35125;37652;16;14;17;DoAi_7Sbzkyd_pTg9jvCR6DJL_QNDqJS2i7nF3qvBzq73xctmid0MALwiMqo1wxAeou78ToFiRzt5g;3,400000000000000
EUW1_7799540789;2026-03-26T17:33:45Z;2115;420;Taliyah;MIDDLE;MIDDLE;0;3;8;11;14206;282;38;24717;21408;16;7;17;crgRU1n4t9g4oe98my4Y7mBUUJSNpbLiIzt56VRAYXYVrhGxVNxD0BMTd49nqRC_u9_o7Wo4pAVjwQ;1,750000000000000
EUW1_7799540789;2026-03-26T17:33:45Z;2115;420;Caitlyn;BOTTOM;BOTTOM;0;7;6;10;17509;314;26;34937;23465;11;8;17;iCvD09ut0VCQbFo8ITMDScmC85cxXwWNdcrq1xfkOX5lU8UwTtmfqQQjca-Ofy3XYrd2IpI1bX9bkQ;2,833333333333333
EUW1_7799540789;2026-03-26T17:33:45Z;2115;420;Bard;UTILITY;BOTTOM;0;4;4;21;10996;34;150;13091;23809;63;14;16;H0JN7PkSh6s3BXzJTqDNOLnQ1ng__N7b1aHsVYtD7FXNU6yjg4IZE8O2eAf5Fu2RsTKEbnkBI_bDPQ;6,250000000000000
EUW1_7799540789;2026-03-26T17:33:45Z;2115;420;Yorick;TOP;TOP;1;8;4;7;16952;295;48;27593;50511;15;6;19;qdCAoVC5X_5eg5z9LdGq19jTI4gTzmg45ruuAa_4LYan-E8EUkXGAMGQXFMYp_gGnovVGmllnV0d0Q;3,750000000000000
EUW1_7799540789;2026-03-26T17:33:45Z;2115;420;Vi;JUNGLE;JUNGLE;1;5;5;13;15723;259;45;19345;38547;6;9;18;85t9Vfl2x7mkcrSUNPLmlgBARJM5baNXNzfc1CCvg0dzxDCeO8Vwtla_rOq3jTICZWrjorScgXPYCQ;3,600000000000000
EUW1_7799540789;2026-03-26T17:33:45Z;2115;420;Ahri;MIDDLE;MIDDLE;1;7;5;11;16571;305;39;24431;27687;18;6;18;d46SX3I268BxRvQq02-E_57ZgvVwFNLmwgfj3Bb8XKUj12nh2WYSxI2mXOrytvWpau1hcmOxpwdFYw;3,600000000000000
EUW1_7799540789;2026-03-26T17:33:45Z;2115;420;Yunara;BOTTOM;BOTTOM;1;9;5;7;20162;332;36;33719;26131;16;8;18;TdW-P0_lRAFC1JxIUT2qpfCVB4Fpui64owEIM0Vyxl4YiO_rlYnTNVOY9dTm8ug5fYhsh4lB7cc74A;3,200000000000000
EUW1_7799540789;2026-03-26T17:33:45Z;2115;420;Blitzcrank;UTILITY;BOTTOM;1;2;9;10;10075;28;145;12785;28610;69;10;14;LBxHbtSJ7f2V-fu5xuZEYBjZdVqXUNlYpotxBVnsgUcx8VnmitjJWeEqKgCctrGLwZdxVDVT-5bFgw;1,333333333333333
EUW1_7801391290;2026-03-28T01:03:01Z;2112;420;Camille;TOP;JUNGLE;0;4;10;4;13501;267;18;29890;57935;5;3;18;V7BhLHw3gykwMylbz1G2yOuzGeVrpfQBOggK1Q1RI92_dpZVeHkFjyqatXP8QpunMR2VCbQEvfiHYQ;0,800000000000000
EUW1_7801391290;2026-03-28T01:03:01Z;2112;420;Ambessa;JUNGLE;JUNGLE;0;10;9;10;17911;233;27;43554;51513;6;5;18;h0ZgN7Q07PG94uO-_E9CgUeMTIjoTUXkwcUK7vyOxcWdO90fMW-rnGQq7jb_DAyl5oT-Df3rc9OHRg;2,222222222222222
EUW1_7801391290;2026-03-28T01:03:01Z;2112;420;Ryze;MIDDLE;MIDDLE;0;14;9;8;16878;263;28;41525;40752;13;4;18;NtIX1pK1Q52wo8KOba_Aa7UjoniOukuRfSJgFz5Q1lgW7Z_nkKhvlxWcw-yBss6duSOODzGPHhMOTQ;2,444444444444445
EUW1_7801391290;2026-03-28T01:03:01Z;2112;420;Sivir;BOTTOM;BOTTOM;0;5;7;11;18178;322;31;39083;34283;11;5;17;QoY2p9TXW0MqJyJDSlr7pO3vsvNx3WLMoeQa5RsEDtv8GXTWuRg8Hzf4snmRKKHVQLSx5NvWM0Yovg;2,285714285714286
EUW1_7801391290;2026-03-28T01:03:01Z;2112;420;Karma;UTILITY;BOTTOM;0;5;6;19;12169;24;113;18847;29459;46;11;17;nd1Br3DrJLLC2Ad81YP5-rXPwH8d3Q-iuu4m2lzr8bzVCf5Ko85zQqwUVWPCR9EZASDjMOZCbmqj1A;4,000000000000000
EUW1_7801391290;2026-03-28T01:03:01Z;2112;420;Ornn;TOP;TOP;1;9;6;20;15747;245;36;44416;64034;14;3;20;Y5BNmw3ShwKyZ37ANjyNH3zqHaS_c77HnqmIWn0CavQxbtmXfx-bz0Vf0LOcMEXFDyexdZVgMhAlrw;4,833333333333333
EUW1_7801391290;2026-03-28T01:03:01Z;2112;420;Vayne;JUNGLE;JUNGLE;1;12;8;10;17309;234;32;42405;37811;4;6;18;znk_qEPMkHwWj4XSfBVjwxgGir6K3v_Sfz5sbp8pyef0E_BEv5UR6eZKrr1RCZehMsnIAFWwRojwvA;2,750000000000000
EUW1_7801391290;2026-03-28T01:03:01Z;2112;420;Cassiopeia;MIDDLE;MIDDLE;1;13;12;9;17530;269;31;45584;52319;16;1;18;XX_5wI5uSjrWE2-UjDujP0yEQKmNLgir65K37BdZZknA14XmQ92ctXr-Cy4rKYAf0dFEjqB_AQV_cA;1,833333333333333
EUW1_7801391290;2026-03-28T01:03:01Z;2112;420;Ezreal;BOTTOM;BOTTOM;1;1;4;12;16081;322;32;29377;29214;13;2;18;_N1luLek8-n0EhIFB8qkPcrGX5js1kunTtKXoOhTtia4SPgWG0e92Uj_kcYJWnax0Nvr0MAdqPFang;3,250000000000000
EUW1_7801391290;2026-03-28T01:03:01Z;2112;420;Poppy;UTILITY;BOTTOM;1;6;8;16;12244;44;119;21224;31349;44;14;15;a8gnzPIx6uVwplM-CeeFxrbHsVUzQsld3OA7RuUMSvSoEvWHgd0jOp7xl5T3qSpKBDI7SfaiuaRE8g;2,750000000000000
EUW1_7801361488;2026-03-28T00:18:48Z;1658;420;Rumble;TOP;JUNGLE;1;2;6;10;11386;201;29;29182;23027;10;3;17;8V0AEjWIey4mTLvfV3D6LkPVw0mZA-iRapvAIsyeZ6aCynGRd5-A3moEn_2ENPST_D0j687OeEPCAg;2,000000000000000
EUW1_7801361488;2026-03-28T00:18:48Z;1658;420;XinZhao;JUNGLE;JUNGLE;1;15;4;7;15910;193;24;34273;50172;4;3;16;QW7Ppts8_saXrB2VSmdFrai5pfxz7SFpLcfHGUP00Kb0KGYbglUBLiLRhsDZHWMRypgaloDMrIIA3w;5,500000000000000
EUW1_7801361488;2026-03-28T00:18:48Z;1658;420;Malzahar;MIDDLE;MIDDLE;1;7;7;11;12237;192;17;29784;20541;10;1;16;vBJK0GuNWb0jnFm7vAxkBXx2K1NBhoMS3D4BPu0sUtsjtD-hokXaPwGKQyoFxxEH81xBtoDl3wVupA;2,571428571428572
EUW1_7801361488;2026-03-28T00:18:48Z;1658;420;Jinx;BOTTOM;BOTTOM;1;6;5;16;16452;235;20;43834;24818;8;6;15;znk_qEPMkHwWj4XSfBVjwxgGir6K3v_Sfz5sbp8pyef0E_BEv5UR6eZKrr1RCZehMsnIAFWwRojwvA;4,400000000000000
EUW1_7801361488;2026-03-28T00:18:48Z;1658;420;Nautilus;UTILITY;BOTTOM;1;6;7;19;10047;22;97;13848;23427;38;8;14;kuzG7qx72NM6S_2AgXc_LVPC0uSRnGQ6zJazVgGBcNW0BfwqzyJtW2kRm8e6Qg3fqo8zEhtpepwRaA;3,571428571428572
EUW1_7801361488;2026-03-28T00:18:48Z;1658;420;Sion;TOP;TOP;0;2;3;14;10830;214;32;16827;49139;11;2;16;6BPTm2S9twaW_Cu-NJrzkiNYVZeI7zqNBd-sJddttrQ45_76j_gM_YpdogB1mWMt8FeV7dp5ksGTKQ;5,333333333333333
EUW1_7801361488;2026-03-28T00:18:48Z;1658;420;Chogath;JUNGLE;JUNGLE;0;9;5;12;12825;189;17;29554;33766;2;1;16;3zgg-nol0sZ5sz3_GGER-V3-DRmgY95vHgjuZEzPshV2bI-TpSLckP9kFwfp6Fwt5Fn0aGbsWidaNQ;4,200000000000000
EUW1_7801361488;2026-03-28T00:18:48Z;1658;420;Smolder;MIDDLE;MIDDLE;0;10;9;7;13825;214;28;33934;27330;10;5;15;MSy--mSnriknkglwoI4t-bDGV0SptxROPWIAWaAJf9k8qNvLvtEt90n9vr98Q1jAYq8cn0wP1YIRXA;1,888888888888889
EUW1_7801361488;2026-03-28T00:18:48Z;1658;420;Tristana;BOTTOM;BOTTOM;0;6;10;5;13267;202;20;15604;24034;9;4;14;7cY5pw7XgsyY7EgSdmojf7kRjSk_GqeJM8bQy9sXxkXJkJkNNqZG25EYobPMSLVz5-tKQm29RSoypg;1,100000000000000
EUW1_7801361488;2026-03-28T00:18:48Z;1658;420;Bard;UTILITY;BOTTOM;0;2;9;18;8838;26;84;13211;34323;34;9;13;6huTOKo1nEQr3QWig_0psH6r-KkXp27ZJYqFsP_ZKV0MSyz3J0E1-Cd30wKCGQ-EctpkAG9DKZMZOg;2,222222222222222
EUW1_7800971654;2026-03-27T19:50:19Z;910;420;Aatrox;TOP;NONE;1;5;0;2;7680;147;9;11359;13555;5;0;13;U80n6CFCxC5-74b5tcc_56g6S8E303J3h8Lcm_LcDFvl6nH5m4xy57XFxGSRQaJ_csp50TLnos1Gpg;7,000000000000000
EUW1_7800971654;2026-03-27T19:50:19Z;910;420;XinZhao;JUNGLE;NONE;1;4;1;1;6227;109;23;11403;15235;6;1;10;TR05oZrWL3_VOUVG4yYAOkfe8JGhHsOVLDp8xo4M2bgcOOsSZdH6paGgB1v3bwJ7CxoSDfcphJF2HQ;5,000000000000000
EUW1_7800971654;2026-03-27T19:50:19Z;910;420;Annie;MIDDLE;NONE;1;5;1;0;7184;124;7;9932;6650;6;0;12;-qCH7wyCnNT_JCQNMoj-ffijKf4wtBRZoVJsADJlR4uOzJY6sbw619aG-aA61uSNnkS6pgiOnQSlag;5,000000000000000
EUW1_7800971654;2026-03-27T19:50:19Z;910;420;Ashe;BOTTOM;NONE;1;2;1;3;7131;127;10;6450;8372;5;0;10;znk_qEPMkHwWj4XSfBVjwxgGir6K3v_Sfz5sbp8pyef0E_BEv5UR6eZKrr1RCZehMsnIAFWwRojwvA;5,000000000000000
EUW1_7800971654;2026-03-27T19:50:19Z;910;420;Soraka;UTILITY;NONE;1;2;0;6;5109;8;22;4964;4135;12;4;8;g6NL4Ak0YDUF3zIE0-Z-4072UcX1c21R45Ptk7OJQ1yVsGOZydEQGZWb0f7CSa2hgUexDa-mnYvsCA;8,000000000000000
EUW1_7800971654;2026-03-27T19:50:19Z;910;420;Graves;TOP;NONE;0;0;5;1;4804;113;8;9602;12594;5;0;10;vvyBDUI5oQTAY9M6GqiX26BlgwyOp6lAZ_Etdyl3Zw5_vPL2fpJQ164ewv4VnWh9NVGLXlpwd9IGxw;0,200000000000000
EUW1_7800971654;2026-03-27T19:50:19Z;910;420;Sylas;JUNGLE;NONE;0;1;4;0;4919;98;12;8505;16397;4;2;9;ldtAO3yjTqXwbms_VBdn2UqWPdY-juhKPTWxia3oSlbCTgGBQep2LGouCSz3o5mAk932t0aCV6-cVw;0,250000000000000
EUW1_7800971654;2026-03-27T19:50:19Z;910;420;Yasuo;MIDDLE;NONE;0;1;3;0;4949;101;6;3821;9954;4;0;9;BZz0NwycmDN596BL9B6IhCgGeDK2o37JBEFUFywWlKNdlbZnZvd-Kouv3i2c3mPsSe1bqekQIbFiyg;0,333333333333333
EUW1_7800971654;2026-03-27T19:50:19Z;910;420;Twitch;BOTTOM;NONE;0;0;4;1;4465;100;10;7488;8921;5;1;8;fXlGnwDmCB_PTkF2589l8Hjw6BgIKTsT5QqNK50VoCIzTNqgiwbX34Bfwtt0u5e1F_9bEvFCRkIM2w;0,250000000000000
EUW1_7800971654;2026-03-27T19:50:19Z;910;420;Lulu;UTILITY;NONE;0;1;2;0;3780;21;35;4227;6697;15;4;7;ufTqKEmDQPwAwqsNroMoYcafELulVhQ2tS4BYMDkBCPy4J01Saas9bRSE34e59FPtNUop9Juo5l-Cw;0,500000000000000
EUW1_7800916995;2026-03-27T19:15:54Z;1616;420;Shen;TOP;JUNGLE;0;4;7;2;10266;211;19;26145;33140;8;1;17;Fvy5MMtdO4T34Y2LDIOFA4cHtxRo6_zccFAysh8oJlRmLhLyhib7OadrN0Lk5sWPCLYiDD2d7VMu1Q;0,857142857142857
EUW1_7800916995;2026-03-27T19:15:54Z;1616;420;Hecarim;JUNGLE;JUNGLE;0;1;5;4;9629;186;18;13388;31762;2;3;14;6Yg10BkxaLzmhY08t8nq-60Qdn9frzQ4jrmCFfAcUHJk_2xD6gcMJhEfVFlGA6O8E2nKgOL45KKQhg;1,000000000000000
EUW1_7800916995;2026-03-27T19:15:54Z;1616;420;Mel;MIDDLE;MIDDLE;0;7;5;0;11816;232;15;15765;16672;7;4;15;znk_qEPMkHwWj4XSfBVjwxgGir6K3v_Sfz5sbp8pyef0E_BEv5UR6eZKrr1RCZehMsnIAFWwRojwvA;1,400000000000000
EUW1_7800916995;2026-03-27T19:15:54Z;1616;420;Caitlyn;BOTTOM;BOTTOM;0;2;3;3;13186;303;32;22854;15884;8;11;15;cgeptgV_d_hjB17bMliakEYtlvzlKXxLP4e_tfvOAD65TTH-TfEEPuzMZC_Iu0UONlMITyHT4MJe2A;1,666666666666667
EUW1_7800916995;2026-03-27T19:15:54Z;1616;420;Karma;UTILITY;MIDDLE;0;1;2;4;7172;32;111;6366;10920;61;8;12;H0JN7PkSh6s3BXzJTqDNOLnQ1ng__N7b1aHsVYtD7FXNU6yjg4IZE8O2eAf5Fu2RsTKEbnkBI_bDPQ;2,500000000000000
EUW1_7800916995;2026-03-27T19:15:54Z;1616;420;Fiora;TOP;BOTTOM;1;7;6;2;12513;210;19;30888;35695;9;0;17;dG29gbyiICdmjpqLFjAbpK8tqCBiNyGPl8y6agoYjklaEoqQ_sQLxVZG3SrCbLyUHHrC-hM_drOGOg;1,500000000000000
EUW1_7800916995;2026-03-27T19:15:54Z;1616;420;Shaco;JUNGLE;JUNGLE;1;5;2;4;12677;245;30;12863;17350;4;6;17;nXnmjO42mPgenE6pC1Hc8RH_LMipDyvUUJCwWJhwq0EUUo9SNe3eOEHqC6d5Av8bJ6b0JJmSxyrh7Q;4,500000000000000
EUW1_7800916995;2026-03-27T19:15:54Z;1616;420;Ambessa;MIDDLE;TOP;1;4;4;3;11419;236;18;17931;24919;8;0;16;TR05oZrWL3_VOUVG4yYAOkfe8JGhHsOVLDp8xo4M2bgcOOsSZdH6paGgB1v3bwJ7CxoSDfcphJF2HQ;1,750000000000000
EUW1_7800916995;2026-03-27T19:15:54Z;1616;420;Yunara;BOTTOM;BOTTOM;1;5;2;4;15074;295;39;19461;20904;11;10;15;Z2xFidEnauzSXmB7lrq7FnYUsNX1PRWRIytKhT4FwQSSR8X1Zywf80Cu9elxrcyMWjpj3tE1LUKEEA;4,500000000000000
EUW1_7800916995;2026-03-27T19:15:54Z;1616;420;Lulu;UTILITY;BOTTOM;1;1;1;7;7670;29;124;5756;9542;45;17;12;qdsXSbv0yCINBRT8jQUUzqjlK9FVF4wwr1kopaihBDaKXLbNKYGPKOzS53NrrY5FoL2bQZsO8y3Ehw;8,000000000000000
EUW1_7800999035;2026-03-27T20:11:46Z;1722;420;Jayce;TOP;JUNGLE;1;10;6;9;14986;267;34;31374;24891;11;6;18;vvyBDUI5oQTAY9M6GqiX26BlgwyOp6lAZ_Etdyl3Zw5_vPL2fpJQ164ewv4VnWh9NVGLXlpwd9IGxw;3,166666666666667
EUW1_7800999035;2026-03-27T20:11:46Z;1722;420;LeeSin;JUNGLE;JUNGLE;1;12;5;11;14451;188;39;25690;43600;21;4;16;vV30hZpd6ftgbBIX9Zd1QTCqGoKtviZA0piz7z2vceLZtQu1XmtcHDMt66Vfjrt4L-EnRS2fHV0xeA;4,600000000000000
EUW1_7800999035;2026-03-27T20:11:46Z;1722;420;Zoe;MIDDLE;MIDDLE;1;10;5;11;14057;200;51;32871;19930;16;7;16;o6idEWAT_Qurfln1APUbbzAJHZTRX1RiWEVFqT9b_qnrg9qLm75OQyrF0w2Yb4XTO-posU7AneApYw;4,200000000000000
EUW1_7800999035;2026-03-27T20:11:46Z;1722;420;AurelionSol;BOTTOM;BOTTOM;1;2;1;13;12541;211;15;14132;11568;8;2;15;Aqcvhj-4edah_SBOfcd1ciBCC2kokdNLXXXU_NUmx2-MrQmQh77OL1xg2ChopcdoME9nvbeSPEkgPg;15,000000000000000
EUW1_7800999035;2026-03-27T20:11:46Z;1722;420;Pantheon;UTILITY;BOTTOM;1;2;9;13;8834;51;95;18101;20721;44;12;12;g6NL4Ak0YDUF3zIE0-Z-4072UcX1c21R45Ptk7OJQ1yVsGOZydEQGZWb0f7CSa2hgUexDa-mnYvsCA;1,666666666666667
EUW1_7800999035;2026-03-27T20:11:46Z;1722;420;Anivia;TOP;TOP;0;4;10;9;9769;157;18;17928;37576;10;3;15;YlrBTL1ihxTypTV8CwwopWMGgvCPBNZ9G8B4z52XFkClBDvLD3F9BUJj3-ctemhdYYiN2kE_C79dQg;1,300000000000000
EUW1_7800999035;2026-03-27T20:11:46Z;1722;420;XinZhao;JUNGLE;JUNGLE;0;5;7;8;11325;205;42;14188;32899;5;8;15;TR05oZrWL3_VOUVG4yYAOkfe8JGhHsOVLDp8xo4M2bgcOOsSZdH6paGgB1v3bwJ7CxoSDfcphJF2HQ;1,857142857142857
EUW1_7800999035;2026-03-27T20:11:46Z;1722;420;Fizz;MIDDLE;MIDDLE;0;6;7;2;11350;208;36;15072;25086;5;11;15;1YRPuzGMWraqvdBMh9gcCgYOw3LBaceuxpcPnhMxWsuXNVrdojwIJr8pkGFQXAs5cEAFOJ2J14b2vw;1,142857142857143
EUW1_7800999035;2026-03-27T20:11:46Z;1722;420;Yunara;BOTTOM;BOTTOM;0;11;6;5;18821;273;33;32729;27176;13;5;14;fGQlNFyqO2lEOLlCLesUuRPQTNO2r3-zqhSRpEicJu9LPYW1W-DbeSLX9h_6HbYkiyzChZ5WS_EtMw;2,666666666666667
EUW1_7800999035;2026-03-27T20:11:46Z;1722;420;Lulu;UTILITY;BOTTOM;0;0;6;17;7893;29;121;6113;18683;51;11;13;w0AX7rQApABApUJ42ZE1-LQaM2RvP-XA0qO5fptl-7C6v7hd-iUUq2rS8Foq7cMclmePBBBhK0FJhQ;2,833333333333333
EUW1_7800545896;2026-03-27T14:14:24Z;2237;420;Katarina;TOP;JUNGLE;0;5;8;18;17906;315;29;38612;46165;8;1;20;sXtIv21Z0dYmucgbNfp-wR9Vh6NuxUSAggdilycuhUKkh9DfPckYOJuDfpSfA7lIb6JgkY_OVJZESA;2,875000000000000
EUW1_7800545896;2026-03-27T14:14:24Z;2237;420;Skarner;JUNGLE;JUNGLE;0;4;9;14;13364;226;29;43860;71380;2;7;17;nn85t78lozdpWb65Hdc58LoFxeMi10MIYgL8l7H3tBdbKzIo5E3I3gY9Ux7nYt2IbiUjRmbTzB1dkg;2,000000000000000
EUW1_7800545896;2026-03-27T14:14:24Z;2237;420;Orianna;MIDDLE;MIDDLE;0;9;6;16;14344;244;42;66671;27408;17;7;17;eedEru7h7XXlufocO97CSCWgLqbE2e_sHu5xlOOFUvkk0NHSTWpLDWKcwBdmx82me--KLMhHEHU40Q;4,166666666666667
EUW1_7800545896;2026-03-27T14:14:24Z;2237;420;Ezreal;BOTTOM;BOTTOM;0;10;11;10;18497;232;21;55058;35773;14;2;15;8SZFVDCnH2D7mUdhbQElMTqGU6vNU6zZbR7VzqfajCjYLUnbDq3v3cYJMjaz3Z0kznSFt2zUVPYwfA;1,818181818181818
EUW1_7800545896;2026-03-27T14:14:24Z;2237;420;Braum;UTILITY;BOTTOM;0;3;11;23;11236;35;98;10697;46834;51;9;15;G8Ce1kwpFnIkimQ2tPowC6tPYmaZh9qSBTA4s7A4VWjdUUKXmCuxRtcuqSoK0feBer-o2rQGpMD1WA;2,363636363636364
EUW1_7800545896;2026-03-27T14:14:24Z;2237;420;Kled;TOP;TOP;1;7;5;19;18116;279;44;31385;66332;17;4;19;gCMw53JxMyrdOWT_Jhp6OTjEbEps8lyABQxSGu3ZVhDX2W2_4ypgTExzNDkHBfFRgpCl8JjIfUTvGQ;5,200000000000000
EUW1_7800545896;2026-03-27T14:14:24Z;2237;420;XinZhao;JUNGLE;JUNGLE;1;8;6;22;16792;261;52;39945;67419;9;8;18;IIq6N7mpkXdWR62tw1hfA4QtDsX5_OF8ioMnRI7Cr7NE2S5CesrzkDdQsom5lx9qx6nxRqJlaSaV3A;5,000000000000000
EUW1_7800545896;2026-03-27T14:14:24Z;2237;420;Anivia;MIDDLE;TOP;1;4;5;26;14163;247;11;36701;41693;3;4;18;wpRR9TgBKISHYD1fnKinuW165pEtVGQD9YR8ocR1xPqG_LdAWYkHANVKvinLiydHUH8nbHTiq7_Nrw;6,000000000000000
EUW1_7800545896;2026-03-27T14:14:24Z;2237;420;MissFortune;BOTTOM;BOTTOM;1;24;4;12;27173;341;47;85523;35504;13;16;18;DjWZOAQoT_BY2uQXya760rQwp93ZKEasfngJgzmxmrgUo2OGprtU9aSrIy3q-97tQ2LkQUcedhi1Fw;9,000000000000000
EUW1_7800545896;2026-03-27T14:14:24Z;2237;420;Nautilus;UTILITY;BOTTOM;1;2;11;25;11414;30;147;8822;42757;61;12;15;vV30hZpd6ftgbBIX9Zd1QTCqGoKtviZA0piz7z2vceLZtQu1XmtcHDMt66Vfjrt4L-EnRS2fHV0xeA;2,454545454545455
EUW1_7799829465;2026-03-26T20:43:15Z;1707;420;Swain;TOP;JUNGLE;0;2;6;8;9369;207;25;21943;30962;11;1;16;s08R84Umiy9v6KkokiTWNnAvLTPEh0gmGkS253tJsSJpnns-tbP9HAe8OJVuTKDR43GrjIY9x0ee0Q;1,666666666666667
EUW1_7799829465;2026-03-26T20:43:15Z;1707;420;Vi;JUNGLE;JUNGLE;0;7;4;9;12302;199;46;15620;25007;10;4;15;vV30hZpd6ftgbBIX9Zd1QTCqGoKtviZA0piz7z2vceLZtQu1XmtcHDMt66Vfjrt4L-EnRS2fHV0xeA;4,000000000000000
EUW1_7799829465;2026-03-26T20:43:15Z;1707;420;Yasuo;MIDDLE;MIDDLE;0;9;8;6;13274;231;19;25648;29293;6;2;16;0BiNy-K8bVOe9i5HGySmiddf5VRCgJFD2TXc2KNEO0QEsBuIjkzRHthkkS5FyTUUZBXF-32RvuKjdQ;1,875000000000000
EUW1_7799829465;2026-03-26T20:43:15Z;1707;420;Mel;BOTTOM;BOTTOM;0;8;5;7;14489;243;43;28238;18857;12;8;15;kuzG7qx72NM6S_2AgXc_LVPC0uSRnGQ6zJazVgGBcNW0BfwqzyJtW2kRm8e6Qg3fqo8zEhtpepwRaA;3,000000000000000
EUW1_7799829465;2026-03-26T20:43:15Z;1707;420;Rakan;UTILITY;BOTTOM;0;2;5;17;8376;25;103;8648;23042;37;11;12;i7vKQOLdS9hNtkXE3T4fnMqVO-gFEBfzy6lkopw4D3R78xOn4lrVbhXGVcbZTZ1ARy9cA8h1_ewlfw;3,800000000000000
EUW1_7799829465;2026-03-26T20:43:15Z;1707;420;Olaf;TOP;JUNGLE;1;10;3;6;14461;209;27;28850;31768;8;3;17;vRarn_brm-sDMc4lSo5RfbIRjSnbTwte4MdnGEZwBOH6pPXIdGxH-q1CINvOVF0uzob1hYB5Yw1PSA;5,333333333333333
EUW1_7799829465;2026-03-26T20:43:15Z;1707;420;MasterYi;JUNGLE;JUNGLE;1;11;5;6;15773;229;27;26474;30861;7;4;16;sho52nIAW4e_F0MaLXioZol7MIED2ULWZ4FqErx-6SADBXemTeKSUjx9uOZLgYe7nr2R6TBpc4Rhhw;3,400000000000000
EUW1_7799829465;2026-03-26T20:43:15Z;1707;420;Orianna;MIDDLE;MIDDLE;1;4;4;14;13996;286;15;24142;17554;5;2;17;GRgcyXsYrfLotPfJzcgsLQLg1rndPoY8zVO5tVf-77volf7Bkv3ZLJrVZRnaTuuUlOW_q8b_Slw7zA;4,500000000000000
EUW1_7799829465;2026-03-26T20:43:15Z;1707;420;Seraphine;BOTTOM;BOTTOM;1;2;9;16;11206;163;18;13089;23117;10;4;15;rJdWfm8d9YcvWhG80DdkDSxE5r1ZsHt3EKPNUlJ9Wk7VDuw2O9vN6VJQCbjv7HVqouRKYqN3yZ4WPA;2,000000000000000
EUW1_7799829465;2026-03-26T20:43:15Z;1707;420;Thresh;UTILITY;TOP;1;1;7;17;8342;31;85;7137;24038;41;8;13;8EVBEdCBJ3JOOm81VNx37YqZ6_8gedcXp_pckfZF7C4wt2_9kBvMBLLHbVtopNK9YqIhtYDaEjboWg;2,571428571428572
EUW1_7799751155;2026-03-26T19:59:46Z;1566;420;Akali;TOP;JUNGLE;1;9;6;7;11592;187;9;24118;29334;6;0;17;b4yunLtab8WiDxNvB5JO66EbOXhw2kZM2e5q6prJcIi5stGFYfhN0VWcC44Rij6yZHZdcE80-RThfg;2,666666666666667
EUW1_7799751155;2026-03-26T19:59:46Z;1566;420;Skarner;JUNGLE;JUNGLE;1;6;0;13;13522;226;36;14606;24718;12;2;17;vV30hZpd6ftgbBIX9Zd1QTCqGoKtviZA0piz7z2vceLZtQu1XmtcHDMt66Vfjrt4L-EnRS2fHV0xeA;19,000000000000000
EUW1_7799751155;2026-03-26T19:59:46Z;1566;420;Hwei;MIDDLE;MIDDLE;1;14;3;7;15059;252;10;28480;17125;9;0;17;_9TLwuFem8Ha9iLzRgxJpJxUOUEeO8EZzRPoOIE1wZlR1ZURLVK8GKNgUvUvCX4E8kzmTk2wjaPQzg;7,000000000000000
EUW1_7799751155;2026-03-26T19:59:46Z;1566;420;Yunara;BOTTOM;BOTTOM;1;13;3;10;17774;246;12;33532;20088;6;3;16;HqQSahCTp_2FbKA489-KzgI2UH77ZplICcWa2H_ser_L_xaR8XN1NlvFfR7ikJHqn19iioq0VPDhsQ;7,666666666666667
EUW1_7799751155;2026-03-26T19:59:46Z;1566;420;Pyke;UTILITY;BOTTOM;1;11;5;15;11173;21;70;16383;18533;24;7;14;Hg3HPLHz4udDIck5GmHJtggmF-7OPvbNh8Z15z59nF_8_SF5F_szZw8-8O7z1lr5_CdKE-dY8Z7KAA;5,200000000000000
EUW1_7799751155;2026-03-26T19:59:46Z;1566;420;Irelia;TOP;JUNGLE;0;3;11;0;10158;210;17;13035;33332;6;1;15;Y_y_8LDSJQpFNrW2yfnPSi9dYYEsOCnmixxeC7HCAM5LeVwAMa0qz8cojDPN1_JwFGdjgVQQBCdz-Q;0,272727272727273
EUW1_7799751155;2026-03-26T19:59:46Z;1566;420;Qiyana;JUNGLE;JUNGLE;0;5;11;1;11960;192;18;18423;26757;2;2;15;DYPHn9hr9aU7NIeLHXQKv05QIH16vE6Jg-wYClaGoxExJgp5lCQlab-Z7AukxATedNx6llBNpovKpw;0,545454545454545
EUW1_7799751155;2026-03-26T19:59:46Z;1566;420;Syndra;MIDDLE;MIDDLE;0;1;11;4;8872;197;19;12385;20160;10;0;14;g7CUF9cgHfNP2th0exMHhHF8vDt5l-9CO-751-X6EFVyFXAuvOEGuxV2wqgqogR3La1GpQa6c_JG1w;0,454545454545455
EUW1_7799751155;2026-03-26T19:59:46Z;1566;420;Mel;BOTTOM;JUNGLE;0;7;8;2;12793;195;20;23625;23077;10;1;14;NYeE_xSG5_0kdnqY25A4l66QUEsVb-r986Wo8JgMNJQVzqcCKkPykjs9DHlTerqAqKbGc69EDuqLVA;1,125000000000000
EUW1_7799751155;2026-03-26T19:59:46Z;1566;420;Rell;UTILITY;BOTTOM;0;1;12;9;7399;28;56;7866;29800;22;6;12;t84LYvsWsdTBFQxrzCxmFihgt5-QtZ29dZyUzy082SBPFjLAdhgcdtVNnYQijq5XnvHM5yvAJC24gw;0,833333333333333
EUW1_7799443789;2026-03-26T16:17:25Z;1904;420;Rumble;TOP;JUNGLE;1;7;3;7;13495;240;35;26353;23491;17;2;19;vV30hZpd6ftgbBIX9Zd1QTCqGoKtviZA0piz7z2vceLZtQu1XmtcHDMt66Vfjrt4L-EnRS2fHV0xeA;4,666666666666667
EUW1_7799443789;2026-03-26T16:17:25Z;1904;420;LeeSin;JUNGLE;JUNGLE;1;5;4;6;13387;217;53;19677;26732;24;2;17;iGRQHpIzIf1rBJK9MlXeMN-qdyVWoirS33XISBj8MZVo9JuyDXxtIqP6C-Ffoj_9ySGpsv0fzvAssg;2,750000000000000
EUW1_7799443789;2026-03-26T16:17:25Z;1904;420;Zed;MIDDLE;MIDDLE;1;9;8;6;13087;221;29;27678;28344;7;6;17;2sLg1WLEHjy6iE9L0pvJCsHEOokSNTurYeYBScUlgemTb0TtfjDPY_E9rYsLaekeO-Hr2Jj-_YfMBg;1,875000000000000
EUW1_7799443789;2026-03-26T16:17:25Z;1904;420;Ezreal;BOTTOM;BOTTOM;1;7;5;8;19452;325;35;36900;30318;11;11;17;QOFPo_WCY8tFCJMv_uGFB6pwCziyTwccuTIu9PwM5jjzOP9-6Klo8_dfeixxfVRetujt0DDQaYl1YA;3,000000000000000
EUW1_7799443789;2026-03-26T16:17:25Z;1904;420;Karma;UTILITY;BOTTOM;1;1;2;17;10305;58;127;8386;18748;52;16;14;BRLg6A8ZPTWMV0rjk15NJtnA-JzFQGcMmbQrDIHapfE7JvaVVL_N-Nvjd9A5sso_RiR4p8XtC0R_Vg;9,000000000000000
EUW1_7799443789;2026-03-26T16:17:25Z;1904;420;Vayne;TOP;JUNGLE;0;6;9;5;12730;217;16;33247;30499;9;1;17;znk_qEPMkHwWj4XSfBVjwxgGir6K3v_Sfz5sbp8pyef0E_BEv5UR6eZKrr1RCZehMsnIAFWwRojwvA;1,222222222222222
EUW1_7799443789;2026-03-26T16:17:25Z;1904;420;XinZhao;JUNGLE;JUNGLE;0;11;3;2;15247;216;54;28135;41259;6;14;16;MIZwoZzmKTdjAf0I50NWyBlqjhDEShga3yxsyIw6_zGmdVz5WGQTbYXmc8dZfzfQHptuRfVkp3NXFA;4,333333333333333
EUW1_7799443789;2026-03-26T16:17:25Z;1904;420;TwistedFate;MIDDLE;MIDDLE;0;3;6;14;15535;275;28;20415;28177;10;6;17;Hv_C0Xf3ItxdDQohhLFD3i7aLT-LyUruUGoVfT-A5kqjCAl48RfxJJgxOjDzKnphM5HMI669leqD5g;2,833333333333333
EUW1_7799443789;2026-03-26T16:17:25Z;1904;420;Jinx;BOTTOM;BOTTOM;0;0;6;2;11641;255;23;7259;23590;9;6;14;DoAi_7Sbzkyd_pTg9jvCR6DJL_QNDqJS2i7nF3qvBzq73xctmid0MALwiMqo1wxAeou78ToFiRzt5g;0,333333333333333
EUW1_7799443789;2026-03-26T16:17:25Z;1904;420;Lulu;UTILITY;BOTTOM;0;2;5;13;9562;33;131;9011;19267;52;20;13;1m895Hu2NNC9fJPAz9sqw-dn5qyKNjPuqxf6-G2u6PKxXpaiwedrD8XTUDsGy5g0IgxAYsAoT6MNBQ;3,000000000000000
EUW1_7799395966;2026-03-26T15:35:42Z;2221;420;Ornn;TOP;JUNGLE;1;3;3;15;12116;175;32;18749;42460;15;3;19;RGcgZxJZcXaKTFTU6ENsGIhe7X01HW4nBav4uN1Tpi26YNuMLp0ftSzVFruYeP1p6qH_z7fxttvRtA;6,000000000000000
EUW1_7799395966;2026-03-26T15:35:42Z;2221;420;DrMundo;JUNGLE;JUNGLE;1;13;0;6;19368;310;31;36206;96048;1;8;18;gn-y0wek9e6-YfDubIUi4cTpddryLevDiAeEdJwWyMo2izZ3X5r8qzW1UieT0lpIkpKfGwpRGJhGvw;19,000000000000000
EUW1_7799395966;2026-03-26T15:35:42Z;2221;420;Mel;MIDDLE;MIDDLE;1;7;8;10;14742;274;12;28671;31362;9;2;18;Xy3lGDsM8rAQUpdgOSBPrtCShUJKeugNntk6UxjiVqd0a62CzEehPgHmznApz7X-G8_jD7yaC3-xEg;2,125000000000000
EUW1_7799395966;2026-03-26T15:35:42Z;2221;420;Yunara;BOTTOM;BOTTOM;1;15;6;10;21951;311;25;45540;30614;10;4;17;baaau1JrRNAzAZD5PRzvzGt-AWtIns5zzk8sXixUKF2hlXlrArDylHMakRgM_IlDZn4fTFmoUxqtPQ;4,166666666666667
EUW1_7799395966;2026-03-26T15:35:42Z;2221;420;Lulu;UTILITY;BOTTOM;1;2;3;31;12504;32;111;10515;21331;46;13;17;T_bfv5t9l93wZ0Dmj8hphSNcQiDHTzt_XUqjUsnzrymRPxmj0iHeTZWTG1eQ-qgfSUpURuqwxRy_iA;11,000000000000000
EUW1_7799395966;2026-03-26T15:35:42Z;2221;420;Vayne;TOP;TOP;0;2;8;6;15487;297;44;54890;40349;16;5;18;zcm6jw20sNUhFVmuvgjQXTSN0ajSrlohXOd4PAqtsFhBmcORcbCr9ZeAHqrocBiHznqFO_upf500wg;1,000000000000000
EUW1_7799395966;2026-03-26T15:35:42Z;2221;420;Camille;JUNGLE;JUNGLE;0;8;9;4;14687;222;65;33820;50611;13;7;17;vV30hZpd6ftgbBIX9Zd1QTCqGoKtviZA0piz7z2vceLZtQu1XmtcHDMt66Vfjrt4L-EnRS2fHV0xeA;1,333333333333333
EUW1_7799395966;2026-03-26T15:35:42Z;2221;420;Orianna;MIDDLE;TOP;0;1;4;10;13462;344;45;25539;19504;17;6;18;X5pYQcdERCCKV3TnWrZsgc8Bl3JrIzCgljcLuP_D-ZGmbbr5QpQ4UZTbA3Eo2F8_x2smECY9y6vDTw;2,750000000000000
EUW1_7799395966;2026-03-26T15:35:42Z;2221;420;Jhin;BOTTOM;BOTTOM;0;7;7;7;16419;288;29;39612;28426;10;6;16;m590JpOYKtbfiCpS55JM3wmeCkJqmBk7d9xszd1c6R4N-BAAopJWsuntEEesn2LS3mXFuhq3CQQWJw;2,000000000000000
EUW1_7799395966;2026-03-26T15:35:42Z;2221;420;Lux;UTILITY;BOTTOM;0;2;12;12;10325;50;84;30704;28845;34;9;15;LSVqhJ5AFujrstuSL32qrLNqGqhsxy9BTY7dlmS4GjxI7nstQYMXpVIZZE6N3sQAwpvg0GIOdBMLDA;1,166666666666667
EUW1_7799356981;2026-03-26T14:59:53Z;1754;420;Cassiopeia;TOP;JUNGLE;0;4;9;2;12648;287;36;18821;33861;11;2;17;MD2R4qeel-bJBBvMfDkt8QhkF1bY1U7RX8CRohHNMw2J3zZUP76p0f8VKpM9IlwGmZzbI0k4Ljx-ig;0,666666666666667
EUW1_7799356981;2026-03-26T14:59:53Z;1754;420;Shaco;JUNGLE;JUNGLE;0;2;5;6;10938;230;26;19721;27058;5;4;15;yioaT_-snHfMvBiPUTi35Nuv9HbRWhG6HbSe9aPSxI_imp639QFuv1bAp9eRJBO_kQLJP3fTtL7ocA;1,600000000000000
EUW1_7799356981;2026-03-26T14:59:53Z;1754;420;Akshan;MIDDLE;MIDDLE;0;6;5;2;14679;241;25;17882;21194;8;5;15;HqQSahCTp_2FbKA489-KzgI2UH77ZplICcWa2H_ser_L_xaR8XN1NlvFfR7ikJHqn19iioq0VPDhsQ;1,600000000000000
EUW1_7799356981;2026-03-26T14:59:53Z;1754;420;Ezreal;BOTTOM;BOTTOM;0;3;9;7;11167;219;26;24005;30102;10;6;14;DtCTCyuKMWUuS8So51FtuttB6c3FzikIOSUUvYhUdq7Xpd0F6ic2a4ho2d8rb2Wlm-CDzy977G6E_Q;1,111111111111111
EUW1_7799356981;2026-03-26T14:59:53Z;1754;420;Janna;UTILITY;BOTTOM;0;2;7;9;7645;28;89;7761;25558;35;6;12;uu_QvEiZSV_KJpZIrcB0VIQ8gZgkDIt0ujavcwj4jPqJEbhvP0cIZzrzVpPYEkIKERGHImsaXD93fQ;1,571428571428571
EUW1_7799356981;2026-03-26T14:59:53Z;1754;420;Jayce;TOP;JUNGLE;1;12;3;6;17229;296;18;31484;20609;10;1;19;mPoqKTghtn0aO8r6kj4mEhydOpBLpLweEplHRH2EboaASAfVi4UiLrhf9y-lmSkCeLH7RuDAa-3URg;6,000000000000000
EUW1_7799356981;2026-03-26T14:59:53Z;1754;420;JarvanIV;JUNGLE;JUNGLE;1;6;2;16;14953;215;48;18481;32868;12;4;17;vV30hZpd6ftgbBIX9Zd1QTCqGoKtviZA0piz7z2vceLZtQu1XmtcHDMt66Vfjrt4L-EnRS2fHV0xeA;11,000000000000000
EUW1_7799356981;2026-03-26T14:59:53Z;1754;420;Lux;MIDDLE;TOP;1;4;1;10;12399;232;21;24134;12407;9;2;16;St2VoJ9EWehu12Ev4SSZ_UIxieZG1QytNfUgyjMMPCdFGT1OUzONuOCWSu0RgS-8eAovILR_06f3ng;14,000000000000000
EUW1_7799356981;2026-03-26T14:59:53Z;1754;420;Kaisa;BOTTOM;BOTTOM;1;11;4;8;17100;251;25;36368;22871;10;4;16;zcm6jw20sNUhFVmuvgjQXTSN0ajSrlohXOd4PAqtsFhBmcORcbCr9ZeAHqrocBiHznqFO_upf500wg;4,750000000000000
EUW1_7799356981;2026-03-26T14:59:53Z;1754;420;Nautilus;UTILITY;BOTTOM;1;2;7;17;9005;34;110;9528;27944;49;11;13;0cHBNuNsmyDOMLAPFC7JFcrs8X8hIxawt446sEqko0zjCk4T66ibC49fm4PQlkpy-jhN_GF4QSvJIQ;2,714285714285714
EUW1_7799170979;2026-03-26T11:22:14Z;1377;420;Rumble;TOP;JUNGLE;0;3;4;0;7745;173;14;21622;21823;6;0;14;lWQEoRzGNiIpmFRS15j1dNxas2Fr7TD4CTk-84-0PcOo7Yf3MrcIHdsjbJnMpQEI2eXSUiHG8_yMUA;0,750000000000000
EUW1_7799170979;2026-03-26T11:22:14Z;1377;420;Vi;JUNGLE;JUNGLE;0;4;7;3;8503;155;43;14801;28030;10;6;12;vV30hZpd6ftgbBIX9Zd1QTCqGoKtviZA0piz7z2vceLZtQu1XmtcHDMt66Vfjrt4L-EnRS2fHV0xeA;1,000000000000000
EUW1_7799170979;2026-03-26T11:22:14Z;1377;420;Swain;MIDDLE;MIDDLE;0;4;5;4;8747;187;6;13961;23536;6;0;14;1ju5p4Lby-2QJ_dws4Swj8c_pV0rpdASJGmLKuH4aYeYqOCd5jl8k2FnYn6_Q0WKCQ46HpZMBKoD9A;1,600000000000000
EUW1_7799170979;2026-03-26T11:22:14Z;1377;420;Lucian;BOTTOM;BOTTOM;0;4;11;3;9581;146;13;20319;20982;8;0;11;zcm6jw20sNUhFVmuvgjQXTSN0ajSrlohXOd4PAqtsFhBmcORcbCr9ZeAHqrocBiHznqFO_upf500wg;0,636363636363636
EUW1_7799170979;2026-03-26T11:22:14Z;1377;420;Milio;UTILITY;BOTTOM;0;1;6;8;6351;26;52;5503;12887;21;7;11;K6Og40TPWrePRZLqLysNYZKst_3M40I8RPIkMPVJqIcP7SLvd_fduP4gGs-Mr4y5Iru-gld2dMlOWA;1,500000000000000
EUW1_7799170979;2026-03-26T11:22:14Z;1377;420;Ambessa;TOP;JUNGLE;1;6;3;1;10021;184;23;17339;23238;8;3;16;T9WJ9LEAkY-WPzh-gcw1OUugd0DFBUX81Z-Jm8B9vL9pBCZ9a4CtRlvp5zVrbNAYTLT2r-xCHGG56w;2,333333333333333
EUW1_7799170979;2026-03-26T11:22:14Z;1377;420;Nunu;JUNGLE;JUNGLE;1;6;5;10;9929;144;19;12070;29550;4;2;14;bam_j6rGtW8sLkK1fyHLuZ8WO-RH3xUaaCSICHkBCksJj24ajg20O9pFwmhrnnbKT1m7kW55Dxxaug;3,200000000000000
EUW1_7799170979;2026-03-26T11:22:14Z;1377;420;Ahri;MIDDLE;MIDDLE;1;7;0;8;10599;192;19;23029;14441;7;2;15;v7LTxmw_PCChQgpHrRVDEtdQFXUD7VR3mdT_vnyzVfmSjFenDJ-Y1xzWkcd-1qSRM9TSO6FQi0SqRA;15,000000000000000
EUW1_7799170979;2026-03-26T11:22:14Z;1377;420;Jhin;BOTTOM;BOTTOM;1;7;5;14;12555;185;9;21857;18524;6;1;13;MYlRryjsP_yXErSAkN1RoID1tEU9oQf0xtJy60dsLrOIcicMs08Nfz8cmtq4fpFV8MZ86SFkKaWhAQ;4,200000000000000
EUW1_7799170979;2026-03-26T11:22:14Z;1377;420;Nautilus;UTILITY;BOTTOM;1;7;3;11;8816;36;66;9779;16806;28;8;12;cSJm4RjJ05OPEryxbKAz-OxcEsEhtFf74_j0AbBqwVdlC8U1iieQC89K0X3_wYnWdRS3Ky8PX7TstQ;6,000000000000000
EUW1_7799136217;2026-03-26T10:38:28Z;965;420;Kled;TOP;NONE;1;4;1;4;6922;124;11;7304;10690;6;0;12;-ohdeNMgproWGjTKhcsR320lIOWXVE_hDUjw6tv3V85VXyWx-5Rzo0D_SKim7CivwRXo-opmxnAubg;8,000000000000000
EUW1_7799136217;2026-03-26T10:38:28Z;965;420;LeeSin;JUNGLE;NONE;1;8;0;5;8068;128;20;10311;10305;7;3;11;vV30hZpd6ftgbBIX9Zd1QTCqGoKtviZA0piz7z2vceLZtQu1XmtcHDMt66Vfjrt4L-EnRS2fHV0xeA;13,000000000000000
EUW1_7799136217;2026-03-26T10:38:28Z;965;420;Singed;MIDDLE;NONE;1;2;2;8;6256;132;7;2900;7714;5;0;11;fcrbZtbLcnfu8A1ukNU9mCuUZuCbw7ceXYk0e1YXgjWmWyMTlFznx2iV_z4fjYJSs7AfYpqFg89Q7Q;5,000000000000000
EUW1_7799136217;2026-03-26T10:38:28Z;965;420;Sivir;BOTTOM;NONE;1;6;4;9;8539;138;14;12262;9791;6;2;10;_5nPL-plnrzuXNWg-z6tlxsK2Hr24z6OH_8Q0ZRPO6wLyAzjcP8JpYvpKZ5uAyBHrbSiTtep21DDAg;3,750000000000000
EUW1_7799136217;2026-03-26T10:38:28Z;965;420;Karma;UTILITY;NONE;1;1;4;16;4943;22;33;6895;10458;15;5;9;QvJC67a9CFPlvfan6ksygCvKI1wDCQ8GaY2fkm3ClMXNbAIs2N3HFsQmfHGKW3dQ5g_ofdHSntYl4w;4,250000000000000
EUW1_7799136217;2026-03-26T10:38:28Z;965;420;Jayce;TOP;NONE;0;0;3;0;5889;143;14;8230;6518;6;1;11;T9WJ9LEAkY-WPzh-gcw1OUugd0DFBUX81Z-Jm8B9vL9pBCZ9a4CtRlvp5zVrbNAYTLT2r-xCHGG56w;0,000000000000000
EUW1_7799136217;2026-03-26T10:38:28Z;965;420;Sylas;JUNGLE;NONE;0;4;3;2;6367;105;20;4419;14065;4;2;10;v7LTxmw_PCChQgpHrRVDEtdQFXUD7VR3mdT_vnyzVfmSjFenDJ-Y1xzWkcd-1qSRM9TSO6FQi0SqRA;2,000000000000000
EUW1_7799136217;2026-03-26T10:38:28Z;965;420;Akshan;MIDDLE;NONE;0;6;3;2;7522;146;9;9600;8038;6;0;11;QkETRHBoBi3L6BNnzW8mUkW3MiHaNRZP1E73h_h1ukOxIFA-NN-OwZj2jdI_oWZYdjZrh_zfgf1HEw;2,666666666666667
EUW1_7799136217;2026-03-26T10:38:28Z;965;420;Ezreal;BOTTOM;NONE;0;1;6;3;5703;124;15;10995;11692;6;4;9;u6t4B9SOMZhAYoA_9r-9zGy9D_qR3IuKiIUx-tJh_K0cAxpHKBSWgFY_d-4JJXNAumqnrHZ_sL0uaQ;0,666666666666667
EUW1_7799136217;2026-03-26T10:38:28Z;965;420;Nami;UTILITY;NONE;0;0;6;9;4758;18;36;4576;10568;16;2;7;pOgIJnYa5D1I1XGsmAhnAewdcMWfQ8G84DH_C_Wj7wt4srNDCNNlWfOupBhe9hKDwMVyVqbeNzRmaw;1,500000000000000
EUW1_7799567067;2026-03-26T17:54:41Z;1563;420;Riven;TOP;TOP;1;7;1;3;13375;244;25;17653;15566;10;3;17;tV4zjd_ekJx7eLVfuo2oqG8FeImkpGU547UFCGiOz3k09cSLQrE9oOFfCF15IBMbtL5HugNyWMEg3w;10,000000000000000
EUW1_7799567067;2026-03-26T17:54:41Z;1563;420;Vi;JUNGLE;JUNGLE;1;5;4;7;11013;183;43;14421;18115;8;8;14;iGRQHpIzIf1rBJK9MlXeMN-qdyVWoirS33XISBj8MZVo9JuyDXxtIqP6C-Ffoj_9ySGpsv0fzvAssg;3,000000000000000
EUW1_7799567067;2026-03-26T17:54:41Z;1563;420;Taliyah;MIDDLE;TOP;1;4;0;7;12431;258;20;15481;11172;8;2;16;wxTYx31KicRQyhsBuas3xa4_Kan-qSn_DQSUJliJmNOvkXwX4re9fzbJL2Z3Ip4i49vaeTusOFR9Xw;11,000000000000000
EUW1_7799567067;2026-03-26T17:54:41Z;1563;420;Karthus;BOTTOM;BOTTOM;1;5;8;11;11598;208;15;21147;18430;9;4;14;N8apJVyX7dRrlsKaENtfDJg6BFnfpKjD7rZfTqKzG5V9J7CU-MoJPixo9bLXLHz78Jl7g0gPMbEUrA;2,000000000000000
EUW1_7799567067;2026-03-26T17:54:41Z;1563;420;Nami;UTILITY;BOTTOM;1;2;3;15;8040;24;93;7335;16610;38;8;12;Xe31quJzANDP6pTiCHJUhIk2BD1aB-My_Z4D69yukeTL_4lVMd5hNCo4y-RmgXD8a82mm_8zAG7TwQ;5,666666666666667
EUW1_7799567067;2026-03-26T17:54:41Z;1563;420;Singed;TOP;TOP;0;3;3;2;8290;176;16;8051;20848;10;0;14;FGa1xk43EMxpVXKD_RoV1346NRWk7mFjqODbBs-VHshE0wUrW0j5dT9CP7oepIoLXbugQz3vL3yf3w;1,666666666666667
EUW1_7799567067;2026-03-26T17:54:41Z;1563;420;JarvanIV;JUNGLE;JUNGLE;0;3;4;10;10266;184;29;10885;27084;7;3;14;kKZeeggC9P2l5JbPnJF42lX1rerk0ORdYIaBOY26M51TZ8KQ0Jgve2z02r_k7stFNscvcd8kr1X31g;3,250000000000000
EUW1_7799567067;2026-03-26T17:54:41Z;1563;420;Malzahar;MIDDLE;MIDDLE;0;4;5;4;10609;257;30;11435;14389;13;2;15;QmRklonOISGymuO3hb7EFYjah8KiDo_oKF4ZWINcI1J-pzQFcq1tqMLTTfrLMd5rvTQKn9iWns3xZA;1,600000000000000
EUW1_7799567067;2026-03-26T17:54:41Z;1563;420;Ezreal;BOTTOM;BOTTOM;0;5;4;6;11495;245;29;23452;15451;10;4;14;7ULsUCKAQUTbTxNhg4X0d6bvG-7F5G5aRfENT7-6BmhrYfzkfIVl90h7OTZpyR5FyKaoGJZtucdRJg;2,750000000000000
EUW1_7799567067;2026-03-26T17:54:41Z;1563;420;Karma;UTILITY;BOTTOM;0;1;7;9;6958;39;78;7202;14200;31;13;11;c6iG4QmVtLV-f3GWCvv5xksaKNdrxl9GbZS8q6FRbx-mQAZuODuTrh5N-AFiMfy991y0Lclc0TleTw;1,428571428571429
EUW1_7799516499;2026-03-26T17:14:00Z;1955;420;Renekton;TOP;JUNGLE;1;4;8;6;13787;281;46;18808;49144;8;6;18;cKye3JO8mrny3CKxlWDij4T1gyYHpm02SyZru4pry7G_icjTcuokMHmNzA6FyvTHVO0ZI1A4FTxhwQ;1,250000000000000
EUW1_7799516499;2026-03-26T17:14:00Z;1955;420;LeeSin;JUNGLE;JUNGLE;1;7;4;12;14999;244;52;15905;34826;14;9;17;kLEUYlbaqL3ZEG6u1IaZ_3qibgiIOD1C6NSMDslv9bQpnp9B5sWc5HFn8cGfaHQlHQqPcZf9dGecCQ;4,750000000000000
EUW1_7799516499;2026-03-26T17:14:00Z;1955;420;Taliyah;MIDDLE;MIDDLE;1;12;3;8;18415;313;33;32067;14016;13;4;18;wxTYx31KicRQyhsBuas3xa4_Kan-qSn_DQSUJliJmNOvkXwX4re9fzbJL2Z3Ip4i49vaeTusOFR9Xw;6,666666666666667
EUW1_7799516499;2026-03-26T17:14:00Z;1955;420;Ezreal;BOTTOM;BOTTOM;1;8;7;10;17042;299;36;36962;24961;13;3;18;tfihcTUVqLEifTil2NpMUt5MzQt_Dcp2gDlZ28-VMwQJcbTFBWfmvR3wZqcmuVXSO7A7kBUewNwdCg;2,571428571428572
EUW1_7799516499;2026-03-26T17:14:00Z;1955;420;Rakan;UTILITY;BOTTOM;1;2;7;20;10312;30;123;7632;27231;45;17;14;gpocbp29h1HrEOR9r8qvQ45K5arvYS2UNGjzPSqPnUJaeBiUmkdFgyKqvw_QulJBqKKdc9TRh-McdA;3,142857142857143
EUW1_7799516499;2026-03-26T17:14:00Z;1955;420;Kennen;TOP;JUNGLE;0;8;8;4;13491;240;31;28895;29679;11;6;18;TgzGfu_Fi2ZXcQ7SCiGPpzw8Ch3M_mwWcntOQUAqN_np0QeSCWgT84-10VlDV97eqy5E0vAIz8lTow;1,500000000000000
EUW1_7799516499;2026-03-26T17:14:00Z;1955;420;Ambessa;JUNGLE;JUNGLE;0;6;5;10;13598;188;44;20750;29202;11;6;15;iGRQHpIzIf1rBJK9MlXeMN-qdyVWoirS33XISBj8MZVo9JuyDXxtIqP6C-Ffoj_9ySGpsv0fzvAssg;3,200000000000000
EUW1_7799516499;2026-03-26T17:14:00Z;1955;420;Malzahar;MIDDLE;MIDDLE;0;3;2;11;14442;342;38;24157;15049;16;4;18;QmRklonOISGymuO3hb7EFYjah8KiDo_oKF4ZWINcI1J-pzQFcq1tqMLTTfrLMd5rvTQKn9iWns3xZA;7,000000000000000
EUW1_7799516499;2026-03-26T17:14:00Z;1955;420;Jhin;BOTTOM;BOTTOM;0;10;9;9;16206;222;27;30962;28982;12;7;15;ZA0lrUrvwiCVzlw-QJtco_16rBRmoXIkM1Tj3KYOBLvySkaiLdAtnSK3iGd-0W3jWwJCwSlvA0WHkg;2,111111111111111
EUW1_7799516499;2026-03-26T17:14:00Z;1955;420;Nautilus;UTILITY;BOTTOM;0;2;10;16;9313;25;102;10541;28181;35;10;13;uhT1SCc8Pm0Omi1DDB084Q9hpcbbvNx-6Cy5DZmOu2LpjbHEJWLluyj97_nzNrVfi11PKTkKCjhPKQ;1,800000000000000
EUW1_7799397215;2026-03-26T15:40:19Z;1718;420;Ambessa;TOP;JUNGLE;0;8;7;3;13240;221;24;23154;29020;10;1;17;H_3suYhKxwdUw29AHHFBtMzLeW1DI_0FsSZdAYfCbE8b4FOEopPbXjru3NBJ_vVQi84bgFkXZetdhQ;1,571428571428571
EUW1_7799397215;2026-03-26T15:40:19Z;1718;420;JarvanIV;JUNGLE;JUNGLE;0;4;4;10;12724;213;39;17069;28862;7;5;15;iGRQHpIzIf1rBJK9MlXeMN-qdyVWoirS33XISBj8MZVo9JuyDXxtIqP6C-Ffoj_9ySGpsv0fzvAssg;3,500000000000000
EUW1_7799397215;2026-03-26T15:40:19Z;1718;420;Velkoz;MIDDLE;MIDDLE;0;6;9;2;11996;200;21;26332;21712;13;0;15;gC46nghqWTnmH5JhmUVskfrkdg7taoBeQghlYXbkcZHNwvLsy7Cru9lEg_EC9g2tlZTy43JJo7esZw;0,888888888888889
EUW1_7799397215;2026-03-26T15:40:19Z;1718;420;Lucian;BOTTOM;BOTTOM;0;4;8;5;10542;189;27;14288;24109;12;5;13;h_1RiFByNIwPTgzicKEsBH5GX5YozMR20ftSRMH78H3fN4zK9qyykZhbFxVO1LHCqft20HeQdpRJlA;1,125000000000000
EUW1_7799397215;2026-03-26T15:40:19Z;1718;420;Nami;UTILITY;BOTTOM;0;1;5;14;8046;30;76;9998;13788;31;8;13;tTjsFnHlZzwcuU0c736cbUPQYp4H-Lymd4u8ZeGv96Azbn5VhZpZJZiib5L8--K9Y_xIBUwv0O3Fjg;3,000000000000000
EUW1_7799397215;2026-03-26T15:40:19Z;1718;420;Ahri;TOP;JUNGLE;1;6;9;9;12659;208;31;22606;28491;8;6;18;j6H1tqhZMJToMAtaVrlhlWSegaJL8PQcY-SI8JBv9fcNF4jfnHpdPMw9NaRZsl3GkqJlR7l8zUa-pA;1,666666666666667
EUW1_7799397215;2026-03-26T15:40:19Z;1718;420;Vi;JUNGLE;JUNGLE;1;5;1;14;12763;185;39;17689;26359;13;2;16;MIZwoZzmKTdjAf0I50NWyBlqjhDEShga3yxsyIw6_zGmdVz5WGQTbYXmc8dZfzfQHptuRfVkp3NXFA;19,000000000000000
EUW1_7799397215;2026-03-26T15:40:19Z;1718;420;Aurora;MIDDLE;MIDDLE;1;10;2;5;14881;269;19;22005;22556;4;4;17;Hv_C0Xf3ItxdDQohhLFD3i7aLT-LyUruUGoVfT-A5kqjCAl48RfxJJgxOjDzKnphM5HMI669leqD5g;7,500000000000000
EUW1_7799397215;2026-03-26T15:40:19Z;1718;420;Yunara;BOTTOM;BOTTOM;1;11;6;6;18459;303;32;28602;24043;10;10;16;s_k5lM38Ax-qG4QIzxnc7vomEa0txwFSUv1NBdnDQtwvkUyK56OhIYULKtHl9VU_YNQT7UWZqWH2tQ;2,833333333333333
EUW1_7799397215;2026-03-26T15:40:19Z;1718;420;Thresh;UTILITY;BOTTOM;1;1;5;13;8779;32;97;6054;21388;39;10;13;fkTe2s5_0OEovYZntuuz52Js8TwGh9aeCe8C1H4nSzCo4SDuwPW0W2isXzZjXjKpk6BbxhIMRjMb9Q;2,800000000000000
EUW1_7799350064;2026-03-26T14:52:17Z;1906;420;Sion;TOP;JUNGLE;0;2;5;7;11045;230;26;25840;43915;11;2;16;5rhjNn53h67uNdLwG3beDaXQ5l00cFq3ng4LUHJf0mmKWdJ6VOyF89jHTBJZge-hE6TJ2WVJRO0vmg;1,800000000000000
EUW1_7799350064;2026-03-26T14:52:17Z;1906;420;JarvanIV;JUNGLE;JUNGLE;0;5;5;10;14918;230;55;15904;35480;7;12;16;kKZeeggC9P2l5JbPnJF42lX1rerk0ORdYIaBOY26M51TZ8KQ0Jgve2z02r_k7stFNscvcd8kr1X31g;3,000000000000000
EUW1_7799350064;2026-03-26T14:52:17Z;1906;420;Zed;MIDDLE;MIDDLE;0;4;6;4;13718;270;20;33326;28237;11;1;16;wpRR9TgBKISHYD1fnKinuW165pEtVGQD9YR8ocR1xPqG_LdAWYkHANVKvinLiydHUH8nbHTiq7_Nrw;1,333333333333333
EUW1_7799350064;2026-03-26T14:52:17Z;1906;420;AurelionSol;BOTTOM;BOTTOM;0;7;7;4;12997;252;25;40681;27500;9;3;15;kYG4VBTYrBnPLD2--jZUvXwas32ojq72zpR_LiLY-b3UYdQt5YgFu_zpDTMBPBNSJ0EiS6L29oLFZQ;1,571428571428571
EUW1_7799350064;2026-03-26T14:52:17Z;1906;420;Rell;UTILITY;BOTTOM;0;0;7;12;7658;25;139;7400;24879;53;20;9;xNw9Lev3lsVce4ANMJJ3n51AUO3jJs7XZSkGYaAYRnP91nttz9X5gFkj9JNxnS1h2gGXYDfgKpmWpw;1,714285714285714
EUW1_7799350064;2026-03-26T14:52:17Z;1906;420;Aatrox;TOP;JUNGLE;1;7;2;12;14503;264;37;39789;45927;14;4;19;iGRQHpIzIf1rBJK9MlXeMN-qdyVWoirS33XISBj8MZVo9JuyDXxtIqP6C-Ffoj_9ySGpsv0fzvAssg;9,500000000000000
EUW1_7799350064;2026-03-26T14:52:17Z;1906;420;Nocturne;JUNGLE;JUNGLE;1;0;5;17;11928;222;37;18334;43860;4;10;16;EYe4GZmzIh_pJiMdV1nvw6ZSoj3JRuWs1Fw-WzUco0IpSbkX8oQmFQAVyacCrOTN8XuO_3w50WSuzg;3,400000000000000
EUW1_7799350064;2026-03-26T14:52:17Z;1906;420;Ahri;MIDDLE;MIDDLE;1;13;1;16;17624;299;33;49131;24499;5;8;18;eedEru7h7XXlufocO97CSCWgLqbE2e_sHu5xlOOFUvkk0NHSTWpLDWKcwBdmx82me--KLMhHEHU40Q;29,000000000000000
EUW1_7799350064;2026-03-26T14:52:17Z;1906;420;Yunara;BOTTOM;BOTTOM;1;9;2;7;16808;257;31;26953;23143;9;7;16;HWfU1KNXZc2XO64QTeX3C_ZaVE2p5140rz5ZZzj38zpOWEazKuMPuCi-pwFPOr6SlM56oFj7llvXDw;8,000000000000000
EUW1_7799350064;2026-03-26T14:52:17Z;1906;420;Poppy;UTILITY;BOTTOM;1;1;8;19;9022;27;140;11236;25639;63;10;13;y7qEtiIjqX_7Z9CzABUgUZIb1tUqiafik_X6IQKXIYOB8eJUyUHq63JToZlJVza10qHQmzy1Q5yTyw;2,500000000000000
EUW1_7801409594;2026-03-28T01:20:22Z;2064;420;Jayce;TOP;JUNGLE;0;7;10;8;16162;264;28;37617;40966;13;2;19;vNum6S-UGD8dP0NSWva9A_Chh928codBcY3eUCy2CuE8FLGkw69ZWjZ2cRB1XK8PSJsaHcFMPuf4Ow;1,500000000000000
EUW1_7801409594;2026-03-28T01:20:22Z;2064;420;Diana;JUNGLE;JUNGLE;0;9;6;6;16211;253;21;23740;29816;2;2;17;kqXrXEYp6zZwLXAMJJntrYgwYkVQsVRV3nba4sa8RwI_JsnC-unCNn-otAY2jS0_VKR9WhZG4X5eJQ;2,500000000000000
EUW1_7801409594;2026-03-28T01:20:22Z;2064;420;Pantheon;MIDDLE;MIDDLE;0;10;9;9;14493;183;23;29753;40695;6;3;16;TkdgDOByS1uNAWal9KuHAS20BcL5LmfoZxlLVzEOo7NjG4nmtYQOilBMbqeQPUyVUsxpZs9_K9oWKQ;2,111111111111111
EUW1_7801409594;2026-03-28T01:20:22Z;2064;420;Yunara;BOTTOM;BOTTOM;0;9;12;18;17624;234;39;34083;32307;15;7;17;MuVblJ2hm2NCs-tVrmLNTGgGIMk7WC5fnZSpt_NikPCWaNLtrNhFQs9dFtAN-NIllsCSNmi4cFL8qA;2,250000000000000
EUW1_7801409594;2026-03-28T01:20:22Z;2064;420;Elise;UTILITY;BOTTOM;0;11;8;15;14234;31;129;28075;29520;49;14;15;0eqC8OsxIIQ9w8Xw8_T-BdkJ7vCarJtTx02YXx5BZgKR5x0TjkeLc7ZZn2deHaSsXzLUvKAdYP9FzQ;3,250000000000000
EUW1_7801409594;2026-03-28T01:20:22Z;2064;420;Jax;TOP;TOP;1;6;8;6;13972;243;24;16424;41701;10;3;18;4dolVwUhcsbI2_Un0eJaf9mejw6JINkHBv-AAOGDWYQqHLhu4aZ5Rb65mtHW2BL5CGtR-qnlh1NyJA;1,500000000000000
EUW1_7801409594;2026-03-28T01:20:22Z;2064;420;Talon;JUNGLE;JUNGLE;1;14;11;9;17645;240;26;32658;40288;1;9;18;Aqcvhj-4edah_SBOfcd1ciBCC2kokdNLXXXU_NUmx2-MrQmQh77OL1xg2ChopcdoME9nvbeSPEkgPg;2,090909090909091
EUW1_7801409594;2026-03-28T01:20:22Z;2064;420;Aurora;MIDDLE;MIDDLE;1;16;6;11;20148;266;35;55773;31865;6;8;18;j6H1tqhZMJToMAtaVrlhlWSegaJL8PQcY-SI8JBv9fcNF4jfnHpdPMw9NaRZsl3GkqJlR7l8zUa-pA;4,500000000000000
EUW1_7801409594;2026-03-28T01:20:22Z;2064;420;Ezreal;BOTTOM;BOTTOM;1;4;10;19;17218;270;23;32124;36890;9;6;17;wTcPrANHBZg6X6CHTcTnKcCWbO__mK5-b6Kra6UoJnPlZ80OU_BaJtccDVFkNWnHRi758agangDMiw;2,300000000000000
EUW1_7801409594;2026-03-28T01:20:22Z;2064;420;Pyke;UTILITY;BOTTOM;1;5;11;17;12310;38;143;10361;32391;63;8;15;lsdVRKF4-5xnTtzCZSwpAjyTSY9BMdsAcIC0X1IagJ9P5N38XrRvARTlAeCuK-L_y2acskX95oibCg;2,000000000000000
EUW1_7801344191;2026-03-28T00:06:28Z;1611;420;Gnar;TOP;JUNGLE;1;14;4;5;14880;214;19;47137;33408;5;2;17;vNum6S-UGD8dP0NSWva9A_Chh928codBcY3eUCy2CuE8FLGkw69ZWjZ2cRB1XK8PSJsaHcFMPuf4Ow;4,750000000000000
EUW1_7801344191;2026-03-28T00:06:28Z;1611;420;XinZhao;JUNGLE;JUNGLE;1;6;3;6;11792;186;34;15048;34983;8;6;15;3uzj5OcP70nrFowta5y54eT-1ebp0FBQZWU3S-8fM-TN0MjgPIZbh3698DnD5k4ljJFD34XRFn3_rg;4,000000000000000
EUW1_7801344191;2026-03-28T00:06:28Z;1611;420;Taliyah;MIDDLE;MIDDLE;1;6;1;11;13092;254;24;27049;15780;13;2;16;DyGz9de9kQiBlP8XIZuannbphrbby2NADFlUyrnWbuXDjzVrOcNd6T9oUmjWswnXxmiaGiXaGJDzOg;17,000000000000000
EUW1_7801344191;2026-03-28T00:06:28Z;1611;420;Lucian;BOTTOM;BOTTOM;1;2;6;7;11867;210;27;11756;20409;8;7;14;nS3A3jIpkWwPgUP6AhLJuISZdA5KLF2UVdQ7whYjENoWTHEJjnkVVHqsSZ0jeg2ye3O6OR87gKiXFQ;1,500000000000000
EUW1_7801344191;2026-03-28T00:06:28Z;1611;420;Nami;UTILITY;BOTTOM;1;1;2;17;8258;18;64;11126;11101;28;3;14;Ld136nkH0gCGSmTQ_a-QMUYcmdHNrRbbsRfUw9yJ3tumdDOqA-BxR_Lf-DqZs8EG5uTjRG_xLPTZpw;9,000000000000000
EUW1_7801344191;2026-03-28T00:06:28Z;1611;420;KSante;TOP;TOP;0;2;9;6;8859;172;15;17882;48331;9;0;15;5LGr3dk4mMIfhcNaEqqVW8RcP7u781cA4QYBQUWOfP7L6GsQLqlO-0Yo2JXhN9j0pzdIhmGZRQ8CLQ;0,888888888888889
EUW1_7801344191;2026-03-28T00:06:28Z;1611;420;Ambessa;JUNGLE;JUNGLE;0;4;5;0;11445;219;26;12275;25176;7;3;15;Q0bHa1GD2cmM_DnYvwzaY0UOi7C_75uPuDgg3y3JO3GKXoN-hOCHx34TffrZ4VQnW9go-FiHHUryrw;0,800000000000000
EUW1_7801344191;2026-03-28T00:06:28Z;1611;420;Orianna;MIDDLE;TOP;0;6;5;4;13444;271;16;26867;23247;8;3;17;DwLqK8rlvrGnJ8qly7WL3kbNQpfOpKfkSt3-eBIaZB41AoC2gLjdYwIekv2IaTvNv0OKq2TxUHdLRQ;2,000000000000000
EUW1_7801344191;2026-03-28T00:06:28Z;1611;420;Varus;BOTTOM;JUNGLE;0;4;4;3;14653;246;17;24325;14199;8;6;15;tqTnVIIppR6CDCANxp2aBhapnHJAlZCti2Y7wPJO47B-SAD3iB6jPJ5gbZb7m04nEZ9uOI5M_ti_5g;1,750000000000000
EUW1_7801344191;2026-03-28T00:06:28Z;1611;420;Taric;UTILITY;BOTTOM;0;0;6;5;6568;43;74;3158;18414;29;10;11;_IHuaPGREnLH49mBSE-qSpsgggyYhbQ8lJeFGKOs1p-nBaTjuUFdeRXykUNE0tSbA94EKlViZfotYg;0,833333333333333
EUW1_7801296070;2026-03-27T23:24:23Z;1391;420;Gwen;TOP;JUNGLE;0;4;4;1;10406;219;11;12543;20524;7;0;14;vNum6S-UGD8dP0NSWva9A_Chh928codBcY3eUCy2CuE8FLGkw69ZWjZ2cRB1XK8PSJsaHcFMPuf4Ow;1,250000000000000
EUW1_7801296070;2026-03-27T23:24:23Z;1391;420;Graves;JUNGLE;JUNGLE;0;1;5;0;8042;166;16;15259;16386;2;4;12;3zgg-nol0sZ5sz3_GGER-V3-DRmgY95vHgjuZEzPshV2bI-TpSLckP9kFwfp6Fwt5Fn0aGbsWidaNQ;0,200000000000000
EUW1_7801296070;2026-03-27T23:24:23Z;1391;420;Fizz;MIDDLE;MIDDLE;0;2;6;1;9235;212;9;9861;18775;3;1;14;S6xHeZ7h6C0cd0m0aOFqSDfR-pzU9m9Onvub7cWouYYQldUm-R6YJFgF8fWM9kwE-UtJc7YtRscPEQ;0,500000000000000
EUW1_7801296070;2026-03-27T23:24:23Z;1391;420;Draven;BOTTOM;BOTTOM;0;0;8;1;7548;158;8;7560;16672;6;1;12;-1bkn-p_CzQB99D8uc4MWeJCtLk617GYiy2MLdPoiGAnPCP02rnhCsp61ERejAs5jlIR-PGo5zvLkQ;0,125000000000000
EUW1_7801296070;2026-03-27T23:24:23Z;1391;420;Lulu;UTILITY;BOTTOM;0;0;6;4;5584;15;62;4956;14908;30;2;9;jYbhFW2WIRsGF6mawkQ7ASS2cSyFgKkfzInlZaCKVpRLvb-4dEON9UzSFuj1ixxQ8h4v3OBh3hwe9Q;0,666666666666667
EUW1_7801296070;2026-03-27T23:24:23Z;1391;420;Jayce;TOP;JUNGLE;1;5;2;4;8667;167;26;17324;11153;10;5;14;OpaVVLIufo6i3x-J-Mm1mE6Y1AZvr2FbgsNqfhKcZU75gIKCOhKxwxbTkt48rEUuJy7WMsJdtYIBmQ;4,500000000000000
EUW1_7801296070;2026-03-27T23:24:23Z;1391;420;XinZhao;JUNGLE;JUNGLE;1;7;0;9;10725;175;20;12922;32101;5;1;15;NVwrPSFiwaaizMuyDtFpuAJXpJj7y0tAGT21TuBiiASyyRcFRSXCIaPK2bZKCaaYtiuDMEo-JRIG8A;16,000000000000000
EUW1_7801296070;2026-03-27T23:24:23Z;1391;420;Galio;MIDDLE;MIDDLE;1;5;1;10;10921;220;18;13430;17269;10;0;15;GeVYYBCKjHQrdXlmLNM2SNJhD1AzPD5AjIpFIXQnNBIAP8U6k7Lhn12LSWaDYnsArynIjcvsVjENTQ;15,000000000000000
EUW1_7801296070;2026-03-27T23:24:23Z;1391;420;Yunara;BOTTOM;BOTTOM;1;11;2;5;15566;224;12;24820;12019;6;3;14;r2-OT0JTXbT4aYXEUPolLVXloNvEtifoG7fLN5j94B88i-i1REpYBWHQzhldm-yFNoUa9ynpB3tYzA;8,000000000000000
EUW1_7801296070;2026-03-27T23:24:23Z;1391;420;Braum;UTILITY;BOTTOM;1;1;3;20;8453;19;70;6083;17606;31;3;11;x0UsIAm3ZfB6cacwfqJtmHC581Z-lytvEA3kUZ7yXPQ65Add5vAQaUHOna7hiGwwqD6f8LUFZSLHAA;7,000000000000000
EUW1_7801253612;2026-03-27T22:49:32Z;1482;420;Riven;TOP;JUNGLE;0;1;11;1;7279;126;14;7905;26029;7;0;13;01Zw0Kd9Lx_Cvtna4oIUPMJ7u9OJleJWyYynU9xFUVQqoM1MP_b33qV2YQu9wmX15SW-pk4mo_zohg;0,181818181818182
EUW1_7801253612;2026-03-27T22:49:32Z;1482;420;Diana;JUNGLE;JUNGLE;0;4;9;4;10051;165;28;14802;23865;7;4;13;TivQGYa2S64za6rStxXlUvcz8rST7oWLm1SRJQDLqfVr3nGgjDIb9jGBa0fOJCww3wGYf_vCO5sM-A;0,888888888888889
EUW1_7801253612;2026-03-27T22:49:32Z;1482;420;Orianna;MIDDLE;TOP;0;3;8;4;9572;216;17;21246;25818;9;1;15;vF3HCkg5aJQWy7O5lGW1onmPlj0nRsnYPD-zLZreHWh9QG2qLJa9lfGOf--XCFaLlGIwoRXoOixiZQ;0,875000000000000
EUW1_7801253612;2026-03-27T22:49:32Z;1482;420;Yasuo;BOTTOM;BOTTOM;0;3;5;1;9625;199;15;9742;20801;9;0;13;MH0Zhk0wY2-ZpjrSNAsPKQuxAuCY5ENdIFI5aUUlvt8GqdyY03PDcHhsvBqfzMTwSSvWCoXAFkI7ug;0,800000000000000
EUW1_7801253612;2026-03-27T22:49:32Z;1482;420;Senna;UTILITY;BOTTOM;0;2;6;7;7826;38;69;19742;21510;29;7;11;BRLg6A8ZPTWMV0rjk15NJtnA-JzFQGcMmbQrDIHapfE7JvaVVL_N-Nvjd9A5sso_RiR4p8XtC0R_Vg;1,500000000000000
EUW1_7801253612;2026-03-27T22:49:32Z;1482;420;Jayce;TOP;JUNGLE;1;13;3;8;15723;250;22;30544;19744;7;1;18;vNum6S-UGD8dP0NSWva9A_Chh928codBcY3eUCy2CuE8FLGkw69ZWjZ2cRB1XK8PSJsaHcFMPuf4Ow;7,000000000000000
EUW1_7801253612;2026-03-27T22:49:32Z;1482;420;FiddleSticks;JUNGLE;JUNGLE;1;9;3;15;14892;221;67;23076;33065;4;1;16;KTFOFL7mYAEmfYrh-A46P7c9eg6hGULQhctY_LjuVBbkqjMhK3bRUWPGlyFMF1t8lHK_yhCK8JzznQ;8,000000000000000
EUW1_7801253612;2026-03-27T22:49:32Z;1482;420;Zed;MIDDLE;MIDDLE;1;6;5;4;11250;195;21;18530;22078;7;2;15;gOsCnVJqfxy3_Bih2bL2ye97PnrligRnXnGUHvpX4OPv4z42nj4ywHFrcM2vAkzziG6RfUDycjtQ5Q;2,000000000000000
EUW1_7801253612;2026-03-27T22:49:32Z;1482;420;Jhin;BOTTOM;JUNGLE;1;11;1;9;15888;237;14;19474;13316;7;2;16;PZ4p7lcRlnsuIyWzNGRyksAHSriUpVjl2k3ydAZ9xvkKgAzdq0nSzgyAijkFLIA4tiA-o-dNCYhynA;20,000000000000000
EUW1_7801253612;2026-03-27T22:49:32Z;1482;420;Rakan;UTILITY;BOTTOM;1;0;1;22;8305;29;106;7267;18643;39;15;12;2OLR2CHYo32wfjth0UO_DehaiPqGAU8bD2QpUuNpA1cxCymgXmSdgt46YJSKDW-NGOJoX55_19yTyQ;22,000000000000000
EUW1_7801183820;2026-03-27T22:05:10Z;1916;420;Jax;TOP;JUNGLE;1;3;8;7;12180;194;31;23669;36365;15;2;17;TgzGfu_Fi2ZXcQ7SCiGPpzw8Ch3M_mwWcntOQUAqN_np0QeSCWgT84-10VlDV97eqy5E0vAIz8lTow;1,250000000000000
EUW1_7801183820;2026-03-27T22:05:10Z;1916;420;Graves;JUNGLE;JUNGLE;1;10;4;6;16829;269;35;36021;26741;7;4;18;uhT1SCc8Pm0Omi1DDB084Q9hpcbbvNx-6Cy5DZmOu2LpjbHEJWLluyj97_nzNrVfi11PKTkKCjhPKQ;4,000000000000000
EUW1_7801183820;2026-03-27T22:05:10Z;1916;420;Yasuo;MIDDLE;MIDDLE;1;6;6;15;15045;274;22;39185;35067;10;3;18;aJC_BvyElD6FiVnIBssRDCo_g-Bb_XkBty2r9IBOAWV_A3vi3yRlzxVaFmdjXxlW2CbmDyvwrxBHlQ;3,500000000000000
EUW1_7801183820;2026-03-27T22:05:10Z;1916;420;Veigar;BOTTOM;BOTTOM;1;5;0;9;15277;300;23;16889;19586;10;7;18;BZz0NwycmDN596BL9B6IhCgGeDK2o37JBEFUFywWlKNdlbZnZvd-Kouv3i2c3mPsSe1bqekQIbFiyg;14,000000000000000
EUW1_7801183820;2026-03-27T22:05:10Z;1916;420;Alistar;UTILITY;MIDDLE;1;1;5;18;9459;28;133;7805;24943;58;16;14;PYlNFR4UadyA_leSZMNoeZ2WzYgSKouRuwV5gMMc94vKSN6Lf2Mbi3nZIhus3xVsoLYUAwVjf2eN6w;3,800000000000000
EUW1_7801183820;2026-03-27T22:05:10Z;1916;420;Akali;TOP;TOP;0;9;5;4;13847;253;26;31095;32443;8;1;18;vNum6S-UGD8dP0NSWva9A_Chh928codBcY3eUCy2CuE8FLGkw69ZWjZ2cRB1XK8PSJsaHcFMPuf4Ow;2,600000000000000
EUW1_7801183820;2026-03-27T22:05:10Z;1916;420;XinZhao;JUNGLE;JUNGLE;0;7;6;7;14441;245;25;25199;51491;3;5;17;Lew0xW50uOBEGt_UZRaBcu7fy14noI2IpEMXyYBwwQJtDCKY2I_4TXt-mZlOKufrW9qmyJ_-ohOXig;2,333333333333333
EUW1_7801183820;2026-03-27T22:05:10Z;1916;420;Sylas;MIDDLE;TOP;0;3;9;3;9861;193;19;20616;43860;5;5;14;zGw9VlxKENGiHERpI8dmDuHVwcxzP8l7kyeY1FimhsJISA20if1OEc8fJsOnoje3CgXbDo_8WuPv0Q;0,666666666666667
EUW1_7801183820;2026-03-27T22:05:10Z;1916;420;Sivir;BOTTOM;BOTTOM;0;3;2;4;16671;348;52;25803;21367;12;12;16;t9kI6HGcHS7K_vtWxUgvgQAl7mdgXwGtDajdLlUpcshvIxNdcv444EM0IXFuVZQzyVGl2QcLGULbaw;3,500000000000000
EUW1_7801183820;2026-03-27T22:05:10Z;1916;420;Lulu;UTILITY;BOTTOM;0;1;3;11;8937;27;110;8860;12769;46;13;14;7GsxNMvx55EWnCShnJr3b0AQYCqGM_YDiVnTSdFPMciKsG46j4uukIYcHdmroAuQKmir2Y6WOmUxqA;4,000000000000000
EUW1_7801012930;2026-03-27T20:18:38Z;2869;420;Sion;TOP;JUNGLE;0;7;8;14;17897;298;35;34768;114481;9;2;20;vNum6S-UGD8dP0NSWva9A_Chh928codBcY3eUCy2CuE8FLGkw69ZWjZ2cRB1XK8PSJsaHcFMPuf4Ow;2,625000000000000
EUW1_7801012930;2026-03-27T20:18:38Z;2869;420;Ezreal;JUNGLE;JUNGLE;0;13;13;12;20036;310;41;67581;62361;6;9;18;ThOshCYpbBlMfUxGQiDg8ZJp_tUeXe9l5T0wxY0S5eoVyX3vpmIy4t0sqou42Sbboyh7Xjr02q0K4g;1,923076923076923
EUW1_7801012930;2026-03-27T20:18:38Z;2869;420;Fizz;MIDDLE;MIDDLE;0;14;8;7;23643;348;58;48524;39400;5;16;18;S6xHeZ7h6C0cd0m0aOFqSDfR-pzU9m9Onvub7cWouYYQldUm-R6YJFgF8fWM9kwE-UtJc7YtRscPEQ;2,625000000000000
EUW1_7801012930;2026-03-27T20:18:38Z;2869;420;Ashe;BOTTOM;BOTTOM;0;5;7;15;21074;356;75;37607;36930;23;9;18;fXlGnwDmCB_PTkF2589l8Hjw6BgIKTsT5QqNK50VoCIzTNqgiwbX34Bfwtt0u5e1F_9bEvFCRkIM2w;2,857142857142857
EUW1_7801012930;2026-03-27T20:18:38Z;2869;420;Seraphine;UTILITY;BOTTOM;0;4;13;23;13975;45;187;13976;37630;77;17;18;ufTqKEmDQPwAwqsNroMoYcafELulVhQ2tS4BYMDkBCPy4J01Saas9bRSE34e59FPtNUop9Juo5l-Cw;2,076923076923077
EUW1_7801012930;2026-03-27T20:18:38Z;2869;420;Riven;TOP;TOP;1;14;7;6;24805;386;41;60796;51636;8;7;20;9K3TgApFNaXiDKwrqjFVfEJL37a1ZqIl-OacgbkJKmP9Ox_0_ZR5cDTOBofLugkFtIlpdN3FhSgyYw;2,857142857142857
EUW1_7801012930;2026-03-27T20:18:38Z;2869;420;Khazix;JUNGLE;JUNGLE;1;11;12;8;23662;346;46;43178;64343;3;5;18;5LGr3dk4mMIfhcNaEqqVW8RcP7u781cA4QYBQUWOfP7L6GsQLqlO-0Yo2JXhN9j0pzdIhmGZRQ8CLQ;1,583333333333333
EUW1_7801012930;2026-03-27T20:18:38Z;2869;420;Leblanc;MIDDLE;MIDDLE;1;13;6;8;21014;313;53;57479;47890;7;11;18;DwLqK8rlvrGnJ8qly7WL3kbNQpfOpKfkSt3-eBIaZB41AoC2gLjdYwIekv2IaTvNv0OKq2TxUHdLRQ;3,500000000000000
EUW1_7801012930;2026-03-27T20:18:38Z;2869;420;Velkoz;BOTTOM;BOTTOM;1;10;7;14;21197;345;29;80662;37933;12;3;18;aDrjtFyv6WW-2ZqBBvhiWdA6m4Yp5BznqkzEtejlAyaL0LlVdariyZDSFKYJAFC75EMZXqyglHCKuA;3,428571428571428
EUW1_7801012930;2026-03-27T20:18:38Z;2869;420;Lulu;UTILITY;BOTTOM;1;1;11;25;14096;37;172;17903;46136;80;17;18;XvkA4Zte2YwZByFe0y-7gS1XjXWFtFdg3GC5V7h0FdZxbrvfI7wTP5p7m7dBfSajdlVoCRmebMkPmA;2,363636363636364
EUW1_7800851393;2026-03-27T18:28:32Z;1281;420;Ambessa;TOP;JUNGLE;0;6;9;0;8571;116;8;15292;28978;3;0;13;qdCAoVC5X_5eg5z9LdGq19jTI4gTzmg45ruuAa_4LYan-E8EUkXGAMGQXFMYp_gGnovVGmllnV0d0Q;0,666666666666667
EUW1_7800851393;2026-03-27T18:28:32Z;1281;420;Nunu;JUNGLE;JUNGLE;0;2;7;7;7367;118;9;10217;30937;2;1;12;SHMANr1BNZO4uMAsrWflQCd7vB-u_PT10AHFDGcJ5fRsXJyzCSRIkKG5LJZ3buwJlzVSP-r2cGgX9A;1,285714285714286
EUW1_7800851393;2026-03-27T18:28:32Z;1281;420;Ryze;MIDDLE;MIDDLE;0;1;5;5;8075;156;19;15381;24027;10;0;13;2mcKXFkAtKwFZDTWgg4L_1ecK4ppb0gWbgeMzgod5CaCgZG1RY1j9nObAYiM_e_6ii0tkA80kYb5nw;1,200000000000000
EUW1_7800851393;2026-03-27T18:28:32Z;1281;420;Irelia;BOTTOM;BOTTOM;0;8;6;2;12330;204;19;21618;27920;5;3;12;w9GRC8x5WgLMY1d4PEC2iJcHVVbmOglaaK6xLbhBAhYrAUP-NBxw88olqKoBWPwqOuPXvQoy5O19lQ;1,666666666666667
EUW1_7800851393;2026-03-27T18:28:32Z;1281;420;Lulu;UTILITY;BOTTOM;0;3;10;8;7560;8;54;7686;19934;26;2;10;XvkA4Zte2YwZByFe0y-7gS1XjXWFtFdg3GC5V7h0FdZxbrvfI7wTP5p7m7dBfSajdlVoCRmebMkPmA;1,100000000000000
EUW1_7800851393;2026-03-27T18:28:32Z;1281;420;Rumble;TOP;TOP;1;9;3;7;10693;172;18;29622;14744;8;0;15;vNum6S-UGD8dP0NSWva9A_Chh928codBcY3eUCy2CuE8FLGkw69ZWjZ2cRB1XK8PSJsaHcFMPuf4Ow;5,333333333333333
EUW1_7800851393;2026-03-27T18:28:32Z;1281;420;JarvanIV;JUNGLE;JUNGLE;1;5;2;19;10281;168;27;14125;21177;5;4;14;kKZeeggC9P2l5JbPnJF42lX1rerk0ORdYIaBOY26M51TZ8KQ0Jgve2z02r_k7stFNscvcd8kr1X31g;12,000000000000000
EUW1_7800851393;2026-03-27T18:28:32Z;1281;420;Yone;MIDDLE;MIDDLE;1;17;4;10;14074;192;14;41946;27087;8;1;15;MK2o8e8gOexuFRcbvfTKSaT72DsySHp8qiE-ubgxHsZlyh0hSVjSgTi8IhAPvFgPRB4NbSCdUCC2UQ;6,750000000000000
EUW1_7800851393;2026-03-27T18:28:32Z;1281;420;Caitlyn;BOTTOM;BOTTOM;1;3;9;12;9477;141;12;12486;15313;6;1;12;QoY2p9TXW0MqJyJDSlr7pO3vsvNx3WLMoeQa5RsEDtv8GXTWuRg8Hzf4snmRKKHVQLSx5NvWM0Yovg;1,666666666666667
EUW1_7800851393;2026-03-27T18:28:32Z;1281;420;Bard;UTILITY;BOTTOM;1;3;2;24;8486;18;46;13209;13863;16;4;12;sXqdsQfgz3cKLJFDQqFWhKlQaKGXEUkK2UP-oByT5GSLdLEf0Ovs35HsAEpwy43b4SPQLDo-4hKp5g;13,500000000000000
EUW1_7800827590;2026-03-27T18:06:42Z;1052;420;Gwen;TOP;NONE;0;0;7;0;5314;139;10;12244;18390;5;1;11;vNum6S-UGD8dP0NSWva9A_Chh928codBcY3eUCy2CuE8FLGkw69ZWjZ2cRB1XK8PSJsaHcFMPuf4Ow;0,000000000000000
EUW1_7800827590;2026-03-27T18:06:42Z;1052;420;JarvanIV;JUNGLE;NONE;0;1;5;1;5591;106;12;2226;12277;2;1;10;f1lYmkp-0fXi47hOtH9vowNd97Sbwk2NSbE35fVaazRN05X0_wUkPykblZz_HaLHBm4a5_8HH5AApg;0,400000000000000
EUW1_7800827590;2026-03-27T18:06:42Z;1052;420;Malphite;MIDDLE;NONE;0;0;1;0;5157;133;5;4135;9671;5;0;12;Cn7HyLY6lfnO4gAL3Q5UVR6YRRfT2D-Y6VzUa64aj9QsDXtRqbSKhrugUXAVsfpN3wUPMMlJp4usgQ;0,000000000000000
EUW1_7800827590;2026-03-27T18:06:42Z;1052;420;Senna;BOTTOM;NONE;0;0;2;2;5479;112;8;8627;8732;6;2;9;Ld136nkH0gCGSmTQ_a-QMUYcmdHNrRbbsRfUw9yJ3tumdDOqA-BxR_Lf-DqZs8EG5uTjRG_xLPTZpw;1,000000000000000
EUW1_7800827590;2026-03-27T18:06:42Z;1052;420;Renata;UTILITY;NONE;0;1;2;1;4682;30;33;3959;6619;11;4;9;etPWJoAyFfIsikS_-GeflbnP8lWRwjZhLO3hqYDcft8wR3HsMAv9meaoaxlGdgmsuw0kAuI-hrCAPA;1,000000000000000
EUW1_7800827590;2026-03-27T18:06:42Z;1052;420;Garen;TOP;NONE;1;9;0;0;10026;155;13;14419;17707;5;1;14;nBGeeBQ0rLoo9DTarbdBDeuLKnEuBG0BUgc9KC5EJ7LK6dDslsh1vOpGdO3Rj3A5cQr7ikZL6H2yOg;9,000000000000000
EUW1_7800827590;2026-03-27T18:06:42Z;1052;420;Zaahen;JUNGLE;NONE;1;1;0;2;7276;143;7;934;13018;1;2;12;cgeptgV_d_hjB17bMliakEYtlvzlKXxLP4e_tfvOAD65TTH-TfEEPuzMZC_Iu0UONlMITyHT4MJe2A;3,000000000000000
EUW1_7800827590;2026-03-27T18:06:42Z;1052;420;Aurora;MIDDLE;NONE;1;1;1;5;7346;153;12;11842;9989;2;3;12;qdCAoVC5X_5eg5z9LdGq19jTI4gTzmg45ruuAa_4LYan-E8EUkXGAMGQXFMYp_gGnovVGmllnV0d0Q;6,000000000000000
EUW1_7800827590;2026-03-27T18:06:42Z;1052;420;Jinx;BOTTOM;NONE;1;6;0;2;10477;169;10;13688;8380;5;3;11;DoAi_7Sbzkyd_pTg9jvCR6DJL_QNDqJS2i7nF3qvBzq73xctmid0MALwiMqo1wxAeou78ToFiRzt5g;8,000000000000000
EUW1_7800827590;2026-03-27T18:06:42Z;1052;420;Lulu;UTILITY;NONE;1;0;1;6;5594;22;48;3883;3989;23;4;9;ufTqKEmDQPwAwqsNroMoYcafELulVhQ2tS4BYMDkBCPy4J01Saas9bRSE34e59FPtNUop9Juo5l-Cw;6,000000000000000
EUW1_7799697338;2026-03-26T19:26:14Z;914;420;Ambessa;TOP;NONE;1;2;0;0;7106;150;10;6419;6193;5;0;12;2oW3fc5vskAOrq4VEyge4lLnQ-wzWOLv0LJRr2mm-vYsMgNTQSZLFnyh5MBScGRGB0WsMx5BeRwL7A;2,000000000000000
EUW1_7799697338;2026-03-26T19:26:14Z;914;420;Hecarim;JUNGLE;NONE;1;6;0;4;7730;135;10;9017;14974;4;0;12;Y_y_8LDSJQpFNrW2yfnPSi9dYYEsOCnmixxeC7HCAM5LeVwAMa0qz8cojDPN1_JwFGdjgVQQBCdz-Q;10,000000000000000
EUW1_7799697338;2026-03-26T19:26:14Z;914;420;Ryze;MIDDLE;NONE;1;0;3;0;4964;119;16;5145;11648;5;1;10;Hv_C0Xf3ItxdDQohhLFD3i7aLT-LyUruUGoVfT-A5kqjCAl48RfxJJgxOjDzKnphM5HMI669leqD5g;0,000000000000000
EUW1_7799697338;2026-03-26T19:26:14Z;914;420;Yunara;BOTTOM;NONE;1;6;2;3;8291;140;11;15783;10555;5;0;11;TdW-P0_lRAFC1JxIUT2qpfCVB4Fpui64owEIM0Vyxl4YiO_rlYnTNVOY9dTm8ug5fYhsh4lB7cc74A;4,500000000000000
EUW1_7799697338;2026-03-26T19:26:14Z;914;420;Zilean;UTILITY;NONE;1;2;1;10;4998;10;32;3040;7556;15;4;8;LBxHbtSJ7f2V-fu5xuZEYBjZdVqXUNlYpotxBVnsgUcx8VnmitjJWeEqKgCctrGLwZdxVDVT-5bFgw;12,000000000000000
EUW1_7799697338;2026-03-26T19:26:14Z;914;420;Singed;TOP;NONE;0;0;2;1;4300;104;10;4233;8788;5;1;10;21Yk7SkzmV6soRAL9Jz0NSJZjOl0Wfe5I_VwbVx9WHgsmqemruGYgZlNhRL2bqchVcDuAdFlrCYlwA;0,500000000000000
EUW1_7799697338;2026-03-26T19:26:14Z;914;420;Naafiri;JUNGLE;NONE;0;1;2;1;4879;92;15;6658;10007;3;2;9;k1e-OjeuDd3M2qcGsFZlCYjlivqDXxii8U4Qje3Cez22kyoS494YAKJynPWrOR-v79NgTsZnHrc4UA;1,000000000000000
EUW1_7799697338;2026-03-26T19:26:14Z;914;420;Anivia;MIDDLE;NONE;0;2;1;0;5195;114;8;9779;9879;5;0;10;eHs6uB17TOdVDOe3xeXzBYeGSocY4v0m9tyQkozW8saQezAUz1ie-nHl7zdkQfbhQXwubzJIvcbaWA;2,000000000000000
EUW1_7799697338;2026-03-26T19:26:14Z;914;420;Corki;BOTTOM;NONE;0;2;7;1;5453;107;12;12196;15128;6;2;8;Tj6G1Xne3f4xTlV4njGn4f-9nPlyunY_y2Z1yXRnFsiVOi5-CsxilCiJeZqajxF7RrZu4Re27LoXhQ;0,428571428571429
EUW1_7799697338;2026-03-26T19:26:14Z;914;420;Nami;UTILITY;NONE;0;1;4;3;4285;26;24;4688;6639;9;2;7;lVP3K53QZVeS39a4l6_-S8Ob68pGQcNkgKZxQSeWJWp-hhioIvuUdK52_vJE7xtG7tDCjaL34yG-VQ;1,000000000000000
EUW1_7799644028;2026-03-26T18:49:20Z;1761;420;Singed;TOP;TOP;1;10;7;16;13440;191;25;31583;37465;11;2;16;21Yk7SkzmV6soRAL9Jz0NSJZjOl0Wfe5I_VwbVx9WHgsmqemruGYgZlNhRL2bqchVcDuAdFlrCYlwA;3,714285714285714
EUW1_7799644028;2026-03-26T18:49:20Z;1761;420;Nocturne;JUNGLE;JUNGLE;1;5;4;15;13255;235;29;19981;34059;7;5;17;d46SX3I268BxRvQq02-E_57ZgvVwFNLmwgfj3Bb8XKUj12nh2WYSxI2mXOrytvWpau1hcmOxpwdFYw;5,000000000000000
EUW1_7799644028;2026-03-26T18:49:20Z;1761;420;Malphite;MIDDLE;MIDDLE;1;3;8;16;11048;180;17;15631;26338;8;1;15;Cn7HyLY6lfnO4gAL3Q5UVR6YRRfT2D-Y6VzUa64aj9QsDXtRqbSKhrugUXAVsfpN3wUPMMlJp4usgQ;2,375000000000000
EUW1_7799644028;2026-03-26T18:49:20Z;1761;420;Katarina;BOTTOM;BOTTOM;1;22;4;7;20535;215;22;44790;29024;9;3;15;w9GRC8x5WgLMY1d4PEC2iJcHVVbmOglaaK6xLbhBAhYrAUP-NBxw88olqKoBWPwqOuPXvQoy5O19lQ;7,250000000000000
EUW1_7799644028;2026-03-26T18:49:20Z;1761;420;Lulu;UTILITY;BOTTOM;1;2;7;27;9896;26;91;12317;22911;39;9;14;XvkA4Zte2YwZByFe0y-7gS1XjXWFtFdg3GC5V7h0FdZxbrvfI7wTP5p7m7dBfSajdlVoCRmebMkPmA;4,142857142857143
EUW1_7799644028;2026-03-26T18:49:20Z;1761;420;Cassiopeia;TOP;TOP;0;10;11;6;14330;256;23;31355;37731;11;0;17;MD2R4qeel-bJBBvMfDkt8QhkF1bY1U7RX8CRohHNMw2J3zZUP76p0f8VKpM9IlwGmZzbI0k4Ljx-ig;1,454545454545455
EUW1_7799644028;2026-03-26T18:49:20Z;1761;420;JarvanIV;JUNGLE;JUNGLE;0;7;9;18;12880;163;29;23013;35514;11;3;14;TdW-P0_lRAFC1JxIUT2qpfCVB4Fpui64owEIM0Vyxl4YiO_rlYnTNVOY9dTm8ug5fYhsh4lB7cc74A;2,777777777777778
EUW1_7799644028;2026-03-26T18:49:20Z;1761;420;Galio;MIDDLE;MIDDLE;0;6;5;15;11643;198;32;24377;28831;13;4;14;LBxHbtSJ7f2V-fu5xuZEYBjZdVqXUNlYpotxBVnsgUcx8VnmitjJWeEqKgCctrGLwZdxVDVT-5bFgw;4,200000000000000
EUW1_7799644028;2026-03-26T18:49:20Z;1761;420;Senna;BOTTOM;BOTTOM;0;4;7;18;12051;152;17;25214;20463;12;3;13;Tj6G1Xne3f4xTlV4njGn4f-9nPlyunY_y2Z1yXRnFsiVOi5-CsxilCiJeZqajxF7RrZu4Re27LoXhQ;3,142857142857143
EUW1_7799644028;2026-03-26T18:49:20Z;1761;420;Nautilus;UTILITY;BOTTOM;0;3;10;19;8781;34;56;13388;29190;24;6;13;lVP3K53QZVeS39a4l6_-S8Ob68pGQcNkgKZxQSeWJWp-hhioIvuUdK52_vJE7xtG7tDCjaL34yG-VQ;2,200000000000000
EUW1_7799603715;2026-03-26T18:20:09Z;1455;420;Singed;TOP;TOP;0;8;6;7;11925;236;18;28167;27087;9;2;16;21Yk7SkzmV6soRAL9Jz0NSJZjOl0Wfe5I_VwbVx9WHgsmqemruGYgZlNhRL2bqchVcDuAdFlrCYlwA;2,500000000000000
EUW1_7799603715;2026-03-26T18:20:09Z;1455;420;Ivern;JUNGLE;JUNGLE;0;0;7;17;8279;121;18;5800;18975;6;1;13;Lew0xW50uOBEGt_UZRaBcu7fy14noI2IpEMXyYBwwQJtDCKY2I_4TXt-mZlOKufrW9qmyJ_-ohOXig;2,428571428571428
EUW1_7799603715;2026-03-26T18:20:09Z;1455;420;Mel;MIDDLE;MIDDLE;0;8;12;4;11325;144;16;22650;23540;8;2;13;owxP2hihxFH2N_JgPIuWTQUO9G-NAVqzxLUZ3WhFe7oWZRSh2HzF8SLFPxX1OKb1m24B4xFezwa2qw;1,000000000000000
EUW1_7799603715;2026-03-26T18:20:09Z;1455;420;Caitlyn;BOTTOM;BOTTOM;0;8;7;5;13800;194;31;25269;23652;9;6;13;RGcgZxJZcXaKTFTU6ENsGIhe7X01HW4nBav4uN1Tpi26YNuMLp0ftSzVFruYeP1p6qH_z7fxttvRtA;1,857142857142857
EUW1_7799603715;2026-03-26T18:20:09Z;1455;420;Milio;UTILITY;BOTTOM;0;0;11;14;6028;14;59;5891;21278;25;4;12;K6Og40TPWrePRZLqLysNYZKst_3M40I8RPIkMPVJqIcP7SLvd_fduP4gGs-Mr4y5Iru-gld2dMlOWA;1,272727272727273
EUW1_7799603715;2026-03-26T18:20:09Z;1455;420;Aatrox;TOP;TOP;1;12;6;9;12149;172;17;25693;28045;5;2;16;dG29gbyiICdmjpqLFjAbpK8tqCBiNyGPl8y6agoYjklaEoqQ_sQLxVZG3SrCbLyUHHrC-hM_drOGOg;3,500000000000000
EUW1_7799603715;2026-03-26T18:20:09Z;1455;420;Graves;JUNGLE;JUNGLE;1;10;3;12;13925;249;27;20524;17718;5;6;16;Y_y_8LDSJQpFNrW2yfnPSi9dYYEsOCnmixxeC7HCAM5LeVwAMa0qz8cojDPN1_JwFGdjgVQQBCdz-Q;7,333333333333333
EUW1_7799603715;2026-03-26T18:20:09Z;1455;420;Ahri;MIDDLE;JUNGLE;1;17;6;14;13000;156;17;29390;23720;7;1;14;r2-OT0JTXbT4aYXEUPolLVXloNvEtifoG7fLN5j94B88i-i1REpYBWHQzhldm-yFNoUa9ynpB3tYzA;5,166666666666667
EUW1_7799603715;2026-03-26T18:20:09Z;1455;420;Sivir;BOTTOM;BOTTOM;1;4;3;19;14400;235;23;21394;19349;10;6;15;TdW-P0_lRAFC1JxIUT2qpfCVB4Fpui64owEIM0Vyxl4YiO_rlYnTNVOY9dTm8ug5fYhsh4lB7cc74A;7,666666666666667
EUW1_7799603715;2026-03-26T18:20:09Z;1455;420;Alistar;UTILITY;TOP;1;0;6;31;7627;13;84;6552;26355;41;2;12;LBxHbtSJ7f2V-fu5xuZEYBjZdVqXUNlYpotxBVnsgUcx8VnmitjJWeEqKgCctrGLwZdxVDVT-5bFgw;5,166666666666667
EUW1_7799148235;2026-03-26T10:55:34Z;1231;420;Rumble;TOP;JUNGLE;1;3;1;6;10015;186;22;17549;11143;9;3;14;uEVulS951jyD3xjeaj1F-s_7KSSu9BffEU4kPR3F6PAw5J2aiOVEHd8anDRszElZ7KeqY0JY27AqZQ;9,000000000000000
EUW1_7799148235;2026-03-26T10:55:34Z;1231;420;JarvanIV;JUNGLE;JUNGLE;1;3;1;5;8193;128;13;5839;12183;5;2;13;kt1MyG56H8pWlHznNY_RbYijJIhYP5Bw3v0bDW_psopZ2Cc_kOOdn8rEios7TDMriNPiSG4dOsbUYg;8,000000000000000
EUW1_7799148235;2026-03-26T10:55:34Z;1231;420;Orianna;MIDDLE;BOTTOM;1;5;3;2;9972;200;19;14386;12918;11;1;13;gNt1n9Ji_5MsmczmBmfmq0mpO8HVrXb2ynaVul-HNArZhws5VqQj85ZJgU5BUkLFXOmeVkfWGgi0KQ;2,333333333333333
EUW1_7799148235;2026-03-26T10:55:34Z;1231;420;Yunara;BOTTOM;BOTTOM;1;3;5;1;9396;155;10;9734;14383;7;0;12;DwLqK8rlvrGnJ8qly7WL3kbNQpfOpKfkSt3-eBIaZB41AoC2gLjdYwIekv2IaTvNv0OKq2TxUHdLRQ;0,800000000000000
EUW1_7799148235;2026-03-26T10:55:34Z;1231;420;Nautilus;UTILITY;BOTTOM;1;1;5;2;5250;27;64;3731;11641;29;6;9;uTQouXbxQL7FJ5jo0YoYM8ig8zgt4IRhAuwd1tpEkPtoB3wRmG31Y6Q-WFLry_J6IIJKJ3uNMf1LDg;0,600000000000000
EUW1_7799148235;2026-03-26T10:55:34Z;1231;420;KSante;TOP;JUNGLE;0;0;6;0;6356;156;13;6364;20587;5;0;13;lWQEoRzGNiIpmFRS15j1dNxas2Fr7TD4CTk-84-0PcOo7Yf3MrcIHdsjbJnMpQEI2eXSUiHG8_yMUA;0,000000000000000
EUW1_7799148235;2026-03-26T10:55:34Z;1231;420;DrMundo;JUNGLE;JUNGLE;0;3;0;2;7151;124;16;5656;13361;4;1;10;X8bIuwffgzj3uqSTR37okyQyqM91lvSpxj38LaQdEH3t_tb58wpas0EERlQj5ngS3vKZ_jENJ2GZow;5,000000000000000
EUW1_7799148235;2026-03-26T10:55:34Z;1231;420;Azir;MIDDLE;MIDDLE;0;3;2;1;8552;203;21;12734;12410;8;4;14;Hv_C0Xf3ItxdDQohhLFD3i7aLT-LyUruUGoVfT-A5kqjCAl48RfxJJgxOjDzKnphM5HMI669leqD5g;2,000000000000000
EUW1_7799148235;2026-03-26T10:55:34Z;1231;420;Ashe;BOTTOM;BOTTOM;0;7;5;4;9832;183;19;14869;14650;6;3;11;TdW-P0_lRAFC1JxIUT2qpfCVB4Fpui64owEIM0Vyxl4YiO_rlYnTNVOY9dTm8ug5fYhsh4lB7cc74A;2,200000000000000
EUW1_7799148235;2026-03-26T10:55:34Z;1231;420;Seraphine;UTILITY;BOTTOM;0;2;2;9;6708;36;66;7553;10005;28;6;10;LBxHbtSJ7f2V-fu5xuZEYBjZdVqXUNlYpotxBVnsgUcx8VnmitjJWeEqKgCctrGLwZdxVDVT-5bFgw;5,500000000000000
EUW1_7799119232;2026-03-26T10:12:35Z;1905;420;Anivia;TOP;TOP;1;4;6;5;12734;221;26;25219;51669;11;1;18;YlrBTL1ihxTypTV8CwwopWMGgvCPBNZ9G8B4z52XFkClBDvLD3F9BUJj3-ctemhdYYiN2kE_C79dQg;1,500000000000000
EUW1_7799119232;2026-03-26T10:12:35Z;1905;420;XinZhao;JUNGLE;JUNGLE;1;8;3;10;15215;223;38;32049;50249;7;7;17;fwIyVTLbFAsZsPVlkyxsesgh6Q1Ke-qusUznP8K71N6JdB8U8CNi4OurCxPWs4AF8FGYLmrypG217Q;6,000000000000000
EUW1_7799119232;2026-03-26T10:12:35Z;1905;420;Taliyah;MIDDLE;MIDDLE;1;7;6;7;14250;254;20;28760;26577;4;2;17;wxTYx31KicRQyhsBuas3xa4_Kan-qSn_DQSUJliJmNOvkXwX4re9fzbJL2Z3Ip4i49vaeTusOFR9Xw;2,333333333333333
EUW1_7799119232;2026-03-26T10:12:35Z;1905;420;Jinx;BOTTOM;BOTTOM;1;7;5;9;17479;282;40;33761;24238;10;10;16;qei4pLaaFknN9n54vXGgCWaLDjXiG2Rs2Ke-JentRINVvuKB-h5cNivBZV6PzTgiFXLL19eNVSriXg;3,200000000000000
EUW1_7799119232;2026-03-26T10:12:35Z;1905;420;Alistar;UTILITY;BOTTOM;1;0;8;14;8389;24;124;6143;37453;55;9;14;uTQouXbxQL7FJ5jo0YoYM8ig8zgt4IRhAuwd1tpEkPtoB3wRmG31Y6Q-WFLry_J6IIJKJ3uNMf1LDg;1,750000000000000
EUW1_7799119232;2026-03-26T10:12:35Z;1905;420;Akali;TOP;TOP;0;2;5;6;10331;225;22;19115;32614;9;0;17;yuZHDFrFeoKpLT2iP_ewRHL34QrGXzQ-hfF9kj-Zw9jRtrO5vFMYIjjFvVTnjSLP1FeHYMhEICmQag;1,600000000000000
EUW1_7799119232;2026-03-26T10:12:35Z;1905;420;Shen;JUNGLE;JUNGLE;0;9;3;12;14521;223;20;27951;44045;2;5;17;1ju5p4Lby-2QJ_dws4Swj8c_pV0rpdASJGmLKuH4aYeYqOCd5jl8k2FnYn6_Q0WKCQ46HpZMBKoD9A;7,000000000000000
EUW1_7799119232;2026-03-26T10:12:35Z;1905;420;Ahri;MIDDLE;MIDDLE;0;3;3;13;12282;245;29;37118;30560;4;6;17;_9TLwuFem8Ha9iLzRgxJpJxUOUEeO8EZzRPoOIE1wZlR1ZURLVK8GKNgUvUvCX4E8kzmTk2wjaPQzg;5,333333333333333
EUW1_7799119232;2026-03-26T10:12:35Z;1905;420;MissFortune;BOTTOM;BOTTOM;0;13;7;4;18389;300;27;53332;21391;15;3;16;TdW-P0_lRAFC1JxIUT2qpfCVB4Fpui64owEIM0Vyxl4YiO_rlYnTNVOY9dTm8ug5fYhsh4lB7cc74A;2,428571428571428
EUW1_7799119232;2026-03-26T10:12:35Z;1905;420;Rell;UTILITY;BOTTOM;0;1;8;21;9103;22;132;9958;26896;62;10;13;LBxHbtSJ7f2V-fu5xuZEYBjZdVqXUNlYpotxBVnsgUcx8VnmitjJWeEqKgCctrGLwZdxVDVT-5bFgw;2,750000000000000
EUW1_7801721699;2026-03-28T11:54:37Z;1817;420;Rumble;TOP;TOP;0;6;12;6;10844;178;29;36858;38242;11;2;17;K0JUUHHcN-4z1AFUNEvvApfqI36iMeUgNKk_0qzwzv47kYviK83HQmVu6cyorJaHQKEewcR0JEuS0Q;1,000000000000000
EUW1_7801721699;2026-03-28T11:54:37Z;1817;420;Kindred;JUNGLE;JUNGLE;0;10;9;6;15157;233;44;36600;35023;8;10;16;FH0fbjLMK9xIxvT3pAIJOhr5OwxFF9R7jgMbcIYn0t5TLL8V_6w2ZiY3nOXyf53U79do66GC4PrttA;1,777777777777778
EUW1_7801721699;2026-03-28T11:54:37Z;1817;420;AurelionSol;MIDDLE;MIDDLE;0;4;8;16;12558;215;23;26473;27786;11;2;17;Aqcvhj-4edah_SBOfcd1ciBCC2kokdNLXXXU_NUmx2-MrQmQh77OL1xg2ChopcdoME9nvbeSPEkgPg;2,500000000000000
EUW1_7801721699;2026-03-28T11:54:37Z;1817;420;Ashe;BOTTOM;BOTTOM;0;10;11;6;17968;272;24;31533;30422;8;5;16;m590JpOYKtbfiCpS55JM3wmeCkJqmBk7d9xszd1c6R4N-BAAopJWsuntEEesn2LS3mXFuhq3CQQWJw;1,454545454545455
EUW1_7801721699;2026-03-28T11:54:37Z;1817;420;Renata;UTILITY;BOTTOM;0;3;6;24;10496;48;92;11812;16851;41;10;15;etPWJoAyFfIsikS_-GeflbnP8lWRwjZhLO3hqYDcft8wR3HsMAv9meaoaxlGdgmsuw0kAuI-hrCAPA;4,500000000000000
EUW1_7801721699;2026-03-28T11:54:37Z;1817;420;Anivia;TOP;JUNGLE;1;8;6;9;13938;222;33;29128;41831;11;0;19;mPoqKTghtn0aO8r6kj4mEhydOpBLpLweEplHRH2EboaASAfVi4UiLrhf9y-lmSkCeLH7RuDAa-3URg;2,833333333333333
EUW1_7801721699;2026-03-28T11:54:37Z;1817;420;Khazix;JUNGLE;JUNGLE;1;8;4;11;14496;210;44;14754;35437;10;4;17;YBMtuv9N_CgIgTErSjlIkdXHowTxMAcwDvx3i-6FbXim9uvgJbQ9pfHFDcZ6HBLeicrw2DK2tkOoDg;4,750000000000000
EUW1_7801721699;2026-03-28T11:54:37Z;1817;420;Ahri;MIDDLE;TOP;1;17;6;14;17089;220;19;32753;32830;9;3;17;Y7igrcbJKlvHFHe07suXje67T9RUnFgL7O7qBcZBLvCQz2Fgr2lLWlwmJjWQriQZMlhFS2m3y2EF2w;5,166666666666667
EUW1_7801721699;2026-03-28T11:54:37Z;1817;420;Draven;BOTTOM;BOTTOM;1;10;11;7;17696;226;11;31943;33507;8;1;16;6huTOKo1nEQr3QWig_0psH6r-KkXp27ZJYqFsP_ZKV0MSyz3J0E1-Cd30wKCGQ-EctpkAG9DKZMZOg;1,545454545454545
EUW1_7801721699;2026-03-28T11:54:37Z;1817;420;Bard;UTILITY;BOTTOM;1;3;6;23;10232;29;106;13109;27600;43;12;14;HsH3KW4L-EGSdyXpuuIv9pHWHSGx2P1XdEHJfq2RVjQduVuhBxBV5VSzgV6ej9Uh4xJCoZVnb8TI0Q;4,333333333333333
EUW1_7801695006;2026-03-28T11:31:09Z;911;420;Shen;TOP;NONE;0;0;4;3;4469;102;14;6346;13753;6;1;11;bzA4mANzdPKUH98E_0ajjnH5Sjdt4EvNV_xFOWE9zSlwQf-q-FJbiv3j9Sv9iNA-1cartJBADRuMNQ;0,750000000000000
EUW1_7801695006;2026-03-28T11:31:09Z;911;420;Viego;JUNGLE;NONE;0;1;4;2;5566;99;14;2170;11248;2;3;9;JeMK2wyAhZnejduBu2vBMcz5aYexWoQ6YpO5gFVyCnt7pIODQ0iZrGajPDFwMPVtsZJO3LiXvigjPA;0,750000000000000
EUW1_7801695006;2026-03-28T11:31:09Z;911;420;Ryze;MIDDLE;NONE;0;0;4;0;4313;107;8;6240;10020;6;1;9;vzBkQ4W1DXB4it7Vl4NBlJZUVKTu607AP6r59B9wNp7ny_6ljRprJ-yTWqpJ7N0Dg9X9NkBXiOO7GQ;0,000000000000000
EUW1_7801695006;2026-03-28T11:31:09Z;911;420;Kaisa;BOTTOM;NONE;0;2;7;4;5622;100;9;5962;11955;4;3;8;0wkcaMTbTWMfu5oX1TvlLDpz9ndlRD6oorC2ioG_4fi3LDFfZ4moCuABEEUZUVgMjOF7_S2W6B6cQA;0,857142857142857
EUW1_7801695006;2026-03-28T11:31:09Z;911;420;Pyke;UTILITY;NONE;0;5;10;3;5632;15;29;7959;15205;13;4;7;upDPQ77Czualdycr04olsvycWXEX4ETnOkbIXhePYNDkL-oFTCPFlIgjMTnfCubqHc0qdnZ5zGCiHA;0,800000000000000
EUW1_7801695006;2026-03-28T11:31:09Z;911;420;Anivia;TOP;NONE;1;4;1;0;6508;137;18;9877;10115;8;3;12;mPoqKTghtn0aO8r6kj4mEhydOpBLpLweEplHRH2EboaASAfVi4UiLrhf9y-lmSkCeLH7RuDAa-3URg;4,000000000000000
EUW1_7801695006;2026-03-28T11:31:09Z;911;420;Darius;JUNGLE;NONE;1;7;0;0;6983;120;16;5812;10608;3;2;10;NPaofC9mFzMifIINEcdsOGfwcdAzAXDZGnZZAkiD2Y2UgblPLsU0DE2knIB1QL0B33KtK6WwnmTJiw;7,000000000000000
EUW1_7801695006;2026-03-28T11:31:09Z;911;420;Ahri;MIDDLE;NONE;1;6;0;4;8162;165;4;9310;6709;2;0;13;eedEru7h7XXlufocO97CSCWgLqbE2e_sHu5xlOOFUvkk0NHSTWpLDWKcwBdmx82me--KLMhHEHU40Q;10,000000000000000
EUW1_7801695006;2026-03-28T11:31:09Z;911;420;Yunara;BOTTOM;NONE;1;10;4;6;9522;114;5;21016;10677;5;0;10;gr3FGuDW7sCaxkkAuakhKqUc7kXjxlHIv9z8CgGm6TAlJB1J-Av_XTioT6nAp_6Ducz6iaJNN59TaQ;4,000000000000000
EUW1_7801695006;2026-03-28T11:31:09Z;911;420;Lulu;UTILITY;NONE;1;2;3;16;6211;5;33;6097;5707;22;0;9;ufTqKEmDQPwAwqsNroMoYcafELulVhQ2tS4BYMDkBCPy4J01Saas9bRSE34e59FPtNUop9Juo5l-Cw;6,000000000000000
EUW1_7801666717;2026-03-28T10:57:53Z;1648;420;Riven;TOP;JUNGLE;0;4;5;4;12083;239;24;21577;27856;8;2;16;o6kG4vzNcfVLZHoDRjvTsOPaJVM1WTw9PDnd42QVFITSjHUQgNDqvDuL2nnKlrmYuDxp2m2ru_yD_A;1,600000000000000
EUW1_7801666717;2026-03-28T10:57:53Z;1648;420;Shaco;JUNGLE;JUNGLE;0;2;6;4;10251;192;20;17777;22461;0;7;14;W_plKMeQ7k__aoyS6MA0bJXWCHv6jnVRLtElZ2HD9uCzpI_pehd9ghyalbq-r-byg620J2yOOW_ddQ;1,000000000000000
EUW1_7801666717;2026-03-28T10:57:53Z;1648;420;TwistedFate;MIDDLE;MIDDLE;0;1;3;8;9281;176;13;9847;30187;7;3;15;WdgHAmhpY_EL4LrRH1ob-VAnRywFFzNW_Mvti6J9pJmI8pQQZGdN7NFf4xs91Ix5YK1QjBl_GHo4ww;3,000000000000000
EUW1_7801666717;2026-03-28T10:57:53Z;1648;420;Kaisa;BOTTOM;BOTTOM;0;10;7;5;17745;269;18;32431;23539;8;3;15;mzzxR2Q9bMZcrgkl5p2dH11dSoN1ZpXfHwidVkDHlUZ1WEfkgZwYAKZRVX1E-1mkB3tXDvvvLGRydQ;2,142857142857143
EUW1_7801666717;2026-03-28T10:57:53Z;1648;420;Pyke;UTILITY;BOTTOM;0;2;8;9;8670;33;93;11133;21835;34;14;12;upDPQ77Czualdycr04olsvycWXEX4ETnOkbIXhePYNDkL-oFTCPFlIgjMTnfCubqHc0qdnZ5zGCiHA;1,375000000000000
EUW1_7801666717;2026-03-28T10:57:53Z;1648;420;Akali;TOP;TOP;1;4;5;2;10582;206;30;15534;22670;11;2;16;E3tP20q7yZ_xK4nvB4iIeQY4QObPLlOdFNeG5lROo3o6gooNwyjTkPLHYvpFokDdkReiQUFlrJoPsw;1,200000000000000
EUW1_7801666717;2026-03-28T10:57:53Z;1648;420;Skarner;JUNGLE;JUNGLE;1;4;3;11;11381;194;31;17663;37724;9;2;15;EnughxRQoV-Dvv5Fw-JFa9TPquy6ZvJCZc-yErj0K2cqqIg13y70N4SCi7StkqvQyegKtsqMWBWFwQ;5,000000000000000
EUW1_7801666717;2026-03-28T10:57:53Z;1648;420;Jayce;MIDDLE;MIDDLE;1;6;3;7;15170;279;29;32116;22146;10;5;18;mPoqKTghtn0aO8r6kj4mEhydOpBLpLweEplHRH2EboaASAfVi4UiLrhf9y-lmSkCeLH7RuDAa-3URg;4,333333333333333
EUW1_7801666717;2026-03-28T10:57:53Z;1648;420;Sivir;BOTTOM;BOTTOM;1;7;5;13;16249;266;16;27284;21551;9;2;16;7sV-avgxQX4ECYMi0BXjtMf4YYjeLXl2-usYLGR7Y3tAmeQfnL8zeSgWC2N7CtDzQPtZVDEFqX_1CQ;4,000000000000000
EUW1_7801666717;2026-03-28T10:57:53Z;1648;420;Sona;UTILITY;BOTTOM;1;8;3;15;10652;35;84;16851;15255;34;7;14;7_STIanrRR_6O85Nut-U0HJO635ytS5jglnt9N4h-IT3jJL8Gd1SjFWMFsWBRwF7NcrvEwGwzuENRg;7,666666666666667
EUW1_7801638472;2026-03-28T10:21:57Z;1494;420;Jayce;TOP;JUNGLE;1;1;5;2;9731;215;20;21418;22605;9;3;16;gDJXwXalAFZBeGvTbaafEFdLIRRIsc5TXRyfvWsH28jyzltFZwzoqubQN6ZSKnBAylBbov3oEmlLnQ;0,600000000000000
EUW1_7801638472;2026-03-28T10:21:57Z;1494;420;XinZhao;JUNGLE;JUNGLE;1;8;2;6;12708;207;36;21003;30170;6;5;16;KTFOFL7mYAEmfYrh-A46P7c9eg6hGULQhctY_LjuVBbkqjMhK3bRUWPGlyFMF1t8lHK_yhCK8JzznQ;7,000000000000000
EUW1_7801638472;2026-03-28T10:21:57Z;1494;420;TwistedFate;MIDDLE;MIDDLE;1;5;6;6;11209;200;15;14245;24609;10;2;16;1xnQHZsSvYUpfXVhlJ5dfUdByTxAY94VAS_CHeZcYiqhDKcqkQm7_GVmPwZSGTQ8YNLPG_meFw6WTw;1,833333333333333
EUW1_7801638472;2026-03-28T10:21:57Z;1494;420;Samira;BOTTOM;TOP;1;23;3;5;20168;232;12;55011;20991;10;2;15;cPRMAJ2ncCvKOdTJC-OU1f7YKKeGZLlgUtCY_qkm86cLbBVUbMc2vx7UEVFRo8DbHBzzx4-KQ62ZxQ;9,333333333333334
EUW1_7801638472;2026-03-28T10:21:57Z;1494;420;Nautilus;UTILITY;BOTTOM;1;3;3;21;9431;26;83;9358;19946;33;8;13;EnughxRQoV-Dvv5Fw-JFa9TPquy6ZvJCZc-yErj0K2cqqIg13y70N4SCi7StkqvQyegKtsqMWBWFwQ;8,000000000000000
EUW1_7801638472;2026-03-28T10:21:57Z;1494;420;Sion;TOP;JUNGLE;0;1;6;4;9275;192;25;16179;40916;8;2;15;mPoqKTghtn0aO8r6kj4mEhydOpBLpLweEplHRH2EboaASAfVi4UiLrhf9y-lmSkCeLH7RuDAa-3URg;0,833333333333333
EUW1_7801638472;2026-03-28T10:21:57Z;1494;420;RekSai;JUNGLE;JUNGLE;0;10;5;2;12544;180;43;17150;29273;5;11;15;zl_lKlNtuUqTjZIgfDL0aKzLvYA7I_lk00odicmB2t5LxUdvhJhuVEUmT3rflO1nQmav9KRqqPmhHg;2,400000000000000
EUW1_7801638472;2026-03-28T10:21:57Z;1494;420;Ahri;MIDDLE;TOP;0;3;6;4;10447;201;20;15583;18332;4;7;14;O6FOhxRz_Twz0rdezssTn-lY2cHiLKkDIHEEss1QBA5pQ9H6ceYBpJborq6kXFIUMCZ-xitkcMz0cQ;1,166666666666667
EUW1_7801638472;2026-03-28T10:21:57Z;1494;420;Ezreal;BOTTOM;MIDDLE;0;3;11;3;10583;191;17;17679;20353;7;2;13;GiiWqmhlTSj5yC8oTaMKYArZ_gKXjQCc7avvCYf4uNv51FBroYo5TpXrxhN0u-5dmbJHRlQVzAQlaQ;0,545454545454545
EUW1_7801638472;2026-03-28T10:21:57Z;1494;420;Kennen;UTILITY;BOTTOM;0;2;12;7;7547;43;60;19704;28144;28;5;11;ZweZAgmzVeEhjRMRE4jmPzGYaPlV1UI2yL0-PqgGu1XzsLCUZZtNvyiZEulWXH6JiHp01DkQV2GJ4Q;0,750000000000000
EUW1_7801604258;2026-03-28T09:45:40Z;1454;420;Zaahen;TOP;JUNGLE;1;3;2;4;10366;237;23;22986;29153;10;0;16;mPoqKTghtn0aO8r6kj4mEhydOpBLpLweEplHRH2EboaASAfVi4UiLrhf9y-lmSkCeLH7RuDAa-3URg;3,500000000000000
EUW1_7801604258;2026-03-28T09:45:40Z;1454;420;Khazix;JUNGLE;JUNGLE;1;5;3;5;10615;199;29;13546;21497;4;5;15;tXO7T7YupobDKoZn3lLEhVF95GDaZ875kaHIXxaTNnYoaFVs4ayA6xv2QSDKVsi6Duxur7Z3b7aOdQ;3,333333333333333
EUW1_7801604258;2026-03-28T09:45:40Z;1454;420;Taliyah;MIDDLE;MIDDLE;1;4;2;2;10128;199;13;13492;9033;11;0;14;-J-J6JvQp_Ch1AP-pB5XXNd0REivX7UZvfcJnVsqmm0tyXn32Q6r8IgTyIH0mzQuGmrIT59iYXOBeA;3,000000000000000
EUW1_7801604258;2026-03-28T09:45:40Z;1454;420;Corki;BOTTOM;BOTTOM;1;1;4;3;11308;256;11;13039;13416;8;1;14;7sV-avgxQX4ECYMi0BXjtMf4YYjeLXl2-usYLGR7Y3tAmeQfnL8zeSgWC2N7CtDzQPtZVDEFqX_1CQ;1,000000000000000
EUW1_7801604258;2026-03-28T09:45:40Z;1454;420;Karma;UTILITY;BOTTOM;1;3;3;7;7059;19;74;7363;13396;31;6;11;UikkYK4WiurfjCi5Xl_Lq-nws6y1m50fWS5MD-nuDnAvWTS3AT_ytd8rGZ0VIThki7WR43qdb69eCg;3,333333333333333
EUW1_7801604258;2026-03-28T09:45:40Z;1454;420;Sion;TOP;JUNGLE;0;0;5;4;7290;174;15;17718;32660;9;0;15;21Yk7SkzmV6soRAL9Jz0NSJZjOl0Wfe5I_VwbVx9WHgsmqemruGYgZlNhRL2bqchVcDuAdFlrCYlwA;0,800000000000000
EUW1_7801604258;2026-03-28T09:45:40Z;1454;420;Talon;JUNGLE;JUNGLE;0;4;4;3;9380;156;21;9922;20729;4;3;13;OiPDysztFYIX-fiiJFEWaksiGBSiTqasN-sSz_KnX79JHhOhDMZ7CWjtVx5_ZKydAkzsnsQUX-h5Nw;1,750000000000000
EUW1_7801604258;2026-03-28T09:45:40Z;1454;420;Galio;MIDDLE;MIDDLE;0;4;0;5;9596;215;21;10768;12667;2;7;14;Fq4c3LeQ577wbVO3UraFFBZGvY4pc1Q8vcYRSondt1qYmX4avc63NS5NtJoOL8oVxfe0jGl_ur5_gQ;9,000000000000000
EUW1_7801604258;2026-03-28T09:45:40Z;1454;420;Ezreal;BOTTOM;BOTTOM;0;1;3;5;9694;213;11;10165;11457;5;2;13;jqsWDCjavddoy7LPQbOJvG5spIUNujvcyfYoxtIc9mXHH6LNOgkzBd1fEVMGYT4WF3Z60Flp30XT4w;2,000000000000000
EUW1_7801604258;2026-03-28T09:45:40Z;1454;420;Lux;UTILITY;BOTTOM;0;5;4;7;8219;23;79;13192;13027;26;10;11;XJVVQg0WLzYo577QqmAhZ9qCF3MWer8Av5FaWbTkJ5owIuRZk0qenboXFet2Ut3OzN2WV28d4PJk5A;3,000000000000000
EUW1_7801585262;2026-03-28T09:19:15Z;1010;420;Ambessa;TOP;NONE;0;0;5;1;4476;94;13;9801;12169;6;2;10;EDlUo2A1_JeBrjObiItkHB7pXLct0tCRSBJFEvDIWtdwFBf9jyS0IxeTyB2bjkEWx4IYo-fwqGU2qg;0,200000000000000
EUW1_7801585262;2026-03-28T09:19:15Z;1010;420;Kindred;JUNGLE;NONE;0;1;6;1;5661;103;10;6587;13115;1;2;9;PcrkO2DKSaU3cEH33A_XSadHP6ZfNF0iLiGblnwIvuWpEKO-8nvPvttFrARUw67UCF5dfsYkGAuUsA;0,333333333333333
EUW1_7801585262;2026-03-28T09:19:15Z;1010;420;Ahri;MIDDLE;NONE;0;1;1;0;5701;146;15;6206;8717;6;1;11;NtIX1pK1Q52wo8KOba_Aa7UjoniOukuRfSJgFz5Q1lgW7Z_nkKhvlxWcw-yBss6duSOODzGPHhMOTQ;1,000000000000000
EUW1_7801585262;2026-03-28T09:19:15Z;1010;420;Corki;BOTTOM;NONE;0;2;1;0;7309;180;13;4524;6685;5;3;10;u6t4B9SOMZhAYoA_9r-9zGy9D_qR3IuKiIUx-tJh_K0cAxpHKBSWgFY_d-4JJXNAumqnrHZ_sL0uaQ;2,000000000000000
EUW1_7801585262;2026-03-28T09:19:15Z;1010;420;Senna;UTILITY;NONE;0;0;1;2;4410;21;25;5121;7473;14;1;9;xXTEpD_9nbf_dPyfqBJ3ZdKNEe_5P6mplGc6bfLUPxbR5DNr6WEo80WqeVhg6GjfJVida9vQcQE9kQ;2,000000000000000
EUW1_7801585262;2026-03-28T09:19:15Z;1010;420;Jax;TOP;NONE;1;5;1;2;8129;149;23;9237;13405;6;1;12;mPoqKTghtn0aO8r6kj4mEhydOpBLpLweEplHRH2EboaASAfVi4UiLrhf9y-lmSkCeLH7RuDAa-3URg;7,000000000000000
EUW1_7801585262;2026-03-28T09:19:15Z;1010;420;Vi;JUNGLE;NONE;1;4;0;3;7551;143;14;4473;11648;2;1;12;rosjK6OUAYioOxLKETVXNR5AOZfKdH9yYMJMvD-1PIKaYay8z3Xpk8Xn2VwI2gjyaw_u8-ekVgFxwA;7,000000000000000
EUW1_7801585262;2026-03-28T09:19:15Z;1010;420;Mel;MIDDLE;NONE;1;3;1;4;7828;169;12;11145;7902;7;1;12;1CIO4FeF_9vIARtBOufWkUuU5KMhrHvnRrPOizejFrw5PtKizqYSNPgukz7RnlAStrvBdvsGjSUGSA;7,000000000000000
EUW1_7801585262;2026-03-28T09:19:15Z;1010;420;Yunara;BOTTOM;NONE;1;2;1;0;8361;172;17;9216;7931;8;4;10;7sV-avgxQX4ECYMi0BXjtMf4YYjeLXl2-usYLGR7Y3tAmeQfnL8zeSgWC2N7CtDzQPtZVDEFqX_1CQ;2,000000000000000
EUW1_7801585262;2026-03-28T09:19:15Z;1010;420;Nami;UTILITY;NONE;1;0;1;4;4652;20;49;3498;3917;21;6;8;JvnFnLxY0QVa4ob5dZSqAuFikWeKbZHASEUu7twohOatzJnIKZDeExGS4u57SMf6NxMLEBtN7KVpqg;4,000000000000000
EUW1_7801578626;2026-03-28T08:56:38Z;953;420;Vayne;TOP;NONE;0;1;6;1;4853;98;15;14541;13940;7;1;10;mo4OvwIP3WBqNT7PVEOTqVWUXy3iUiw3pNMoqE7VC1sMmG-bBIGPTTfmAh7NJc9ESZ8TLbBcLwJuZQ;0,333333333333333
EUW1_7801578626;2026-03-28T08:56:38Z;953;420;Shaco;JUNGLE;NONE;0;2;2;3;6578;137;15;8087;8995;6;0;11;xa0mfpwyxtLlVPrS3Qnjxo8eZGGefx-4MGLvyCil-5qj6iuum0_CFD1T4yd6ouEfLRae04n_YtkUSQ;2,500000000000000
EUW1_7801578626;2026-03-28T08:56:38Z;953;420;Sion;MIDDLE;NONE;0;1;3;0;4816;104;9;9351;15668;5;1;10;21Yk7SkzmV6soRAL9Jz0NSJZjOl0Wfe5I_VwbVx9WHgsmqemruGYgZlNhRL2bqchVcDuAdFlrCYlwA;0,333333333333333
EUW1_7801578626;2026-03-28T08:56:38Z;953;420;Yunara;BOTTOM;NONE;0;2;4;2;7429;121;9;10190;14314;6;0;9;1xnQHZsSvYUpfXVhlJ5dfUdByTxAY94VAS_CHeZcYiqhDKcqkQm7_GVmPwZSGTQ8YNLPG_meFw6WTw;1,000000000000000
EUW1_7801578626;2026-03-28T08:56:38Z;953;420;Soraka;UTILITY;NONE;0;0;6;5;4119;19;14;4350;10760;9;1;8;moF_Yya_aVr3FmN17VE_Zq0nWLmDcy7TGvMbz6P-mQeG31xzb4CivP99P6xmSu9ZLVc2ThdwQA0Y1w;0,833333333333333
EUW1_7801578626;2026-03-28T08:56:38Z;953;420;Anivia;TOP;NONE;1;2;0;2;7402;151;18;8865;9808;8;1;12;mPoqKTghtn0aO8r6kj4mEhydOpBLpLweEplHRH2EboaASAfVi4UiLrhf9y-lmSkCeLH7RuDAa-3URg;4,000000000000000
EUW1_7801578626;2026-03-28T08:56:38Z;953;420;RekSai;JUNGLE;NONE;1;6;2;6;7707;117;7;8607;14989;2;0;11;zJzinwoIBz4rK4u_7BevDCymZDLr2laUAfgGwWs1Gft0ybw56Lj2SHT3yQYQlbBAxM1a8Wu_SHTRog;6,000000000000000
EUW1_7801578626;2026-03-28T08:56:38Z;953;420;Aatrox;MIDDLE;NONE;1;8;1;3;8112;138;8;21788;23379;5;0;12;7sV-avgxQX4ECYMi0BXjtMf4YYjeLXl2-usYLGR7Y3tAmeQfnL8zeSgWC2N7CtDzQPtZVDEFqX_1CQ;11,000000000000000
EUW1_7801578626;2026-03-28T08:56:38Z;953;420;Ashe;BOTTOM;NONE;1;3;2;2;8032;146;9;9508;8364;5;0;10;ebka6k2LejKcI_fGKc4CKo3YQZkh1LqFZqTOK8VldODWtscE6yVPRDGTC5LLaSLrH6nRRqyPt_Hv5Q;2,500000000000000
EUW1_7801578626;2026-03-28T08:56:38Z;953;420;Karma;UTILITY;NONE;1;2;1;11;5243;23;44;6723;8650;17;7;9;KD3XSJWr3Y0suLJ4Dfuzf-4xR3dpoNSKpzDClyA8Fd8NAKt1VpcTxNds6MYlOOL_7uGY1ozyaiDNpw;13,000000000000000
EUW1_7801554755;2026-03-28T08:13:06Z;1664;420;Irelia;TOP;TOP;0;6;6;4;12413;234;26;20115;29844;14;1;17;mPoqKTghtn0aO8r6kj4mEhydOpBLpLweEplHRH2EboaASAfVi4UiLrhf9y-lmSkCeLH7RuDAa-3URg;1,666666666666667
EUW1_7801554755;2026-03-28T08:13:06Z;1664;420;Vi;JUNGLE;JUNGLE;0;5;4;7;12789;194;32;15383;29368;8;2;16;1x0qXVKqUIKSnkbi726oUaqJk6faNy0avQfkpjgw43Xbjg20jL7nIcaZDv1ePiqBrXQnIjoNAtHtzA;3,000000000000000
EUW1_7801554755;2026-03-28T08:13:06Z;1664;420;Ahri;MIDDLE;MIDDLE;0;2;3;4;9944;222;31;12490;19392;7;7;15;t9kI6HGcHS7K_vtWxUgvgQAl7mdgXwGtDajdLlUpcshvIxNdcv444EM0IXFuVZQzyVGl2QcLGULbaw;2,000000000000000
EUW1_7801554755;2026-03-28T08:13:06Z;1664;420;Ezreal;BOTTOM;BOTTOM;0;3;6;4;11247;232;27;21778;22950;11;5;13;nj0yiw2rT4ckP7w7CbiXYz9BYrXF6Wu9nlLB9ZaT6xJJxI7EPJA3mAd3Z7qK2llcB-eqrRbpZWSgJA;1,166666666666667
EUW1_7801554755;2026-03-28T08:13:06Z;1664;420;Senna;UTILITY;BOTTOM;0;2;10;6;9006;47;68;11800;25661;26;8;12;4l59nAiadnurFBS-A_74wSLFzTDLS62X8Yy7Dn-ueyGCWFBBP0FtHb6bHPCUe6NWzqBr_LxSWrqWcg;0,800000000000000
EUW1_7801554755;2026-03-28T08:13:06Z;1664;420;Kennen;TOP;JUNGLE;1;7;7;9;12337;209;27;23386;23372;9;4;17;ZweZAgmzVeEhjRMRE4jmPzGYaPlV1UI2yL0-PqgGu1XzsLCUZZtNvyiZEulWXH6JiHp01DkQV2GJ4Q;2,285714285714286
EUW1_7801554755;2026-03-28T08:13:06Z;1664;420;JarvanIV;JUNGLE;JUNGLE;1;3;2;11;11978;210;35;13847;20381;4;6;15;ebka6k2LejKcI_fGKc4CKo3YQZkh1LqFZqTOK8VldODWtscE6yVPRDGTC5LLaSLrH6nRRqyPt_Hv5Q;7,000000000000000
EUW1_7801554755;2026-03-28T08:13:06Z;1664;420;Leblanc;MIDDLE;MIDDLE;1;6;2;7;12037;261;35;28871;21109;11;3;16;gr3FGuDW7sCaxkkAuakhKqUc7kXjxlHIv9z8CgGm6TAlJB1J-Av_XTioT6nAp_6Ducz6iaJNN59TaQ;6,500000000000000
EUW1_7801554755;2026-03-28T08:13:06Z;1664;420;Caitlyn;BOTTOM;BOTTOM;1;10;3;6;17027;289;20;28847;21718;8;8;15;6huTOKo1nEQr3QWig_0psH6r-KkXp27ZJYqFsP_ZKV0MSyz3J0E1-Cd30wKCGQ-EctpkAG9DKZMZOg;5,333333333333333
EUW1_7801554755;2026-03-28T08:13:06Z;1664;420;Janna;UTILITY;BOTTOM;1;3;4;18;9580;23;70;9557;17495;39;3;13;WdgHAmhpY_EL4LrRH1ob-VAnRywFFzNW_Mvti6J9pJmI8pQQZGdN7NFf4xs91Ix5YK1QjBl_GHo4ww;5,250000000000000
EUW1_7801539854;2026-03-28T07:36:06Z;1728;420;Jayce;TOP;JUNGLE;1;6;3;2;14585;285;37;27249;28914;14;2;17;mPoqKTghtn0aO8r6kj4mEhydOpBLpLweEplHRH2EboaASAfVi4UiLrhf9y-lmSkCeLH7RuDAa-3URg;2,666666666666667
EUW1_7801539854;2026-03-28T07:36:06Z;1728;420;Ekko;JUNGLE;JUNGLE;1;2;4;4;11179;203;39;15100;33731;4;4;15;-2UAZVhfJrtuDuUREj0NNpiLuj1o1e5rQxdn7vqVWMILaciZ1t3av5Pgow_YeQnUa0WivLvR6Ivrhg;1,500000000000000
EUW1_7801539854;2026-03-28T07:36:06Z;1728;420;Yasuo;MIDDLE;MIDDLE;1;5;4;3;13515;295;10;15344;24228;3;2;17;tXO7T7YupobDKoZn3lLEhVF95GDaZ875kaHIXxaTNnYoaFVs4ayA6xv2QSDKVsi6Duxur7Z3b7aOdQ;2,000000000000000
EUW1_7801539854;2026-03-28T07:36:06Z;1728;420;Kaisa;BOTTOM;BOTTOM;1;5;8;4;13645;219;28;20415;22119;10;6;15;zfivCaPca6BzpByvM3goXf1i1NAEvCoUl6EjojxuXGR-LXE-ZoIDgqUyHx22-RUJiJqSagMSndZ7dw;1,125000000000000
EUW1_7801539854;2026-03-28T07:36:06Z;1728;420;Janna;UTILITY;BOTTOM;1;0;4;16;9080;26;102;8449;17324;48;11;13;WdgHAmhpY_EL4LrRH1ob-VAnRywFFzNW_Mvti6J9pJmI8pQQZGdN7NFf4xs91Ix5YK1QjBl_GHo4ww;4,000000000000000
EUW1_7801539854;2026-03-28T07:36:06Z;1728;420;Malphite;TOP;TOP;0;0;3;9;8575;193;22;19093;24524;11;0;16;21Yk7SkzmV6soRAL9Jz0NSJZjOl0Wfe5I_VwbVx9WHgsmqemruGYgZlNhRL2bqchVcDuAdFlrCYlwA;3,000000000000000
EUW1_7801539854;2026-03-28T07:36:06Z;1728;420;Elise;JUNGLE;JUNGLE;0;6;2;9;12187;178;34;19878;27433;2;10;15;EMllje1yQ3tJ1_61u06jkOkYTLFtZo1KML3GfkKXO2FdyqLIdb3QDin33L_1tp-Qm6LtsVMQtez2Lw;7,500000000000000
EUW1_7801539854;2026-03-28T07:36:06Z;1728;420;Qiyana;MIDDLE;TOP;0;5;5;3;11828;226;20;15780;21085;4;3;15;EdyNEFNPRLbucCoFsJ7fLCGCcRKRy8aF8R8uBLSCR-E4mwwyyfxEgaHuvdghfZ8IlKeFxJHcRY07yQ;1,600000000000000
EUW1_7801539854;2026-03-28T07:36:06Z;1728;420;Caitlyn;BOTTOM;BOTTOM;0;11;3;6;17456;328;40;34779;18031;11;10;16;6huTOKo1nEQr3QWig_0psH6r-KkXp27ZJYqFsP_ZKV0MSyz3J0E1-Cd30wKCGQ-EctpkAG9DKZMZOg;5,666666666666667
EUW1_7801539854;2026-03-28T07:36:06Z;1728;420;Nami;UTILITY;BOTTOM;0;1;5;17;8269;21;110;7465;17793;48;10;13;qGnl_BbgSfJKEtg-bRkBQiWtZa_07itGEk05PvCRjgPYIFvW5vbfRUK-Ja9wqLWqFCs_DpKqovFjUw;3,600000000000000
EUW1_7801530479;2026-03-28T06:56:29Z;1900;420;Kennen;TOP;JUNGLE;1;7;11;16;13659;172;23;34319;34787;6;5;17;ZweZAgmzVeEhjRMRE4jmPzGYaPlV1UI2yL0-PqgGu1XzsLCUZZtNvyiZEulWXH6JiHp01DkQV2GJ4Q;2,090909090909091
EUW1_7801530479;2026-03-28T06:56:29Z;1900;420;Belveth;JUNGLE;JUNGLE;1;10;11;14;14731;161;38;18650;48045;10;6;17;DumQid4DGJQI0mBW1XaBpjRP4Kz9I6q2hISKKDtVKbAgUJDCc3h__8aSdp97VaSfyEjSikaZQzox5g;2,181818181818182
EUW1_7801530479;2026-03-28T06:56:29Z;1900;420;Jayce;MIDDLE;MIDDLE;1;7;8;12;17574;302;28;24345;31735;13;2;18;j6H1tqhZMJToMAtaVrlhlWSegaJL8PQcY-SI8JBv9fcNF4jfnHpdPMw9NaRZsl3GkqJlR7l8zUa-pA;2,375000000000000
EUW1_7801530479;2026-03-28T06:56:29Z;1900;420;Yunara;BOTTOM;BOTTOM;1;5;9;12;16567;263;19;39742;34845;9;2;17;mzg7DPHdblq3VZ3q3b8YZp-X8vewMHOldSgRlwf3bVQJYGvPYZ7YWZRu1awxPPGvH06lFwMAaa6dOQ;1,888888888888889
EUW1_7801530479;2026-03-28T06:56:29Z;1900;420;Zoe;UTILITY;JUNGLE;1;15;7;19;15821;36;106;44492;23547;62;2;17;AjcZXswkznRk4gqbZniIpWlDjUhfT5eudi6jcDyRVO3VrvPVFQ_AxerCeF_bEWLZJkN429G_J30c2g;4,857142857142857
EUW1_7801530479;2026-03-28T06:56:29Z;1900;420;Ryze;TOP;JUNGLE;0;5;8;12;13131;241;38;25314;41882;13;2;19;mPoqKTghtn0aO8r6kj4mEhydOpBLpLweEplHRH2EboaASAfVi4UiLrhf9y-lmSkCeLH7RuDAa-3URg;2,125000000000000
EUW1_7801530479;2026-03-28T06:56:29Z;1900;420;Hecarim;JUNGLE;JUNGLE;0;4;6;14;14247;259;32;16907;52406;10;2;17;wnZ45XDNBdF-OoreBh5dLq7_s4d4elNaZwShfSObt4DxhcDCvIU7iYvr7zegJgRyRiKteeIIjtji_g;3,000000000000000
EUW1_7801530479;2026-03-28T06:56:29Z;1900;420;Mel;MIDDLE;MIDDLE;0;23;7;4;18565;257;18;53660;28020;10;3;17;LwyRooO71iMUTr7FRiXCddKpWjuDRavpdOmhO7c7GGbxrW0V9m2ih2AIcWoSbmBoVJHpbiZOSqrV4Q;3,857142857142857
EUW1_7801530479;2026-03-28T06:56:29Z;1900;420;Nilah;BOTTOM;BOTTOM;0;13;13;5;19604;267;27;26130;32208;11;3;16;Vg5A72iJA_1Xqh52olrpW0TIUEa5UWohC0X88d_3gqVEsHC7HmMkaHYPf8YG0mmj-iTYnxFEwWCXOQ;1,384615384615385
EUW1_7801530479;2026-03-28T06:56:29Z;1900;420;Nautilus;UTILITY;BOTTOM;0;1;10;25;10333;32;94;11999;39614;35;9;15;MuVblJ2hm2NCs-tVrmLNTGgGIMk7WC5fnZSpt_NikPCWaNLtrNhFQs9dFtAN-NIllsCSNmi4cFL8qA;2,600000000000000
EUW1_7801310137;2026-03-27T23:34:57Z;1700;420;Irelia;TOP;JUNGLE;1;2;12;7;9855;205;24;16395;29445;7;3;15;YWgHIkiKehlsknOZ3HfIVMGhdqRMWDic28jCOHN_apyMTW7iKqm1fmuiWkCkVA0GsdFo6XmnxHwbVA;0,750000000000000
EUW1_7801310137;2026-03-27T23:34:57Z;1700;420;RekSai;JUNGLE;JUNGLE;1;11;4;14;14239;167;35;22107;39503;2;10;16;zl_lKlNtuUqTjZIgfDL0aKzLvYA7I_lk00odicmB2t5LxUdvhJhuVEUmT3rflO1nQmav9KRqqPmhHg;6,250000000000000
EUW1_7801310137;2026-03-27T23:34:57Z;1700;420;TwistedFate;MIDDLE;MIDDLE;1;8;6;16;14442;177;22;25748;29812;10;4;17;PAuM2xy5QdwMBagLwC-Eweu_K7HNRtJPWo3YLF7j-yHgTaIud9-PeNYm4_iLZxUlQG85iXy0uBjYEw;4,000000000000000
EUW1_7801310137;2026-03-27T23:34:57Z;1700;420;Xayah;BOTTOM;BOTTOM;1;16;8;13;18458;241;27;43895;30300;10;4;16;wTcPrANHBZg6X6CHTcTnKcCWbO__mK5-b6Kra6UoJnPlZ80OU_BaJtccDVFkNWnHRi758agangDMiw;3,625000000000000
EUW1_7801310137;2026-03-27T23:34:57Z;1700;420;Rakan;UTILITY;BOTTOM;1;4;9;26;11015;29;120;6842;29098;43;19;14;gnCB-X5X1Evs0F7I2iFa2hN1Z47HOoL3gr5Sise2acKXiwIPmTxhwEty7wfIqqAcDlmWjLMfgr4VeA;3,333333333333333
EUW1_7801310137;2026-03-27T23:34:57Z;1700;420;Pantheon;TOP;JUNGLE;0;11;8;9;12354;189;30;26198;35953;9;4;16;Dhds541lT8NOCiMnhN5X7xWA0LzkYQ8ZsiyARi48q9eEwqtdg47dmGtjxtBixqn9CTZGzlXihHQeSA;2,500000000000000
EUW1_7801310137;2026-03-27T23:34:57Z;1700;420;Viego;JUNGLE;JUNGLE;0;11;7;8;14121;213;19;16021;30724;3;5;16;yh206d95LXVkDmUSn9veYOVMwd04NLUT3VCp8A6BEhXofuU0LHmtpqCudTdICqyFWX7xETLjBFrWEQ;2,714285714285714
EUW1_7801310137;2026-03-27T23:34:57Z;1700;420;Xerath;MIDDLE;TOP;0;6;5;16;13230;241;17;41491;18474;8;3;16;Y_y_8LDSJQpFNrW2yfnPSi9dYYEsOCnmixxeC7HCAM5LeVwAMa0qz8cojDPN1_JwFGdjgVQQBCdz-Q;4,400000000000000
EUW1_7801310137;2026-03-27T23:34:57Z;1700;420;Kaisa;BOTTOM;BOTTOM;0;9;11;13;15319;196;17;32574;28288;10;3;14;4VCUCTGwXaxJ3mAcqcIviJ_1YXD-l5zRmYOH7fI9YzuqE271Uz5daeijv27njc-ySWGRkEhp6hc8eQ;2,000000000000000
EUW1_7801310137;2026-03-27T23:34:57Z;1700;420;Nautilus;UTILITY;TOP;0;2;10;18;8233;15;95;9888;26380;50;5;11;E_phCT9lcK0mOGpppK0VOHWA1qPkhdts0X326HH-1HAUwDeLteAtOIVhFD4FpSy3FANBzwTXOL8NGw;2,000000000000000
EUW1_7801094605;2026-03-27T21:10:29Z;913;420;LeeSin;TOP;NONE;0;1;5;1;4679;95;8;5093;14849;5;0;11;wTcPrANHBZg6X6CHTcTnKcCWbO__mK5-b6Kra6UoJnPlZ80OU_BaJtccDVFkNWnHRi758agangDMiw;0,400000000000000
EUW1_7801094605;2026-03-27T21:10:29Z;913;420;Ambessa;JUNGLE;NONE;0;4;2;1;6777;110;14;6132;11399;5;0;10;KTKIcfbQ3QcQbFBs1IjtpwPJSnWW1O7joDMr1ZYNYUZY6eJyxnHGJ9-TSdbI1mZzl8bMBuVd2TCwmg;2,500000000000000
EUW1_7801094605;2026-03-27T21:10:29Z;913;420;Akali;MIDDLE;NONE;0;2;4;2;4871;89;6;8164;14195;4;1;10;_RxOqBcpolK8nMcAtlUZidPXkmW5y8F41jSXOgI41aTF4NLE4dOCZKo28DFCd4pWxDLuQvfd8CBJlw;1,000000000000000
EUW1_7801094605;2026-03-27T21:10:29Z;913;420;Varus;BOTTOM;NONE;0;1;3;1;5501;105;10;6405;8323;5;1;9;lhAQTYQyVzl8X9OeLVXbfMqpdo6Ls2xGOsK2blQRzLZxX-SrbxTp-h48FHwIRbt9yJPwveOrCiCxtA;0,666666666666667
EUW1_7801094605;2026-03-27T21:10:29Z;913;420;Bard;UTILITY;NONE;0;2;3;4;4571;10;35;7123;8994;15;4;8;H0JN7PkSh6s3BXzJTqDNOLnQ1ng__N7b1aHsVYtD7FXNU6yjg4IZE8O2eAf5Fu2RsTKEbnkBI_bDPQ;2,000000000000000
EUW1_7801094605;2026-03-27T21:10:29Z;913;420;Ahri;TOP;NONE;1;6;1;2;7510;151;7;14894;8366;4;0;13;QOFPo_WCY8tFCJMv_uGFB6pwCziyTwccuTIu9PwM5jjzOP9-6Klo8_dfeixxfVRetujt0DDQaYl1YA;8,000000000000000
EUW1_7801094605;2026-03-27T21:10:29Z;913;420;JarvanIV;JUNGLE;NONE;1;4;2;7;7463;138;17;7783;11359;6;3;11;KTFOFL7mYAEmfYrh-A46P7c9eg6hGULQhctY_LjuVBbkqjMhK3bRUWPGlyFMF1t8lHK_yhCK8JzznQ;5,500000000000000
EUW1_7801094605;2026-03-27T21:10:29Z;913;420;Orianna;MIDDLE;NONE;1;0;3;6;6353;141;11;11107;11110;6;1;11;1pCsY3Ix5ln3--oCCImsPW2CGMYaPyggxkRkgfwsQ_Ij2szlfObWRoirCCnxG434551Q-KooROh_og;2,000000000000000
EUW1_7801094605;2026-03-27T21:10:29Z;913;420;Yunara;BOTTOM;NONE;1;3;2;0;7128;122;10;9087;10397;6;1;10;57p2ibtF4_m0idU4-EyZamWxLpRqa30jiY-Ot7sJaPp27hoTwfG0VXt4zN0YLHyXpsWNm90_0fZqPw;1,500000000000000
EUW1_7801094605;2026-03-27T21:10:29Z;913;420;Elise;UTILITY;NONE;1;4;2;5;5179;21;26;6026;7236;10;2;8;I7simvAVmBX0JlA4wG0DdVPqECP1eQxH1EtobL8lLszZdJup4iBFo8B63BO1ryp-0nh58R193jMMQg;4,500000000000000
EUW1_7800192208;2026-03-27T03:33:17Z;1851;420;Camille;TOP;TOP;0;4;7;6;12908;248;25;19100;41641;10;1;17;r0SiaVtbX4MV429DPawORXE2uOIwMchsHGdcGVE4Q0QNQrzBK2c6Q0HXde30n6OoWJxJ-nZX1AAPug;1,428571428571429
EUW1_7800192208;2026-03-27T03:33:17Z;1851;420;Diana;JUNGLE;JUNGLE;0;7;8;4;14032;240;30;25085;31811;3;5;16;V9S6AP4uX99yf-RGEg1hju6EMTvgXcp8f86MG7xSii1k5Pq-54oc76SgQODqRcRFwuExvZmzAOVa0Q;1,375000000000000
EUW1_7800192208;2026-03-27T03:33:17Z;1851;420;Yasuo;MIDDLE;MIDDLE;0;3;17;5;11032;220;10;24194;46190;5;0;16;hR04gNp9mdc3g0jX36a2a24YZ01f85mAouoG9a4hNfiAjyHCxf2WGB2aYCt4O-58HeDCawI5_qKXmQ;0,470588235294118
EUW1_7800192208;2026-03-27T03:33:17Z;1851;420;Ezreal;BOTTOM;BOTTOM;0;4;9;4;13440;233;13;20708;28498;7;1;15;wTcPrANHBZg6X6CHTcTnKcCWbO__mK5-b6Kra6UoJnPlZ80OU_BaJtccDVFkNWnHRi758agangDMiw;0,888888888888889
EUW1_7800192208;2026-03-27T03:33:17Z;1851;420;Seraphine;UTILITY;BOTTOM;0;6;10;10;11002;37;98;15643;27487;50;8;13;IusMrrcgIG5Jqx5MSvrSLBV6hyuA-E1zIGYXClC8mBZhECIpJWwi87x7ATnrvbxP6mW1zZ4q1sq5CA;1,600000000000000
EUW1_7800192208;2026-03-27T03:33:17Z;1851;420;Riven;TOP;TOP;1;13;3;1;15624;253;28;30517;23740;11;1;19;S4o7Jx3egdbIQHvrUXf7syzue_whKwLgS5G8YhoSEn2PkxP8xZjJUio-5nYVUbHA4p3ig9lKvPzEmQ;4,666666666666667
EUW1_7800192208;2026-03-27T03:33:17Z;1851;420;Jayce;JUNGLE;JUNGLE;1;8;4;12;17637;293;28;32584;29240;3;4;18;72ac_JoS2xpsqdFKh1A8kszB0G3OwM1d-4UO6PxueL0h3JnoYs9qgkKxB5rWn6SfAzJRk_wOUmyqXw;5,000000000000000
EUW1_7800192208;2026-03-27T03:33:17Z;1851;420;Aurora;MIDDLE;TOP;1;18;7;14;16330;245;7;47640;38875;3;1;18;2vakuGydoEZOpsnFu9UhDjLG2xv1QlhbmtS9jvCXyiRWN7pbw9-LfFhQjdEvW1Xx4q87nNesniiQ_Q;4,571428571428571
EUW1_7800192208;2026-03-27T03:33:17Z;1851;420;Senna;BOTTOM;BOTTOM;1;5;4;19;15126;213;21;22127;21105;8;4;17;BVyIybJPl2otIdw5xyd5fG4Gly5wnaskZiZ62spuAiNo35UlZDE-AoVLyWZJjVKOKJBhRdRfz4S_MA;6,000000000000000
EUW1_7800192208;2026-03-27T03:33:17Z;1851;420;Bard;UTILITY;BOTTOM;1;7;6;20;11575;20;107;15495;26992;39;13;14;-ILPI-zvB-fyYcIdjPQqsc1iPdlZgrPHHSJmHnFAFAfv3e5F4yBKd1mQxfHHJusHc8DZTrhPUa2NjA;4,500000000000000
EUW1_7800165595;2026-03-27T02:03:51Z;1393;420;Jax;TOP;JUNGLE;0;1;5;1;8069;165;13;11651;21087;7;0;14;BreqtCgACp-1iyDgvY6p2in85MoeNj6HQKH9R8Ra1eERVGBndsEbxc8fZQDc9t1sk7V_M9knmJTcjQ;0,400000000000000
EUW1_7800165595;2026-03-27T02:03:51Z;1393;420;Zaahen;JUNGLE;JUNGLE;0;2;8;5;8372;149;24;16847;36369;5;5;12;mf3AMtZwMjoMxlXnkaJBL-m7enPFSzSmOwAIocy7PwsKNQXKMiI3GDMl2OhnohKukOAzwP52Ug1y7w;0,875000000000000
EUW1_7800165595;2026-03-27T02:03:51Z;1393;420;Veigar;MIDDLE;MIDDLE;0;10;6;3;11864;174;16;17465;17377;10;0;14;wTcPrANHBZg6X6CHTcTnKcCWbO__mK5-b6Kra6UoJnPlZ80OU_BaJtccDVFkNWnHRi758agangDMiw;2,166666666666667
EUW1_7800165595;2026-03-27T02:03:51Z;1393;420;Aphelios;BOTTOM;BOTTOM;0;2;9;3;9084;132;6;11498;18831;4;0;11;R_dzyomcA28TBKwauOYuhvVRGkPlAWczYcfnWONIk13nwd7iKOfnFVp_jH1z45NM_iHXb6XfZtVCaw;0,555555555555556
EUW1_7800165595;2026-03-27T02:03:51Z;1393;420;Blitzcrank;UTILITY;BOTTOM;0;1;7;7;6143;18;67;7191;18280;30;5;10;p4bKb7LnFodv6iLJLXeFzrBC7TKa4DiFc0B7aYQESKm7znXtl36vhY4H-6tpcOX44c6ln6OEbqfQ5g;1,142857142857143
EUW1_7800165595;2026-03-27T02:03:51Z;1393;420;Ambessa;TOP;JUNGLE;1;5;2;6;11689;216;18;19087;18338;9;0;16;kWhmhWGTVarYk8oeXo-X-8DXNaqV3ixP8BVWatIBoZq9CYGz8kY7Z5hhCh63wDCTeDp6TX5B0welrw;5,500000000000000
EUW1_7800165595;2026-03-27T02:03:51Z;1393;420;Belveth;JUNGLE;JUNGLE;1;13;2;8;14061;193;21;18556;21758;4;3;15;fsEQWIiJmAepJ3x49jTcUZ-vXvqyDJiyyZiD6JGyqHOhKmXgJD0EHm75k-CPEh8YGyxmj8XnjJB8cQ;10,500000000000000
EUW1_7800165595;2026-03-27T02:03:51Z;1393;420;Annie;MIDDLE;MIDDLE;1;8;5;12;9661;123;20;25212;13963;10;1;14;Fb-atdsuCe_b3tsHnoEWwyTtfHH8Ybyc1BNqjDLI4P50F8GnTR2IcylqSvXqvxXWRvKGNwgK8Iz2rw;4,000000000000000
EUW1_7800165595;2026-03-27T02:03:51Z;1393;420;Seraphine;BOTTOM;BOTTOM;1;7;3;14;12503;175;16;23733;13221;8;2;14;kuzG7qx72NM6S_2AgXc_LVPC0uSRnGQ6zJazVgGBcNW0BfwqzyJtW2kRm8e6Qg3fqo8zEhtpepwRaA;7,000000000000000
EUW1_7800165595;2026-03-27T02:03:51Z;1393;420;Nautilus;UTILITY;BOTTOM;1;2;4;18;7712;24;55;10795;20084;21;9;11;1cjX_Xz5XDsAbsC7nsT9KdKxrJsU81D9aNlTvg9dDb-UkzizSiz9mWc9SkbIne1ac0RY3h_UUeqKKA;5,000000000000000
EUW1_7800140332;2026-03-27T01:25:30Z;1673;420;Gwen;TOP;JUNGLE;1;3;2;12;11322;204;23;18096;23837;8;3;17;h-DYDbPUefl7HkZSV5zUb2ggqzzsz53JXXo7WZzknRuf1341D74EFFZ3IObaQ7ArkhRznGb51zw3qw;7,500000000000000
EUW1_7800140332;2026-03-27T01:25:30Z;1673;420;LeeSin;JUNGLE;JUNGLE;1;13;6;9;16588;166;29;21682;32194;14;2;16;QzS9F1mOvsvklUb64lT-oWX_bO54fjkMr-Tw65kGZUUEumnJ54nuSO1q125Axpqt5HUggc5ApSLyDg;3,666666666666667
EUW1_7800140332;2026-03-27T01:25:30Z;1673;420;Zed;MIDDLE;MIDDLE;1;10;4;7;14778;215;12;29290;20323;7;1;16;gOsCnVJqfxy3_Bih2bL2ye97PnrligRnXnGUHvpX4OPv4z42nj4ywHFrcM2vAkzziG6RfUDycjtQ5Q;4,250000000000000
EUW1_7800140332;2026-03-27T01:25:30Z;1673;420;Caitlyn;BOTTOM;BOTTOM;1;3;6;3;12539;255;17;20080;20015;8;2;14;ElBnj8mZQIeENh1AXCzgectCO0EsAQsNY_byt29DcylXtCZbraEe3MNbR77D5ItMKCJKkAX_NzXSmQ;1,000000000000000
EUW1_7800140332;2026-03-27T01:25:30Z;1673;420;Karma;UTILITY;BOTTOM;1;0;4;23;9005;27;95;11379;15623;40;6;13;l0L75mRpnDmki8qaYtTkcFNkHdW7B8FEsSKKQ6drTbXcVprx1dBasqmegMqBLaCrtpO5GUNRYVZP7A;5,750000000000000
EUW1_7800140332;2026-03-27T01:25:30Z;1673;420;Jayce;TOP;JUNGLE;0;4;6;1;13350;281;16;25430;23514;7;0;17;0HuSNVew_3xkHfZ_rDtDRVDV_jSAqMQYWBayKt31A2BJDcOdNx9DW88TLlIoXjzOTArEfpYtmYVsDw;0,833333333333333
EUW1_7800140332;2026-03-27T01:25:30Z;1673;420;Viego;JUNGLE;JUNGLE;0;4;5;12;11706;189;40;15463;30094;7;4;14;wTcPrANHBZg6X6CHTcTnKcCWbO__mK5-b6Kra6UoJnPlZ80OU_BaJtccDVFkNWnHRi758agangDMiw;3,200000000000000
EUW1_7800140332;2026-03-27T01:25:30Z;1673;420;Lissandra;MIDDLE;TOP;0;6;5;8;11368;200;21;23945;27970;5;5;14;jkDOxZd0C5cQQmhcoqemjC1V7hYGerVjl6zXrQKQeNctil40_rDCrVyf9dVAI-nYQIiFHrdopU12RA;2,800000000000000
EUW1_7800140332;2026-03-27T01:25:30Z;1673;420;Lucian;BOTTOM;JUNGLE;0;5;5;2;10564;170;28;16068;20385;9;6;12;x1-wqlp4ZQQ--VgbwjYPbii0hQ6E-Udh0uMaLq3V2WwPffkEUyLcxPD7KrOQTsjAabH3oBbNjz9QPA;1,400000000000000
EUW1_7800140332;2026-03-27T01:25:30Z;1673;420;Lulu;UTILITY;BOTTOM;0;3;8;11;7671;13;58;9091;17582;29;4;11;mGtaJIWwdukI_irZast1hX8pvIX_3kiDFiizZzOTjwVdNre9OGZ2KoVDLOQ7wwVaEHA5jnUUhOHqCg;1,750000000000000
EUW1_7801749828;2026-03-28T12:22:23Z;1929;420;Zaahen;TOP;JUNGLE;1;5;5;2;12506;254;41;23914;48158;19;3;19;5GuXGFO7EMmnkAla7g0N-pN8KKUToiIf2NIjFAA898cDbzm27YijKnNzDJv2I5aj6QmYEXzkIQ34lw;1,400000000000000
EUW1_7801749828;2026-03-28T12:22:23Z;1929;420;Nocturne;JUNGLE;JUNGLE;1;5;5;15;15673;245;36;21559;46646;8;6;18;o9zJxASSqvDoGHy5X9IrS2j8JifYAl1cGQFE-9sfhNPHYwa6pnLsAWeykygftTAHEyRp3rtv3SqhfQ;4,000000000000000
EUW1_7801749828;2026-03-28T12:22:23Z;1929;420;Aurora;MIDDLE;MIDDLE;1;8;2;11;16663;284;24;28085;28256;4;5;18;bofntC0knSwa9w33cwXwn8Mnf1M-jXU9AZFVJmPxJInS-tZbc6lwYTu14wXlcGSok8xcxa-3zlNgmw;9,500000000000000
EUW1_7801749828;2026-03-28T12:22:23Z;1929;420;Veigar;BOTTOM;BOTTOM;1;15;6;6;19362;225;25;27207;21043;12;4;17;1OyY0JW1NfymEtkkGdDxeiSmbIRoORslGf0e3Kigde9uRcoVw8haCBBFA0p8eh8NgAXJV4Bmf5U4zw;3,500000000000000
EUW1_7801749828;2026-03-28T12:22:23Z;1929;420;Camille;UTILITY;MIDDLE;1;11;10;14;13876;47;122;26265;29801;41;16;14;1cjX_Xz5XDsAbsC7nsT9KdKxrJsU81D9aNlTvg9dDb-UkzizSiz9mWc9SkbIne1ac0RY3h_UUeqKKA;2,500000000000000
EUW1_7801749828;2026-03-28T12:22:23Z;1929;420;Naafiri;TOP;JUNGLE;0;6;10;5;13150;240;24;27394;35263;9;1;17;ob-fiLQS8wWmxtqPJsaxipmHmJTXPGrHwFojzky4H5S_EXd_HuUmABwrjpWy_5rdo5eKIFcmIeoldA;1,100000000000000
EUW1_7801749828;2026-03-28T12:22:23Z;1929;420;Khazix;JUNGLE;JUNGLE;0;5;7;6;14713;224;41;25097;38957;9;8;16;XC3oAQltw_rPZYuc5r86_sShp-bCIKKWJVOFxA5fv3i6YpSe3PQG0jG-y7iCE7WMLjJQTIWPjc_71w;1,571428571428571
EUW1_7801749828;2026-03-28T12:22:23Z;1929;420;Ahri;MIDDLE;MIDDLE;0;2;7;8;11777;265;20;25314;28190;4;4;17;eedEru7h7XXlufocO97CSCWgLqbE2e_sHu5xlOOFUvkk0NHSTWpLDWKcwBdmx82me--KLMhHEHU40Q;1,428571428571429
EUW1_7801749828;2026-03-28T12:22:23Z;1929;420;Jhin;BOTTOM;BOTTOM;0;5;12;7;13719;239;32;16671;29158;12;6;15;cPRMAJ2ncCvKOdTJC-OU1f7YKKeGZLlgUtCY_qkm86cLbBVUbMc2vx7UEVFRo8DbHBzzx4-KQ62ZxQ;1,000000000000000
EUW1_7801749828;2026-03-28T12:22:23Z;1929;420;Velkoz;UTILITY;BOTTOM;0;10;8;11;13828;90;100;37729;19527;48;12;16;wx3oW7K7RWYRhC_e0vGv-6am038moyT-L3c0GctejMfbQVQViaBQWoUQgRTJ62U1JzvyJkL1j_oJgg;2,625000000000000
EUW1_7801705007;2026-03-28T11:41:09Z;1530;420;Vayne;TOP;JUNGLE;1;5;2;3;10633;213;16;18615;16014;7;2;16;AjiTRQfmTwY8BlYgfXxwSQ5OaGQj4IvIhiGUdmvd65O_g8OMOdnXGvSiZAGI25XfgtuAAukXOdh6mQ;4,000000000000000
EUW1_7801705007;2026-03-28T11:41:09Z;1530;420;Jax;JUNGLE;JUNGLE;1;9;4;9;12618;208;35;19013;31495;11;3;15;o9zJxASSqvDoGHy5X9IrS2j8JifYAl1cGQFE-9sfhNPHYwa6pnLsAWeykygftTAHEyRp3rtv3SqhfQ;4,500000000000000
EUW1_7801705007;2026-03-28T11:41:09Z;1530;420;Naafiri;MIDDLE;MIDDLE;1;3;4;12;10336;187;14;16794;17479;5;2;15;Oo5d_6ChfoSqH0UyUMZcgbYqdWKlMh2-bWxEeMTIbeRAfim5vnKEQTPCYefIiCH_QItXR7hb-p2dqQ;3,750000000000000
EUW1_7801705007;2026-03-28T11:41:09Z;1530;420;Senna;BOTTOM;BOTTOM;1;10;1;14;16538;248;24;34990;17894;11;4;16;Tj6G1Xne3f4xTlV4njGn4f-9nPlyunY_y2Z1yXRnFsiVOi5-CsxilCiJeZqajxF7RrZu4Re27LoXhQ;24,000000000000000
EUW1_7801705007;2026-03-28T11:41:09Z;1530;420;Karma;UTILITY;BOTTOM;1;0;4;17;8059;28;87;8392;19376;29;9;13;kKZeeggC9P2l5JbPnJF42lX1rerk0ORdYIaBOY26M51TZ8KQ0Jgve2z02r_k7stFNscvcd8kr1X31g;4,250000000000000
EUW1_7801705007;2026-03-28T11:41:09Z;1530;420;Garen;TOP;TOP;0;4;6;2;10018;208;16;9510;30415;2;2;15;WyVp8k9sPqGZjdZpExiP1V4mtbOerehw73W7rGsFiuBkxsGeqqHj97gExTl1FysS78GW4PlBTne3MA;1,000000000000000
EUW1_7801705007;2026-03-28T11:41:09Z;1530;420;XinZhao;JUNGLE;JUNGLE;0;1;5;7;10093;172;24;15920;31838;6;3;14;2l9JmL9_NU7Xhgwv0vpf8i9Xx0MklQcAc-dXaoVZw2UZyxKM83Y9i99BWSciazRzV_HvvNq9G2hzSw;1,600000000000000
EUW1_7801705007;2026-03-28T11:41:09Z;1530;420;Ryze;MIDDLE;MIDDLE;0;4;5;4;12104;251;23;20009;24081;8;2;16;WMZ7Kmnxksj_DCvthGkVqjrJC7bM1trwZOJlw5QvuXCQT8lu7DgwM8k7z6Jc5eVJG59kiTSFBsu0fQ;1,600000000000000
EUW1_7801705007;2026-03-28T11:41:09Z;1530;420;Corki;BOTTOM;JUNGLE;0;4;3;7;12025;213;19;22306;15737;7;3;14;a8xLvi4nRkW6mzAtfQ_IFOL14oP4GDWqdWI6oMbOxf7Oxq08zPQpmnvlUfCL0xO_qUZlmk1vN93k9w;3,666666666666667
EUW1_7801705007;2026-03-28T11:41:09Z;1530;420;Ekko;UTILITY;BOTTOM;0;2;8;7;7311;30;90;13207;21714;33;11;11;slLsTTGxzNFcP7EAXfhQ1MEp4yCXQUAdwL2ggFHAnpD9ZGxIx8vcOddPLqn8JW3h9X8iL2LUWxc6tw;1,125000000000000
EUW1_7799710203;2026-03-26T19:32:37Z;2103;420;Renekton;TOP;JUNGLE;0;6;5;8;14844;296;46;28046;62251;9;9;19;8EVBEdCBJ3JOOm81VNx37YqZ6_8gedcXp_pckfZF7C4wt2_9kBvMBLLHbVtopNK9YqIhtYDaEjboWg;2,800000000000000
EUW1_7799710203;2026-03-26T19:32:37Z;2103;420;DrMundo;JUNGLE;JUNGLE;0;8;9;10;15651;279;35;33471;105939;5;9;18;o9zJxASSqvDoGHy5X9IrS2j8JifYAl1cGQFE-9sfhNPHYwa6pnLsAWeykygftTAHEyRp3rtv3SqhfQ;2,000000000000000
EUW1_7799710203;2026-03-26T19:32:37Z;2103;420;Viktor;MIDDLE;MIDDLE;0;5;7;10;14494;276;27;40100;26819;15;5;17;2U3h93freQtLVI-_QwLELzzpaFZ7gM_K2nQKb6q1PXvcjHV6yHN0mu0ls6ztCmlUlsSQ0fMVheo6oA;2,142857142857143
EUW1_7799710203;2026-03-26T19:32:37Z;2103;420;Sivir;BOTTOM;BOTTOM;0;7;9;10;17933;269;14;32213;35288;9;1;16;Md67vjYGerYXX1jInjt2Rg3i7QvPhS2p0JIIurHGSsdnikW9w7fO5p5HlwVdouXYnB3bw6WVnYw0vg;1,888888888888889
EUW1_7799710203;2026-03-26T19:32:37Z;2103;420;Soraka;UTILITY;BOTTOM;0;1;6;20;10067;40;131;10586;23119;61;14;15;7ULsUCKAQUTbTxNhg4X0d6bvG-7F5G5aRfENT7-6BmhrYfzkfIVl90h7OTZpyR5FyKaoGJZtucdRJg;3,500000000000000
EUW1_7799710203;2026-03-26T19:32:37Z;2103;420;Kennen;TOP;JUNGLE;1;5;6;11;15465;295;18;39835;31959;7;1;20;vNum6S-UGD8dP0NSWva9A_Chh928codBcY3eUCy2CuE8FLGkw69ZWjZ2cRB1XK8PSJsaHcFMPuf4Ow;2,666666666666667
EUW1_7799710203;2026-03-26T19:32:37Z;2103;420;Camille;JUNGLE;JUNGLE;1;13;7;11;18402;222;55;46737;46825;7;13;18;rpBEuw2a3u93lUGiz5bJmqiYbqr3q09u2asUKVCgZdlDMPYZQR4UGjl_KAh2D3KLZof3jeM-1ey82w;3,428571428571428
EUW1_7799710203;2026-03-26T19:32:37Z;2103;420;Yasuo;MIDDLE;MIDDLE;1;9;6;15;16476;270;26;54499;44660;13;4;18;m1z8zpHFJoi36pUcJRg9XuGJ1QtNLKTBMwUbYRdgmkGh1L3Q4s6LzwtZH6SasVurtNuvh4JGdUajvg;4,000000000000000
EUW1_7799710203;2026-03-26T19:32:37Z;2103;420;Velkoz;BOTTOM;BOTTOM;1;9;7;11;17119;274;39;61598;25336;16;5;17;aDrjtFyv6WW-2ZqBBvhiWdA6m4Yp5BznqkzEtejlAyaL0LlVdariyZDSFKYJAFC75EMZXqyglHCKuA;2,857142857142857
EUW1_7799710203;2026-03-26T19:32:37Z;2103;420;Rakan;UTILITY;BOTTOM;1;0;2;31;11398;36;166;12374;36367;72;19;15;DwLqK8rlvrGnJ8qly7WL3kbNQpfOpKfkSt3-eBIaZB41AoC2gLjdYwIekv2IaTvNv0OKq2TxUHdLRQ;15,500000000000000
EUW1_7799657573;2026-03-26T18:56:08Z;1774;420;Ryze;TOP;JUNGLE;0;6;5;6;14828;295;38;22576;33499;11;2;19;8EVBEdCBJ3JOOm81VNx37YqZ6_8gedcXp_pckfZF7C4wt2_9kBvMBLLHbVtopNK9YqIhtYDaEjboWg;2,400000000000000
EUW1_7799657573;2026-03-26T18:56:08Z;1774;420;RekSai;JUNGLE;JUNGLE;0;3;11;10;10644;161;28;20914;51471;8;1;15;mvWFO_h11_FeeVo2AxgGVcv-OB_qSR5qchK-gCyQfc_dDmDj6-COalVxNCTSjOXBDHy0TnYHeBgA6g;1,181818181818182
EUW1_7799657573;2026-03-26T18:56:08Z;1774;420;Fizz;MIDDLE;MIDDLE;0;11;6;3;15204;232;15;29302;22019;9;2;17;Md67vjYGerYXX1jInjt2Rg3i7QvPhS2p0JIIurHGSsdnikW9w7fO5p5HlwVdouXYnB3bw6WVnYw0vg;2,333333333333333
EUW1_7799657573;2026-03-26T18:56:08Z;1774;420;Ezreal;BOTTOM;BOTTOM;0;2;7;2;12463;264;17;21143;23594;10;2;14;1HTtYejD-6DgvMOnIPUDBw3WOi-5FMrBW7An68a-8NrdxmpL63AEQEuJJ3iiFL7N5Tkn4cq_DPDQOw;0,571428571428571
EUW1_7799657573;2026-03-26T18:56:08Z;1774;420;Karma;UTILITY;BOTTOM;0;0;5;7;6846;20;90;7779;19068;43;6;13;jZ5PDI_dvWZjgeaTrgNgPu5XCOuby2LVjZhZey0gdTKJ0lmlLS8TwijypkpFd-Uas7SlfgEVytNbSA;1,400000000000000
EUW1_7799657573;2026-03-26T18:56:08Z;1774;420;Ambessa;TOP;TOP;1;6;4;10;13845;250;31;33908;28834;9;4;18;vNum6S-UGD8dP0NSWva9A_Chh928codBcY3eUCy2CuE8FLGkw69ZWjZ2cRB1XK8PSJsaHcFMPuf4Ow;4,000000000000000
EUW1_7799657573;2026-03-26T18:56:08Z;1774;420;Rengar;JUNGLE;JUNGLE;1;6;5;6;14791;258;34;20895;28175;2;11;18;o9zJxASSqvDoGHy5X9IrS2j8JifYAl1cGQFE-9sfhNPHYwa6pnLsAWeykygftTAHEyRp3rtv3SqhfQ;2,400000000000000
EUW1_7799657573;2026-03-26T18:56:08Z;1774;420;Viego;MIDDLE;MIDDLE;1;8;6;13;14294;235;29;27731;28815;11;4;17;rpBEuw2a3u93lUGiz5bJmqiYbqr3q09u2asUKVCgZdlDMPYZQR4UGjl_KAh2D3KLZof3jeM-1ey82w;3,500000000000000
EUW1_7799657573;2026-03-26T18:56:08Z;1774;420;Velkoz;BOTTOM;BOTTOM;1;8;4;9;14806;251;36;34490;20159;11;2;16;aDrjtFyv6WW-2ZqBBvhiWdA6m4Yp5BznqkzEtejlAyaL0LlVdariyZDSFKYJAFC75EMZXqyglHCKuA;4,250000000000000
EUW1_7799657573;2026-03-26T18:56:08Z;1774;420;Nautilus;UTILITY;BOTTOM;1;6;3;12;9968;31;85;12172;28236;39;7;14;Gulke6KkQU1mm07-OE5cjytU86vaWpvQpUUsUNruSswGRR7Cs-DOMHs3D48RjiNujm_Mtcyd8IEnsQ;6,000000000000000
EUW1_7799548342;2026-03-26T17:43:57Z;1462;420;Garen;TOP;JUNGLE;0;3;4;5;9603;190;24;18090;29898;9;1;15;jRClcLIH9YXZSxumPP9oNTOyHqCksUYbwxbC3dP60ai_OyjrABakEXUSlM-a006PXLmshT3VO2fYhw;2,000000000000000
EUW1_7799548342;2026-03-26T17:43:57Z;1462;420;Talon;JUNGLE;JUNGLE;0;7;8;5;11691;151;19;21815;28213;5;3;13;DYPHn9hr9aU7NIeLHXQKv05QIH16vE6Jg-wYClaGoxExJgp5lCQlab-Z7AukxATedNx6llBNpovKpw;1,500000000000000
EUW1_7799548342;2026-03-26T17:43:57Z;1462;420;Leblanc;MIDDLE;MIDDLE;0;4;4;7;9536;168;20;17692;16651;5;3;13;g7CUF9cgHfNP2th0exMHhHF8vDt5l-9CO-751-X6EFVyFXAuvOEGuxV2wqgqogR3La1GpQa6c_JG1w;2,750000000000000
EUW1_7799548342;2026-03-26T17:43:57Z;1462;420;Senna;BOTTOM;BOTTOM;0;1;7;4;8875;140;15;12095;17705;8;3;13;RGcgZxJZcXaKTFTU6ENsGIhe7X01HW4nBav4uN1Tpi26YNuMLp0ftSzVFruYeP1p6qH_z7fxttvRtA;0,714285714285714
EUW1_7799548342;2026-03-26T17:43:57Z;1462;420;Rell;UTILITY;BOTTOM;0;0;9;7;5709;25;51;8233;24867;23;4;10;-SOtMLVoDpebwAJetCzZ80KjFHK5l0st9DjtEK3LPqp2nKDeJi6-tb4FFpiSk8_tYmMRsKxvTgUShw;0,777777777777778
EUW1_7799548342;2026-03-26T17:43:57Z;1462;420;Anivia;TOP;JUNGLE;1;2;6;6;10087;217;23;22028;28929;9;2;16;YlrBTL1ihxTypTV8CwwopWMGgvCPBNZ9G8B4z52XFkClBDvLD3F9BUJj3-ctemhdYYiN2kE_C79dQg;1,333333333333333
EUW1_7799548342;2026-03-26T17:43:57Z;1462;420;LeeSin;JUNGLE;JUNGLE;1;7;1;10;12094;221;21;15237;28693;9;0;16;o9zJxASSqvDoGHy5X9IrS2j8JifYAl1cGQFE-9sfhNPHYwa6pnLsAWeykygftTAHEyRp3rtv3SqhfQ;17,000000000000000
EUW1_7799548342;2026-03-26T17:43:57Z;1462;420;Veigar;MIDDLE;MIDDLE;1;13;3;3;14319;227;13;25723;29494;8;1;16;Oveuvcy4dijO68g-GydWrNpaIeNdP8S0IPT8OwVXmoEDbmSnJyrmYrOBO7zXXIIOb8mSQiBNzOxa3g;5,333333333333333
EUW1_7799548342;2026-03-26T17:43:57Z;1462;420;Jhin;BOTTOM;BOTTOM;1;7;1;9;14206;236;22;21187;14557;12;4;15;xxJULt5TkII3cm8igzqU_a7cabxxUcdOwpw71BZuCFoX0RnQKgD5XuOTKIQrmTnIpIDam0tqwoX00w;16,000000000000000
EUW1_7799548342;2026-03-26T17:43:57Z;1462;420;Poppy;UTILITY;MIDDLE;1;3;4;14;8159;13;70;13260;17167;25;4;12;ibXnL0m1evbVJzKwJl7ldwbuocdH8J4Uc5USPnz5xOdRQwxNDrHo5Vne0jOEgbIRGYK3v1pD5sNrTw;4,250000000000000
EUW1_7799496410;2026-03-26T17:04:32Z;1617;420;Singed;TOP;JUNGLE;0;3;10;7;9836;220;23;23803;32224;9;3;15;21Yk7SkzmV6soRAL9Jz0NSJZjOl0Wfe5I_VwbVx9WHgsmqemruGYgZlNhRL2bqchVcDuAdFlrCYlwA;1,000000000000000
EUW1_7799496410;2026-03-26T17:04:32Z;1617;420;Aatrox;JUNGLE;JUNGLE;0;5;4;6;11685;194;34;22531;35115;8;4;14;MIZwoZzmKTdjAf0I50NWyBlqjhDEShga3yxsyIw6_zGmdVz5WGQTbYXmc8dZfzfQHptuRfVkp3NXFA;2,750000000000000
EUW1_7799496410;2026-03-26T17:04:32Z;1617;420;Ryze;MIDDLE;MIDDLE;0;6;5;5;12173;251;19;20570;29993;12;3;16;Hv_C0Xf3ItxdDQohhLFD3i7aLT-LyUruUGoVfT-A5kqjCAl48RfxJJgxOjDzKnphM5HMI669leqD5g;2,200000000000000
EUW1_7799496410;2026-03-26T17:04:32Z;1617;420;Vayne;BOTTOM;BOTTOM;0;2;9;3;8999;163;12;23453;18136;9;0;13;_pfkO1LTH-yzq0CcHxn4pVD3Su3tDDiCom5fef4772fxP0Xdzdji0u41UhmWoOK7u9HMpPkcgfD8nA;0,555555555555556
EUW1_7799496410;2026-03-26T17:04:32Z;1617;420;Lulu;UTILITY;BOTTOM;0;0;10;8;6359;20;61;6456;18625;35;4;11;E7H0DgRuHgJQHxQ2fUuPDjZMRrRmzl3tktRYca86CgcH7sKtTPNjG_EgCblfayw243e9BkvgPo2pVg;0,800000000000000
EUW1_7799496410;2026-03-26T17:04:32Z;1617;420;Riven;TOP;JUNGLE;1;5;4;14;12291;204;14;17998;20703;5;3;16;tV4zjd_ekJx7eLVfuo2oqG8FeImkpGU547UFCGiOz3k09cSLQrE9oOFfCF15IBMbtL5HugNyWMEg3w;4,750000000000000
EUW1_7799496410;2026-03-26T17:04:32Z;1617;420;DrMundo;JUNGLE;JUNGLE;1;8;0;15;13603;244;31;24312;56236;4;6;17;o9zJxASSqvDoGHy5X9IrS2j8JifYAl1cGQFE-9sfhNPHYwa6pnLsAWeykygftTAHEyRp3rtv3SqhfQ;23,000000000000000
EUW1_7799496410;2026-03-26T17:04:32Z;1617;420;Ahri;MIDDLE;MIDDLE;1;6;5;11;10682;196;20;21766;20034;5;3;15;eedEru7h7XXlufocO97CSCWgLqbE2e_sHu5xlOOFUvkk0NHSTWpLDWKcwBdmx82me--KLMhHEHU40Q;3,400000000000000
EUW1_7799496410;2026-03-26T17:04:32Z;1617;420;Kaisa;BOTTOM;TOP;1;17;3;11;19632;296;39;37152;19299;9;12;16;QOFPo_WCY8tFCJMv_uGFB6pwCziyTwccuTIu9PwM5jjzOP9-6Klo8_dfeixxfVRetujt0DDQaYl1YA;9,333333333333334
EUW1_7799496410;2026-03-26T17:04:32Z;1617;420;Nautilus;UTILITY;BOTTOM;1;2;4;25;9154;26;103;10875;20552;47;9;13;BRLg6A8ZPTWMV0rjk15NJtnA-JzFQGcMmbQrDIHapfE7JvaVVL_N-Nvjd9A5sso_RiR4p8XtC0R_Vg;6,750000000000000
EUW1_7799457758;2026-03-26T16:27:59Z;1872;420;Zaahen;TOP;TOP;0;3;13;2;10564;211;17;14448;45204;7;1;16;HzsYUvvwojjRrA646qNu_yiMccUlaNCcLhwLvrg04ZLkN8-j-42cuBSDV7HhrJA-LU63OE0qQeZp1Q;0,384615384615385
EUW1_7799457758;2026-03-26T16:27:59Z;1872;420;Naafiri;JUNGLE;JUNGLE;0;2;7;8;10867;178;20;13220;24244;2;4;15;9UVp4etZ2T3Ewv7YtN5iWil996x0eFcw-icruUBJwn3lc_3QlGLwYgHmiUYuI1TYa_fJWWaXVQ2vBQ;1,428571428571429
EUW1_7799457758;2026-03-26T16:27:59Z;1872;420;Syndra;MIDDLE;MIDDLE;0;6;6;11;15924;272;26;35674;25803;9;8;18;McSnw8gruMDPUS46D2UCMazzgPCkGzpEtrULu5TC0e7WeV2_DwXHPPNS9AHIt9j6vEHjqQpcbM8Q6w;2,833333333333333
EUW1_7799457758;2026-03-26T16:27:59Z;1872;420;Caitlyn;BOTTOM;MIDDLE;0;17;6;7;20550;259;16;38818;24886;6;5;16;sSVzVj8I7drB2QEu2j3MSSLAPgkXebU8wh5PYMMBu-__XKdrTHScQ_A-F6nH6DYMJtJ3lWnEwpaDiw;4,000000000000000
EUW1_7799457758;2026-03-26T16:27:59Z;1872;420;Karma;UTILITY;BOTTOM;0;1;8;19;9622;34;94;10391;29233;34;12;14;_pfkO1LTH-yzq0CcHxn4pVD3Su3tDDiCom5fef4772fxP0Xdzdji0u41UhmWoOK7u9HMpPkcgfD8nA;2,500000000000000
EUW1_7799457758;2026-03-26T16:27:59Z;1872;420;Cassiopeia;TOP;BOTTOM;1;18;6;3;16743;245;34;43868;40037;15;1;20;MD2R4qeel-bJBBvMfDkt8QhkF1bY1U7RX8CRohHNMw2J3zZUP76p0f8VKpM9IlwGmZzbI0k4Ljx-ig;3,500000000000000
EUW1_7799457758;2026-03-26T16:27:59Z;1872;420;Rengar;JUNGLE;JUNGLE;1;7;9;9;14849;238;28;24168;33882;3;5;17;o9zJxASSqvDoGHy5X9IrS2j8JifYAl1cGQFE-9sfhNPHYwa6pnLsAWeykygftTAHEyRp3rtv3SqhfQ;1,777777777777778
EUW1_7799457758;2026-03-26T16:27:59Z;1872;420;Galio;MIDDLE;TOP;1;2;5;13;11075;211;31;16523;33550;13;2;16;xnbfNgcxZKZYFfQgudZyOII-qk-5gvXy2HjFkfJNygxE182GjYKkSVY8I9bqsROSEl-Ln7QZFqrYpg;3,000000000000000
EUW1_7799457758;2026-03-26T16:27:59Z;1872;420;Ezreal;BOTTOM;JUNGLE;1;12;5;5;18301;278;19;38625;26540;11;1;17;0_FR61z6Gf9h6kiVK7S69Gw8WWh2KrKz1C0B4v5sn-AOFnjxoyLH8mZ2u9VYepDiKe2mIbgxCVKTRg;3,400000000000000
EUW1_7799457758;2026-03-26T16:27:59Z;1872;420;Nautilus;UTILITY;BOTTOM;1;1;4;15;8784;22;117;7699;20959;54;9;14;ZA0lrUrvwiCVzlw-QJtco_16rBRmoXIkM1Tj3KYOBLvySkaiLdAtnSK3iGd-0W3jWwJCwSlvA0WHkg;4,000000000000000
EUW1_7801743046;2026-03-28T12:18:07Z;1627;420;Ambessa;TOP;JUNGLE;0;2;13;6;9321;176;35;13466;35190;13;3;16;rpBEuw2a3u93lUGiz5bJmqiYbqr3q09u2asUKVCgZdlDMPYZQR4UGjl_KAh2D3KLZof3jeM-1ey82w;0,615384615384615
EUW1_7801743046;2026-03-28T12:18:07Z;1627;420;Taliyah;JUNGLE;JUNGLE;0;1;13;8;9610;138;28;23412;28783;11;0;13;IA56XwDSkcCaprAechfUyVQaf0qiy2givu5Ytjg1TFOrhl4v4ILMj2tXwpvWw2JVVs9RcBlpTtRc4w;0,692307692307692
EUW1_7801743046;2026-03-28T12:18:07Z;1627;420;Yasuo;MIDDLE;MIDDLE;0;5;15;0;12124;228;17;21023;33294;9;1;14;hoZmEHfdjNW6ivhiDzD7o8xqpdXGmvkURuPlTi0Qlphq7SxTwsek_6CQciwlAqMg30Ii8QFgFODW0w;0,333333333333333
EUW1_7801743046;2026-03-28T12:18:07Z;1627;420;Aphelios;BOTTOM;BOTTOM;0;9;7;6;15117;231;12;32265;26558;6;4;14;f1lYmkp-0fXi47hOtH9vowNd97Sbwk2NSbE35fVaazRN05X0_wUkPykblZz_HaLHBm4a5_8HH5AApg;2,142857142857143
EUW1_7801743046;2026-03-28T12:18:07Z;1627;420;Nami;UTILITY;BOTTOM;0;2;5;12;8580;24;65;8817;18000;41;4;14;z0yGCNqDhKmpVsj6B5zKE0CWaextYzECaD2llYb5IbnZnNzKwb0dL0Zr6Pet3XGYGWXdjfr2zX5Bvg;2,800000000000000
EUW1_7801743046;2026-03-28T12:18:07Z;1627;420;Akali;TOP;JUNGLE;1;11;6;7;11324;173;17;26931;27946;5;1;17;8s527GUiTrm4V8lLZxtw9GJjsMUdnW8jEhzV1M9XeepM6m1WqA0FhOrllKSsxGZShkz9RtsfXPAsoQ;3,000000000000000
EUW1_7801743046;2026-03-28T12:18:07Z;1627;420;RekSai;JUNGLE;JUNGLE;1;10;3;10;13468;200;23;19470;35048;0;7;17;Xt-WHac0ZbWl29gNSyBilibRwUmeLzIgmdH8hihVILccRaeTp9JQJUbEu6BHZGpsTTgOax9Up2O1oQ;6,666666666666667
EUW1_7801743046;2026-03-28T12:18:07Z;1627;420;Aurora;MIDDLE;TOP;1;20;1;10;17472;257;15;40682;24765;5;0;18;V9vtps5VS68bvho-Q8O7rhZOCl8SPoFxxAJNQ3T6xq6F-Iq_SLG_FbAe6kPDTOtu-QuCcbw2DxldrQ;30,000000000000000
EUW1_7801743046;2026-03-28T12:18:07Z;1627;420;Draven;BOTTOM;BOTTOM;1;9;6;4;15121;208;19;23340;22127;8;5;14;zfivCaPca6BzpByvM3goXf1i1NAEvCoUl6EjojxuXGR-LXE-ZoIDgqUyHx22-RUJiJqSagMSndZ7dw;2,166666666666667
EUW1_7801743046;2026-03-28T12:18:07Z;1627;420;Karma;UTILITY;BOTTOM;1;3;3;21;9792;40;102;15313;19831;45;9;14;c6uFLtKf1H5_IYmWK5GWDfmZBDkgiNm26m29Lrg7-2aytwe2iRZT7GPLd36J0le0aIergkfRT59YZQ;8,000000000000000
EUW1_7800958523;2026-03-27T19:41:47Z;912;420;Anivia;TOP;NONE;1;2;1;0;5880;140;13;9789;10643;5;2;12;YlrBTL1ihxTypTV8CwwopWMGgvCPBNZ9G8B4z52XFkClBDvLD3F9BUJj3-ctemhdYYiN2kE_C79dQg;2,000000000000000
EUW1_7800958523;2026-03-27T19:41:47Z;912;420;Zyra;JUNGLE;NONE;1;1;0;6;5761;124;15;4876;5088;2;2;11;MgigN3SivlW8gaMjF93IfOe8nlXktSWaDG1SgDyIMGPUZLsqbgd6s7iz4GYsNl5PcgjVWhaCz8knPg;7,000000000000000
EUW1_7800958523;2026-03-27T19:41:47Z;912;420;Yasuo;MIDDLE;NONE;1;2;0;5;6391;146;7;7588;8162;4;1;11;-3rIqLW9jmeDbSugBEH7SM93OlrP-4LigprV7clN5wDGpS0wWJ_E5m1BQUz1w1C02nN3EfLh-CUiyw;7,000000000000000
EUW1_7800958523;2026-03-27T19:41:47Z;912;420;Yunara;BOTTOM;NONE;1;3;0;3;7695;139;17;8980;4986;7;3;10;QoY2p9TXW0MqJyJDSlr7pO3vsvNx3WLMoeQa5RsEDtv8GXTWuRg8Hzf4snmRKKHVQLSx5NvWM0Yovg;6,000000000000000
EUW1_7800958523;2026-03-27T19:41:47Z;912;420;Nautilus;UTILITY;NONE;1;5;1;5;5292;14;35;7189;8732;19;0;8;BRLg6A8ZPTWMV0rjk15NJtnA-JzFQGcMmbQrDIHapfE7JvaVVL_N-Nvjd9A5sso_RiR4p8XtC0R_Vg;10,000000000000000
EUW1_7800958523;2026-03-27T19:41:47Z;912;420;Ambessa;TOP;NONE;0;1;2;0;5651;123;14;7222;11821;7;0;11;7g2kieMkZYXIe8UowLUOjU6Cw6hCRcblcySnDFyQwHeIctXSEMofr-OMXy4gkPCvZoRts9f35NeGPA;0,500000000000000
EUW1_7800958523;2026-03-27T19:41:47Z;912;420;Graves;JUNGLE;NONE;0;1;2;0;5102;102;11;5741;8628;4;2;9;rpBEuw2a3u93lUGiz5bJmqiYbqr3q09u2asUKVCgZdlDMPYZQR4UGjl_KAh2D3KLZof3jeM-1ey82w;0,500000000000000
EUW1_7800958523;2026-03-27T19:41:47Z;912;420;Syndra;MIDDLE;NONE;0;0;2;0;5049;136;6;4610;6398;5;0;10;rQvkl6wfB6FAZBJc7ahWJZYJ2gO8iB87oi5VlaZIgYcj9RqD_wDZVpQDDXKQDwKJtn_eU4jr6ntoHg;0,000000000000000
EUW1_7800958523;2026-03-27T19:41:47Z;912;420;Varus;BOTTOM;NONE;0;0;5;1;5163;115;9;5296;10491;5;1;9;JhYyE2uqyQKDTZepUhARFwbNU8J9JBsDLETvmOyu8GKb1HVtRy1V1mkcsgt36Mmp1-CEc0cNHe1yNw;0,200000000000000
EUW1_7800958523;2026-03-27T19:41:47Z;912;420;Bard;UTILITY;NONE;0;0;2;1;3225;18;29;2358;7957;16;2;7;7sM6cYtXv92K35qt6ufMR4vP29fbl3RKIw0uqXICES9OQVB1W6f-TfadpWRQ8FEZJVJmmZ3YLxexAw;0,500000000000000
EUW1_7800850805;2026-03-27T18:24:22Z;913;420;Riven;TOP;NONE;1;3;0;1;6703;143;6;9440;9919;4;0;13;tV4zjd_ekJx7eLVfuo2oqG8FeImkpGU547UFCGiOz3k09cSLQrE9oOFfCF15IBMbtL5HugNyWMEg3w;4,000000000000000
EUW1_7800850805;2026-03-27T18:24:22Z;913;420;Naafiri;JUNGLE;NONE;1;6;0;5;8296;147;10;8319;9622;3;0;12;pqGJQ-f-B7r4MIBksDukwUaYUH5YmTyYJY6LyeimTjEaRa_dA9keDdqrHHuZhBsV0gqn8_F4re8JWA;11,000000000000000
EUW1_7800850805;2026-03-27T18:24:22Z;913;420;Aurora;MIDDLE;NONE;1;1;1;5;6193;132;9;9750;7688;4;2;11;h0ZgN7Q07PG94uO-_E9CgUeMTIjoTUXkwcUK7vyOxcWdO90fMW-rnGQq7jb_DAyl5oT-Df3rc9OHRg;6,000000000000000
EUW1_7800850805;2026-03-27T18:24:22Z;913;420;Ezreal;BOTTOM;NONE;1;2;2;5;6970;118;7;9844;10898;6;0;10;TR05oZrWL3_VOUVG4yYAOkfe8JGhHsOVLDp8xo4M2bgcOOsSZdH6paGgB1v3bwJ7CxoSDfcphJF2HQ;3,500000000000000
EUW1_7800850805;2026-03-27T18:24:22Z;913;420;Pantheon;UTILITY;NONE;1;11;2;5;7920;24;40;15782;11343;14;6;9;rpBEuw2a3u93lUGiz5bJmqiYbqr3q09u2asUKVCgZdlDMPYZQR4UGjl_KAh2D3KLZof3jeM-1ey82w;8,000000000000000
EUW1_7800850805;2026-03-27T18:24:22Z;913;420;Ambessa;TOP;NONE;0;0;4;0;4375;106;10;8155;11739;5;0;10;U80n6CFCxC5-74b5tcc_56g6S8E303J3h8Lcm_LcDFvl6nH5m4xy57XFxGSRQaJ_csp50TLnos1Gpg;0,000000000000000
EUW1_7800850805;2026-03-27T18:24:22Z;913;420;Vi;JUNGLE;NONE;0;0;5;1;4522;83;8;4624;14534;2;1;9;G8Ce1kwpFnIkimQ2tPowC6tPYmaZh9qSBTA4s7A4VWjdUUKXmCuxRtcuqSoK0feBer-o2rQGpMD1WA;0,200000000000000
EUW1_7800850805;2026-03-27T18:24:22Z;913;420;AurelionSol;MIDDLE;NONE;0;1;5;1;4746;95;6;6372;12257;4;1;10;JO9gAOUEK6kn5SwEoVePWJV7bqzpqxf4y0X0bM1XJJiSyN99q_OETKZJqVryCR5iQRKAAeBMXoFV9A;0,400000000000000
EUW1_7800850805;2026-03-27T18:24:22Z;913;420;Zyra;BOTTOM;NONE;0;1;5;1;5302;98;5;10699;10099;3;0;9;LacE6siVGpPTounLQmF2xNLgpRg08K5wpW6O7vdMXhr-ISk8oxToWhC6XFrsNCV8KuQb1vmyCdi6Ew;0,400000000000000
EUW1_7800850805;2026-03-27T18:24:22Z;913;420;Neeko;UTILITY;NONE;0;3;4;0;5110;20;21;8576;11861;16;0;7;xu_a_pDf-bjxbRHrbvGClZY187fAftj4rDgZRY8ZWk260BlZsBxBUPqxllEvGgcWLMqKyK3XWkznTg;0,750000000000000
EUW1_7800101448;2026-03-27T00:22:55Z;1171;420;Gnar;TOP;NONE;0;2;3;0;8356;190;16;13783;17995;7;0;13;6xm7DgM4Rgqw_opKWbM5xF5KU0Jk4svq76MWzcLAri6enJOAM2phOmjvPMDagxd_jZPkpG5Vby_F0Q;0,666666666666667
EUW1_7800101448;2026-03-27T00:22:55Z;1171;420;Hecarim;JUNGLE;NONE;0;1;3;1;7093;143;20;5601;16347;8;1;12;uu_QvEiZSV_KJpZIrcB0VIQ8gZgkDIt0ujavcwj4jPqJEbhvP0cIZzrzVpPYEkIKERGHImsaXD93fQ;0,666666666666667
EUW1_7800101448;2026-03-27T00:22:55Z;1171;420;Ahri;MIDDLE;NONE;0;1;9;2;6324;130;12;14082;20222;5;2;11;TJ5v0-coTtu-txApmEKzAxxh7eqPFBppMs8ijvCEli5QKPyChY3Q0L9pi_u-o1I-q9Cr8aQJZ2Gmhw;0,333333333333333
EUW1_7800101448;2026-03-27T00:22:55Z;1171;420;Yunara;BOTTOM;NONE;0;2;5;1;8242;159;12;11464;14060;5;3;11;4Aa_Isq9-3T4FIhluvZOnVwl5a8Zj_FXHfjft2XKVNzItlo_XIuCaUl8Y_7YZRmYophGluj5lgrU3w;0,600000000000000
EUW1_7800101448;2026-03-27T00:22:55Z;1171;420;Karma;UTILITY;NONE;0;1;5;5;5560;21;44;8907;13165;20;2;9;7GsxNMvx55EWnCShnJr3b0AQYCqGM_YDiVnTSdFPMciKsG46j4uukIYcHdmroAuQKmir2Y6WOmUxqA;1,200000000000000
EUW1_7800101448;2026-03-27T00:22:55Z;1171;420;KSante;TOP;NONE;1;2;0;3;8069;199;11;10459;16983;7;0;14;Y5BNmw3ShwKyZ37ANjyNH3zqHaS_c77HnqmIWn0CavQxbtmXfx-bz0Vf0LOcMEXFDyexdZVgMhAlrw;5,000000000000000
EUW1_7800101448;2026-03-27T00:22:55Z;1171;420;Taliyah;JUNGLE;NONE;1;11;0;7;13040;179;15;25443;11809;3;1;14;MSy--mSnriknkglwoI4t-bDGV0SptxROPWIAWaAJf9k8qNvLvtEt90n9vr98Q1jAYq8cn0wP1YIRXA;18,000000000000000
EUW1_7800101448;2026-03-27T00:22:55Z;1171;420;Irelia;MIDDLE;NONE;1;7;4;4;11993;187;9;15279;22654;5;0;14;f0SZO5GGeTmC5f8E4R4dbjz0iUpe2pwjYFOginaf5zVGmIwFS3z3G34mvft908cmVxVQfcniZiRTkw;2,750000000000000
EUW1_7800101448;2026-03-27T00:22:55Z;1171;420;Aphelios;BOTTOM;NONE;1;4;1;1;9391;180;10;8642;9850;5;3;12;8rrdPqhfDH63AECZr21ZaJDhXEx7hWVorVgIKuedkpKqLj82MmtuTi2dF9RI_1pgOILnJWR9mfAeKw;5,000000000000000
EUW1_7800101448;2026-03-27T00:22:55Z;1171;420;Alistar;UTILITY;NONE;1;1;2;16;6878;12;57;4840;13773;20;4;10;nV9IeDOSz_sYwfJ5C-CbUfjvHiD-6XXg0v-yVSy2TGL1JLjEOGWUcEbEsXIOwOtjaFG2CYqwCu2wJA;8,500000000000000
EUW1_7800076067;2026-03-26T23:46:22Z;1706;420;Ornn;TOP;JUNGLE;0;2;9;11;9568;190;25;21962;44593;10;0;16;Y5BNmw3ShwKyZ37ANjyNH3zqHaS_c77HnqmIWn0CavQxbtmXfx-bz0Vf0LOcMEXFDyexdZVgMhAlrw;1,444444444444444
EUW1_7800076067;2026-03-26T23:46:22Z;1706;420;JarvanIV;JUNGLE;JUNGLE;0;10;11;15;13542;166;32;29335;35685;7;4;15;mvWFO_h11_FeeVo2AxgGVcv-OB_qSR5qchK-gCyQfc_dDmDj6-COalVxNCTSjOXBDHy0TnYHeBgA6g;2,272727272727273
EUW1_7800076067;2026-03-26T23:46:22Z;1706;420;Tristana;MIDDLE;MIDDLE;0;8;7;8;15425;278;28;31274;31316;12;7;17;DwLqK8rlvrGnJ8qly7WL3kbNQpfOpKfkSt3-eBIaZB41AoC2gLjdYwIekv2IaTvNv0OKq2TxUHdLRQ;2,285714285714286
EUW1_7800076067;2026-03-26T23:46:22Z;1706;420;AurelionSol;BOTTOM;BOTTOM;0;9;15;9;13011;174;25;20255;28102;11;2;15;Aqcvhj-4edah_SBOfcd1ciBCC2kokdNLXXXU_NUmx2-MrQmQh77OL1xg2ChopcdoME9nvbeSPEkgPg;1,200000000000000
EUW1_7800076067;2026-03-26T23:46:22Z;1706;420;Nautilus;UTILITY;BOTTOM;0;5;10;13;9381;43;89;13606;33601;35;11;13;Y_y_8LDSJQpFNrW2yfnPSi9dYYEsOCnmixxeC7HCAM5LeVwAMa0qz8cojDPN1_JwFGdjgVQQBCdz-Q;1,800000000000000
EUW1_7800076067;2026-03-26T23:46:22Z;1706;420;Gwen;TOP;JUNGLE;1;9;5;8;13993;204;26;34912;36610;11;2;17;UgGjT27-Ca7RlkQh3ZlgJJMuchwjRffStyWLbFUwx7OSZ35t723CXDXnWjaLuCytN-iFdLIvpiTFng;3,400000000000000
EUW1_7800076067;2026-03-26T23:46:22Z;1706;420;Ambessa;JUNGLE;JUNGLE;1;9;8;15;15505;189;39;33809;32625;3;7;16;MSy--mSnriknkglwoI4t-bDGV0SptxROPWIAWaAJf9k8qNvLvtEt90n9vr98Q1jAYq8cn0wP1YIRXA;3,000000000000000
EUW1_7800076067;2026-03-26T23:46:22Z;1706;420;Yone;MIDDLE;TOP;1;4;3;12;13870;259;24;27833;32884;12;5;18;1pCsY3Ix5ln3--oCCImsPW2CGMYaPyggxkRkgfwsQ_Ij2szlfObWRoirCCnxG434551Q-KooROh_og;5,333333333333333
EUW1_7800076067;2026-03-26T23:46:22Z;1706;420;Mel;BOTTOM;BOTTOM;1;21;8;12;19110;226;21;43158;24330;11;3;17;8rrdPqhfDH63AECZr21ZaJDhXEx7hWVorVgIKuedkpKqLj82MmtuTi2dF9RI_1pgOILnJWR9mfAeKw;4,125000000000000
EUW1_7800076067;2026-03-26T23:46:22Z;1706;420;Pyke;UTILITY;BOTTOM;1;9;10;12;11297;22;103;12738;23079;49;9;13;MD2R4qeel-bJBBvMfDkt8QhkF1bY1U7RX8CRohHNMw2J3zZUP76p0f8VKpM9IlwGmZzbI0k4Ljx-ig;2,100000000000000
EUW1_7800035801;2026-03-26T23:04:28Z;1926;420;KSante;TOP;JUNGLE;0;1;8;5;10471;241;30;18335;42316;15;1;17;apYk4I-wNdDtuCxcPvkgP4XKe_vNB1CRs-USOJ3zUckrvd7cuNXbiiFy8BaNrc50kYgGuBLvB4D3nQ;0,750000000000000
EUW1_7800035801;2026-03-26T23:04:28Z;1926;420;Ambessa;JUNGLE;JUNGLE;0;3;4;5;14188;250;36;17616;33954;4;8;16;BkNCswTZAISciX-PHH7zQpxMyYfniWbFwlTlMo_tNZFc9d-ISA5hIdSh0o-gFa6DUeftLqzRvrqQiw;2,000000000000000
EUW1_7800035801;2026-03-26T23:04:28Z;1926;420;Hwei;MIDDLE;TOP;0;11;5;2;14642;277;40;44656;20219;14;5;17;DwLqK8rlvrGnJ8qly7WL3kbNQpfOpKfkSt3-eBIaZB41AoC2gLjdYwIekv2IaTvNv0OKq2TxUHdLRQ;2,600000000000000
EUW1_7800035801;2026-03-26T23:04:28Z;1926;420;Ashe;BOTTOM;BOTTOM;0;1;5;4;13857;315;48;25644;20020;11;14;15;_N1luLek8-n0EhIFB8qkPcrGX5js1kunTtKXoOhTtia4SPgWG0e92Uj_kcYJWnax0Nvr0MAdqPFang;1,000000000000000
EUW1_7800035801;2026-03-26T23:04:28Z;1926;420;Lulu;UTILITY;BOTTOM;0;1;3;3;7909;45;93;5146;15297;35;12;13;T_bfv5t9l93wZ0Dmj8hphSNcQiDHTzt_XUqjUsnzrymRPxmj0iHeTZWTG1eQ-qgfSUpURuqwxRy_iA;1,333333333333333
EUW1_7800035801;2026-03-26T23:04:28Z;1926;420;Gnar;TOP;JUNGLE;1;5;2;4;15171;311;32;31038;34881;13;2;20;UgGjT27-Ca7RlkQh3ZlgJJMuchwjRffStyWLbFUwx7OSZ35t723CXDXnWjaLuCytN-iFdLIvpiTFng;4,500000000000000
EUW1_7800035801;2026-03-26T23:04:28Z;1926;420;Brand;JUNGLE;JUNGLE;1;0;4;7;11255;225;27;10506;22891;13;4;17;wpRR9TgBKISHYD1fnKinuW165pEtVGQD9YR8ocR1xPqG_LdAWYkHANVKvinLiydHUH8nbHTiq7_Nrw;1,750000000000000
EUW1_7800035801;2026-03-26T23:04:28Z;1926;420;Nunu;MIDDLE;MIDDLE;1;1;8;11;8943;123;13;13947;41024;0;3;15;AQ7OHKjnSPT7wnawkGuQCqeudeeRmgzmBZN2YqQlKJoChQ2xiw0QPeh9jKKWp51_ZD7tjkCGdX1kGQ;1,500000000000000
EUW1_7800035801;2026-03-26T23:04:28Z;1926;420;Yunara;BOTTOM;BOTTOM;1;17;2;4;24175;354;28;44592;24052;13;7;18;8rrdPqhfDH63AECZr21ZaJDhXEx7hWVorVgIKuedkpKqLj82MmtuTi2dF9RI_1pgOILnJWR9mfAeKw;10,500000000000000
EUW1_7800035801;2026-03-26T23:04:28Z;1926;420;Seraphine;UTILITY;BOTTOM;1;2;1;16;9470;30;121;7442;19187;52;14;15;AxP7Y0jb_J2y_Y5J5EFuzUi2wDuvLFiYC8cOMF-tnUHWhda4qC0UWgLWEIFIHCLmbaPgj8zPaZNUgw;18,000000000000000
EUW1_7799923081;2026-03-26T21:44:21Z;1763;420;Yasuo;TOP;JUNGLE;0;7;8;3;13288;242;20;27659;26368;9;3;17;vvyBDUI5oQTAY9M6GqiX26BlgwyOp6lAZ_Etdyl3Zw5_vPL2fpJQ164ewv4VnWh9NVGLXlpwd9IGxw;1,250000000000000
EUW1_7799923081;2026-03-26T21:44:21Z;1763;420;Pantheon;JUNGLE;JUNGLE;0;6;2;7;12849;215;40;18528;32407;11;9;16;MIZwoZzmKTdjAf0I50NWyBlqjhDEShga3yxsyIw6_zGmdVz5WGQTbYXmc8dZfzfQHptuRfVkp3NXFA;6,500000000000000
EUW1_7799923081;2026-03-26T21:44:21Z;1763;420;Aurora;MIDDLE;MIDDLE;0;5;5;6;11753;253;28;21634;25791;8;2;16;Hv_C0Xf3ItxdDQohhLFD3i7aLT-LyUruUGoVfT-A5kqjCAl48RfxJJgxOjDzKnphM5HMI669leqD5g;2,200000000000000
EUW1_7799923081;2026-03-26T21:44:21Z;1763;420;Ashe;BOTTOM;BOTTOM;0;1;10;7;11378;212;33;16437;25511;9;7;14;UyzgWysJoS5IIn6v5EBYDW4b5nbAGpS1xyIispRC9l0AKFfQcwIEFMLx4ARDJ6hj0jaPVl8i2OFjQQ;0,800000000000000
EUW1_7799923081;2026-03-26T21:44:21Z;1763;420;Rell;UTILITY;BOTTOM;0;1;5;10;7669;26;110;6889;19341;50;12;12;1pCsY3Ix5ln3--oCCImsPW2CGMYaPyggxkRkgfwsQ_Ij2szlfObWRoirCCnxG434551Q-KooROh_og;2,200000000000000
EUW1_7799923081;2026-03-26T21:44:21Z;1763;420;Yone;TOP;TOP;1;8;6;6;14460;265;23;23494;33504;12;1;19;6xm7DgM4Rgqw_opKWbM5xF5KU0Jk4svq76MWzcLAri6enJOAM2phOmjvPMDagxd_jZPkpG5Vby_F0Q;2,333333333333333
EUW1_7799923081;2026-03-26T21:44:21Z;1763;420;Nocturne;JUNGLE;JUNGLE;1;1;2;12;13730;243;41;12167;33817;7;9;18;Q0bHa1GD2cmM_DnYvwzaY0UOi7C_75uPuDgg3y3JO3GKXoN-hOCHx34TffrZ4VQnW9go-FiHHUryrw;6,500000000000000
EUW1_7799923081;2026-03-26T21:44:21Z;1763;420;Xerath;MIDDLE;MIDDLE;1;9;2;7;15521;244;18;26173;12560;10;3;17;_RxOqBcpolK8nMcAtlUZidPXkmW5y8F41jSXOgI41aTF4NLE4dOCZKo28DFCd4pWxDLuQvfd8CBJlw;8,000000000000000
EUW1_7799923081;2026-03-26T21:44:21Z;1763;420;Ziggs;BOTTOM;BOTTOM;1;10;3;10;17386;274;22;33997;18956;14;1;16;8rrdPqhfDH63AECZr21ZaJDhXEx7hWVorVgIKuedkpKqLj82MmtuTi2dF9RI_1pgOILnJWR9mfAeKw;6,666666666666667
EUW1_7799923081;2026-03-26T21:44:21Z;1763;420;Nautilus;UTILITY;TOP;1;2;7;12;9132;37;108;7776;28832;34;14;13;3uzj5OcP70nrFowta5y54eT-1ebp0FBQZWU3S-8fM-TN0MjgPIZbh3698DnD5k4ljJFD34XRFn3_rg;2,000000000000000
EUW1_7799805071;2026-03-26T20:32:01Z;910;420;Chogath;TOP;NONE;0;3;5;0;5780;91;9;7147;12380;5;0;11;DHaGeYubInVA8o-7DFVOYR7mGkBsgGyE5SVhSoq_fXAhiLcXO3sZpmoLgP1b28rydHANTtVFz8-iBg;0,600000000000000
EUW1_7799805071;2026-03-26T20:32:01Z;910;420;Lillia;JUNGLE;NONE;0;3;4;1;6524;97;11;5807;13712;5;1;9;aGCYjGSKJiSOKlftC0B47QMyaBkvlu_RDmfFL1jp3todgycNLir31a_YfkpX63ikxnb130gJdqNlvw;1,000000000000000
EUW1_7799805071;2026-03-26T20:32:01Z;910;420;Camille;MIDDLE;NONE;0;1;4;3;4462;75;11;5386;15103;5;2;9;fb3LWVJ7NWbn8d-gKITBjs9WxGzXx5uehnDskuiUjaHDp5tesg36nKHNVxYXLfa9QsvY_LOlP3F5PA;1,000000000000000
EUW1_7799805071;2026-03-26T20:32:01Z;910;420;Xayah;BOTTOM;NONE;0;1;7;1;4083;76;5;6621;12540;4;0;8;WolU3HQhwUBWPt_yeJtfthXAC9rvUD5AeCCxriwaDyYdsnz4WAiVjFIF8cS1lLkauBwk7syq-iBf-A;0,285714285714286
EUW1_7799805071;2026-03-26T20:32:01Z;910;420;Rakan;UTILITY;NONE;0;0;6;2;4116;23;23;2363;11827;7;4;7;ycmCzMObfbXxeB6qMAYgDmFWchFROAKOqkXgCFj5J6kBB0ttXX2UUjxwbG7ufVQ5bKACQvImde47kQ;0,333333333333333
EUW1_7799805071;2026-03-26T20:32:01Z;910;420;Pantheon;TOP;NONE;1;5;2;1;6451;120;14;9130;9084;5;1;12;Dhds541lT8NOCiMnhN5X7xWA0LzkYQ8ZsiyARi48q9eEwqtdg47dmGtjxtBixqn9CTZGzlXihHQeSA;3,000000000000000
EUW1_7799805071;2026-03-26T20:32:01Z;910;420;Viego;JUNGLE;NONE;1;13;2;3;9533;135;9;13214;10961;2;0;12;Y_y_8LDSJQpFNrW2yfnPSi9dYYEsOCnmixxeC7HCAM5LeVwAMa0qz8cojDPN1_JwFGdjgVQQBCdz-Q;8,000000000000000
EUW1_7799805071;2026-03-26T20:32:01Z;910;420;Azir;MIDDLE;NONE;1;2;2;4;6864;140;13;16131;7848;8;0;10;Xnjlc495Byey9QDzdON22FjjXRB3Td9qHTFJlAk8umxNpsg62uBsV7Fw9KDnx44tfH_61QBxxNZx2Q;3,000000000000000
EUW1_7799805071;2026-03-26T20:32:01Z;910;420;Yunara;BOTTOM;NONE;1;5;1;6;9168;152;10;16038;11426;7;0;11;8rrdPqhfDH63AECZr21ZaJDhXEx7hWVorVgIKuedkpKqLj82MmtuTi2dF9RI_1pgOILnJWR9mfAeKw;11,000000000000000
EUW1_7799805071;2026-03-26T20:32:01Z;910;420;Braum;UTILITY;NONE;1;1;1;10;4627;11;30;3622;7911;16;1;8;t84LYvsWsdTBFQxrzCxmFihgt5-QtZ29dZyUzy082SBPFjLAdhgcdtVNnYQijq5XnvHM5yvAJC24gw;11,000000000000000
EUW1_7799751249;2026-03-26T20:00:43Z;1267;420;Yorick;TOP;JUNGLE;0;1;6;4;8433;165;20;12478;23191;8;1;13;TgzGfu_Fi2ZXcQ7SCiGPpzw8Ch3M_mwWcntOQUAqN_np0QeSCWgT84-10VlDV97eqy5E0vAIz8lTow;0,833333333333333
EUW1_7799751249;2026-03-26T20:00:43Z;1267;420;Shyvana;JUNGLE;JUNGLE;0;3;5;2;8455;145;19;13419;19273;2;5;12;uhT1SCc8Pm0Omi1DDB084Q9hpcbbvNx-6Cy5DZmOu2LpjbHEJWLluyj97_nzNrVfi11PKTkKCjhPKQ;1,000000000000000
EUW1_7799751249;2026-03-26T20:00:43Z;1267;420;Mel;MIDDLE;MIDDLE;0;2;6;1;7629;180;18;11241;13640;7;3;12;wxTYx31KicRQyhsBuas3xa4_Kan-qSn_DQSUJliJmNOvkXwX4re9fzbJL2Z3Ip4i49vaeTusOFR9Xw;0,500000000000000
EUW1_7799751249;2026-03-26T20:00:43Z;1267;420;Senna;BOTTOM;BOTTOM;0;5;4;4;9371;155;8;14066;13917;5;0;12;8rrdPqhfDH63AECZr21ZaJDhXEx7hWVorVgIKuedkpKqLj82MmtuTi2dF9RI_1pgOILnJWR9mfAeKw;2,250000000000000
EUW1_7799751249;2026-03-26T20:00:43Z;1267;420;Karma;UTILITY;BOTTOM;0;1;4;8;5917;31;56;13704;12607;24;5;9;kuzG7qx72NM6S_2AgXc_LVPC0uSRnGQ6zJazVgGBcNW0BfwqzyJtW2kRm8e6Qg3fqo8zEhtpepwRaA;2,250000000000000
EUW1_7799751249;2026-03-26T20:00:43Z;1267;420;Singed;TOP;JUNGLE;1;8;2;7;10377;166;16;26386;21290;8;1;14;21Yk7SkzmV6soRAL9Jz0NSJZjOl0Wfe5I_VwbVx9WHgsmqemruGYgZlNhRL2bqchVcDuAdFlrCYlwA;7,500000000000000
EUW1_7799751249;2026-03-26T20:00:43Z;1267;420;DrMundo;JUNGLE;JUNGLE;1;8;1;5;11422;195;19;9945;20507;3;4;14;k1e-OjeuDd3M2qcGsFZlCYjlivqDXxii8U4Qje3Cez22kyoS494YAKJynPWrOR-v79NgTsZnHrc4UA;13,000000000000000
EUW1_7799751249;2026-03-26T20:00:43Z;1267;420;Anivia;MIDDLE;TOP;1;6;1;5;9350;176;21;13005;14229;10;0;13;eHs6uB17TOdVDOe3xeXzBYeGSocY4v0m9tyQkozW8saQezAUz1ie-nHl7zdkQfbhQXwubzJIvcbaWA;11,000000000000000
EUW1_7799751249;2026-03-26T20:00:43Z;1267;420;Ashe;BOTTOM;BOTTOM;1;3;4;9;9797;192;16;13995;15934;4;3;13;RrCKFHGpDKltZrWn68AUtUdYQXYOE0-40p7g_k9kaaONKYpblGy6fVK1cfyibddd_Jbwwhs97nJlRA;3,000000000000000
EUW1_7799751249;2026-03-26T20:00:43Z;1267;420;Seraphine;UTILITY;BOTTOM;1;0;4;11;6284;27;51;6118;11926;27;3;10;yZj6ZlhHVtsd8pYZInMFZuNO_3m2YoxxRi7bOSHWE2v8fHRMktNkMzeSTKId070uOlaCaS4WeoE13g;2,750000000000000
EUW1_7798824350;2026-03-25T22:19:10Z;2126;420;Jayce;TOP;JUNGLE;1;11;7;12;16947;306;37;48115;32892;16;5;20;vNum6S-UGD8dP0NSWva9A_Chh928codBcY3eUCy2CuE8FLGkw69ZWjZ2cRB1XK8PSJsaHcFMPuf4Ow;3,285714285714286
EUW1_7798824350;2026-03-25T22:19:10Z;2126;420;Lillia;JUNGLE;JUNGLE;1;13;2;17;21013;279;30;48318;50477;6;2;18;dbYHROKukWY3q4-cbbIH8fkL6a4Vy9rcw2RR8VbVn5plhl7GvUgZocq-PlbjkDWXtx7zwH8FzFLSfQ;15,000000000000000
EUW1_7798824350;2026-03-25T22:19:10Z;2126;420;Yone;MIDDLE;MIDDLE;1;7;5;12;16243;282;28;27037;40996;5;4;18;DyGz9de9kQiBlP8XIZuannbphrbby2NADFlUyrnWbuXDjzVrOcNd6T9oUmjWswnXxmiaGiXaGJDzOg;3,800000000000000
EUW1_7798824350;2026-03-25T22:19:10Z;2126;420;Kaisa;BOTTOM;BOTTOM;1;11;11;8;17696;266;20;41046;34788;10;3;18;RrCKFHGpDKltZrWn68AUtUdYQXYOE0-40p7g_k9kaaONKYpblGy6fVK1cfyibddd_Jbwwhs97nJlRA;1,727272727272727
EUW1_7798824350;2026-03-25T22:19:10Z;2126;420;Leona;UTILITY;BOTTOM;1;1;8;27;11142;22;119;15489;36258;54;12;16;TvSHN5uET_wmdgsWK6O7CY54wnpBSxl_IKJ8Yx0eT_ht_4Chrdz-vAIqMfATCweLre5LgTtTaeGlJw;3,500000000000000
EUW1_7798824350;2026-03-25T22:19:10Z;2126;420;Rumble;TOP;JUNGLE;0;5;10;4;13675;277;33;30128;43206;13;3;18;UgGjT27-Ca7RlkQh3ZlgJJMuchwjRffStyWLbFUwx7OSZ35t723CXDXnWjaLuCytN-iFdLIvpiTFng;0,900000000000000
EUW1_7798824350;2026-03-25T22:19:10Z;2126;420;Aatrox;JUNGLE;JUNGLE;0;7;6;12;15370;260;40;28660;56246;16;4;18;PAuM2xy5QdwMBagLwC-Eweu_K7HNRtJPWo3YLF7j-yHgTaIud9-PeNYm4_iLZxUlQG85iXy0uBjYEw;3,166666666666667
EUW1_7798824350;2026-03-25T22:19:10Z;2126;420;Orianna;MIDDLE;MIDDLE;0;10;8;8;17334;290;24;40768;33320;12;4;18;_RxOqBcpolK8nMcAtlUZidPXkmW5y8F41jSXOgI41aTF4NLE4dOCZKo28DFCd4pWxDLuQvfd8CBJlw;2,250000000000000
EUW1_7798824350;2026-03-25T22:19:10Z;2126;420;Zeri;BOTTOM;BOTTOM;0;9;8;10;20898;359;38;39324;40806;11;8;17;8rrdPqhfDH63AECZr21ZaJDhXEx7hWVorVgIKuedkpKqLj82MmtuTi2dF9RI_1pgOILnJWR9mfAeKw;2,375000000000000
EUW1_7798824350;2026-03-25T22:19:10Z;2126;420;Soraka;UTILITY;BOTTOM;0;1;11;22;10665;34;135;10453;32023;48;14;15;Cn7HyLY6lfnO4gAL3Q5UVR6YRRfT2D-Y6VzUa64aj9QsDXtRqbSKhrugUXAVsfpN3wUPMMlJp4usgQ;2,090909090909091
EUW1_7801644379;2026-03-28T10:38:25Z;1594;420;Camille;TOP;JUNGLE;1;10;4;10;13900;214;24;32221;35689;9;3;17;YJtXw37qxtAYQih1cD3x2US-j7sxugaoJzGEgrIfQY2fDdUHuu_C1o3-O17FFRIotuplqcTMk0kQXw;5,000000000000000
EUW1_7801644379;2026-03-28T10:38:25Z;1594;420;DrMundo;JUNGLE;JUNGLE;1;10;5;11;13797;201;42;24443;46716;5;11;15;lTTdW0rLfx2QDmUePmhnnTAcX_UgpIz66gTTMB-mNdiZv_3qyCdxkdMcPRnuZ4ri--LfLByKwBiEuQ;4,200000000000000
EUW1_7801644379;2026-03-28T10:38:25Z;1594;420;Xerath;MIDDLE;MIDDLE;1;2;5;15;9365;170;24;20142;16927;15;1;14;-0n3LgYVzGpBSV2wvy8qAlyj6MHJQkc_rySNGtuQflw2dJOUk9d9xwPGObGss87-t918h5_zwoS0ag;3,400000000000000
EUW1_7801644379;2026-03-28T10:38:25Z;1594;420;Jhin;BOTTOM;BOTTOM;1;12;6;12;15404;208;13;18915;17894;8;2;14;xxJULt5TkII3cm8igzqU_a7cabxxUcdOwpw71BZuCFoX0RnQKgD5XuOTKIQrmTnIpIDam0tqwoX00w;4,000000000000000
EUW1_7801644379;2026-03-28T10:38:25Z;1594;420;Rell;UTILITY;BOTTOM;1;3;8;26;8990;22;93;9652;26749;40;11;12;hfsq-urWOVpW2Hgezu1YXoIcamHuE3KFKB8Ml0F-13JdAHEtlkA06NAe03vUSMefkkcBpe-csbHMmA;3,625000000000000
EUW1_7801644379;2026-03-28T10:38:25Z;1594;420;Olaf;TOP;JUNGLE;0;2;6;4;9671;209;24;26365;31563;10;1;15;6O0LAcQTQzoBeqOPpnvm3SeWu-oiV1-cpy3G-WcYhk839cjideFidFN9P57FHeU-XsX9J2qsbEYccQ;1,000000000000000
EUW1_7801644379;2026-03-28T10:38:25Z;1594;420;Viego;JUNGLE;JUNGLE;0;7;9;8;10780;160;22;12412;29947;11;3;13;4no63JHDFFZHZUbnwVGiL6M13C2Sp1c5fv0bSk8Vs5eSrFx8wbYjmk16kebMgQNbLEogN623dDc_1w;1,666666666666667
EUW1_7801644379;2026-03-28T10:38:25Z;1594;420;Akshan;MIDDLE;MIDDLE;0;9;6;7;11018;145;37;30836;17340;12;8;13;iCJ69f6TeqVlV1ZXxR8xEKCXQggJYsg3A_wjEzC677S7DylhXsdQ8FfboSMa7xZPdQLc-h9KJ9IjLg;2,666666666666667
EUW1_7801644379;2026-03-28T10:38:25Z;1594;420;Mel;BOTTOM;MIDDLE;0;7;9;7;12900;222;27;25737;20212;12;7;13;i7vKQOLdS9hNtkXE3T4fnMqVO-gFEBfzy6lkopw4D3R78xOn4lrVbhXGVcbZTZ1ARy9cA8h1_ewlfw;1,555555555555556
EUW1_7801644379;2026-03-28T10:38:25Z;1594;420;Nautilus;UTILITY;JUNGLE;0;3;7;15;7975;25;94;12355;26853;37;10;10;sXzOShzCxBhVpOnFnOPPXdm81bdO6cXylO6nyDzPR8rGih1RqSttYLEylJ7WBXFxXKG4ZrdSzlA3rw;2,571428571428572
EUW1_7801152835;2026-03-27T21:45:42Z;1533;420;KSante;TOP;JUNGLE;0;5;6;1;10055;205;21;24332;40733;11;2;15;kWhmhWGTVarYk8oeXo-X-8DXNaqV3ixP8BVWatIBoZq9CYGz8kY7Z5hhCh63wDCTeDp6TX5B0welrw;1,000000000000000
EUW1_7801152835;2026-03-27T21:45:42Z;1533;420;Vi;JUNGLE;JUNGLE;0;3;3;2;9574;174;21;6181;14884;6;2;14;Rxho44z5dJ3ddV1HShDMgsMi40rMBboaFiqYYY8xtxnEG38ClA0nTjPwkoeXapvM-vWIVCSlRxshDg;1,666666666666667
EUW1_7801152835;2026-03-27T21:45:42Z;1533;420;Leblanc;MIDDLE;MIDDLE;0;3;7;3;10543;212;16;21730;23637;5;2;14;WMZ7Kmnxksj_DCvthGkVqjrJC7bM1trwZOJlw5QvuXCQT8lu7DgwM8k7z6Jc5eVJG59kiTSFBsu0fQ;0,857142857142857
EUW1_7801152835;2026-03-27T21:45:42Z;1533;420;Corki;BOTTOM;BOTTOM;0;2;7;2;10808;228;11;10882;23668;9;0;14;i7vKQOLdS9hNtkXE3T4fnMqVO-gFEBfzy6lkopw4D3R78xOn4lrVbhXGVcbZTZ1ARy9cA8h1_ewlfw;0,571428571428571
EUW1_7801152835;2026-03-27T21:45:42Z;1533;420;Soraka;UTILITY;BOTTOM;0;2;10;5;7255;25;54;6190;21086;26;6;11;Cn7HyLY6lfnO4gAL3Q5UVR6YRRfT2D-Y6VzUa64aj9QsDXtRqbSKhrugUXAVsfpN3wUPMMlJp4usgQ;0,700000000000000
EUW1_7801152835;2026-03-27T21:45:42Z;1533;420;Gnar;TOP;JUNGLE;1;0;6;6;9467;198;19;18755;27122;8;0;15;x8iPFz8GGtQWh86EX4ksV-n8WJ2gYET957ReYHCQD3N0KcdRLfrhq1FqpPnoRJi5XzCIewLiWxIWWg;1,000000000000000
EUW1_7801152835;2026-03-27T21:45:42Z;1533;420;XinZhao;JUNGLE;JUNGLE;1;5;2;14;12118;195;42;23227;41100;11;2;15;-PB22RocaxMaav0bjbk-5-Mpv84IALC-qZoJquuZAdautQ1KC2bxR3Lt34qMrL4-ghPtuiAPndTBLA;9,500000000000000
EUW1_7801152835;2026-03-27T21:45:42Z;1533;420;Qiyana;MIDDLE;MIDDLE;1;15;2;5;13763;225;34;24423;15894;5;8;16;Y1lINHTQFLPeeqheAZWIgXQ6ACJMVUfeK2T-tg2tIbd9ukYVMoyu-Pq1Bsf7vNXiRrXbL43ShENYWA;10,000000000000000
EUW1_7801152835;2026-03-27T21:45:42Z;1533;420;Mel;BOTTOM;BOTTOM;1;13;4;3;15132;248;33;27481;16812;14;5;15;qOheDFxIhkcIIWcDF3zFkvu2b6oOkcN45oWq5vQX14Zw9VXshaFgSGFmgWYKudY9VYA2rrHIErIP0w;4,000000000000000
EUW1_7801152835;2026-03-27T21:45:42Z;1533;420;Nami;UTILITY;BOTTOM;1;0;1;19;8177;18;70;9047;10966;28;5;13;7b08vpzCp9pjLAgznpkZ8BOn7W46spEeD3QZFEN9iIdhWh7Cz0TbyH8vJGHUNxSbN5odQhRZNXn1IA;19,000000000000000
EUW1_7800978044;2026-03-27T19:58:00Z;1932;420;Yone;TOP;JUNGLE;1;7;8;1;14053;260;26;30970;39917;7;3;18;6xm7DgM4Rgqw_opKWbM5xF5KU0Jk4svq76MWzcLAri6enJOAM2phOmjvPMDagxd_jZPkpG5Vby_F0Q;1,000000000000000
EUW1_7800978044;2026-03-27T19:58:00Z;1932;420;XinZhao;JUNGLE;JUNGLE;1;9;5;12;15686;252;43;39302;41182;7;8;18;Y_y_8LDSJQpFNrW2yfnPSi9dYYEsOCnmixxeC7HCAM5LeVwAMa0qz8cojDPN1_JwFGdjgVQQBCdz-Q;4,200000000000000
EUW1_7800978044;2026-03-27T19:58:00Z;1932;420;Mel;MIDDLE;MIDDLE;1;14;5;6;17029;296;31;31242;20574;15;3;17;i7vKQOLdS9hNtkXE3T4fnMqVO-gFEBfzy6lkopw4D3R78xOn4lrVbhXGVcbZTZ1ARy9cA8h1_ewlfw;4,000000000000000
EUW1_7800978044;2026-03-27T19:58:00Z;1932;420;Singed;BOTTOM;BOTTOM;1;5;4;9;14005;213;33;12132;29248;13;2;17;fcrbZtbLcnfu8A1ukNU9mCuUZuCbw7ceXYk0e1YXgjWmWyMTlFznx2iV_z4fjYJSs7AfYpqFg89Q7Q;3,500000000000000
EUW1_7800978044;2026-03-27T19:58:00Z;1932;420;Karma;UTILITY;MIDDLE;1;2;2;25;10969;29;139;13146;16249;51;18;15;kKZeeggC9P2l5JbPnJF42lX1rerk0ORdYIaBOY26M51TZ8KQ0Jgve2z02r_k7stFNscvcd8kr1X31g;13,500000000000000
EUW1_7800978044;2026-03-27T19:58:00Z;1932;420;Aurora;TOP;JUNGLE;0;7;5;7;15131;263;37;34304;30963;8;7;18;6BPTm2S9twaW_Cu-NJrzkiNYVZeI7zqNBd-sJddttrQ45_76j_gM_YpdogB1mWMt8FeV7dp5ksGTKQ;2,800000000000000
EUW1_7800978044;2026-03-27T19:58:00Z;1932;420;LeeSin;JUNGLE;JUNGLE;0;5;9;4;11927;209;37;20152;34902;15;6;15;nXnmjO42mPgenE6pC1Hc8RH_LMipDyvUUJCwWJhwq0EUUo9SNe3eOEHqC6d5Av8bJ6b0JJmSxyrh7Q;1,000000000000000
EUW1_7800978044;2026-03-27T19:58:00Z;1932;420;Quinn;MIDDLE;MIDDLE;0;9;13;5;12581;184;14;31644;35169;2;1;16;iUNltL1SstPPPyTLqKIdvb00BNUhnYLU-H4pojNmEz94WqrCxeJthMpcmYFUSqkc_cGdEH6FMjLfBg;1,076923076923077
EUW1_7800978044;2026-03-27T19:58:00Z;1932;420;Jhin;BOTTOM;BOTTOM;0;2;5;4;13242;282;18;16999;24466;5;4;15;BF1OWlcixdWMnfrE_mgtTntNTlhryGYl84a1gsRrxWDXgA1iusy9C2DB0Nm_dsBnfn4onCM5922SuQ;1,200000000000000
EUW1_7800978044;2026-03-27T19:58:00Z;1932;420;Zilean;UTILITY;BOTTOM;0;1;5;11;9228;29;128;6203;23350;49;14;13;1G014F_RBCm55noOm-wH_B-xZr5_IYt184qJ6Px57KPOkHtcvbWBWx6kyRucmgsoY3Iqs2Sj70Adqg;2,400000000000000
EUW1_7800927774;2026-03-27T19:22:23Z;1517;420;Jayce;TOP;JUNGLE;0;2;9;1;9563;236;20;18870;21324;7;3;15;6xm7DgM4Rgqw_opKWbM5xF5KU0Jk4svq76MWzcLAri6enJOAM2phOmjvPMDagxd_jZPkpG5Vby_F0Q;0,333333333333333
EUW1_7800927774;2026-03-27T19:22:23Z;1517;420;Naafiri;JUNGLE;JUNGLE;0;4;10;10;9334;141;24;16129;28861;7;1;13;Lew0xW50uOBEGt_UZRaBcu7fy14noI2IpEMXyYBwwQJtDCKY2I_4TXt-mZlOKufrW9qmyJ_-ohOXig;1,400000000000000
EUW1_7800927774;2026-03-27T19:22:23Z;1517;420;Morgana;MIDDLE;MIDDLE;0;2;4;4;9005;220;23;14089;21389;9;1;15;pVMBzWwi82EgnLLedJJ7zpD-IXgjVObrHo9Aqer2g8ozHN5RjQsUtSLLGztp5Gd1AmId9cWHxWUDMQ;1,500000000000000
EUW1_7800927774;2026-03-27T19:22:23Z;1517;420;Kaisa;BOTTOM;BOTTOM;0;9;7;4;14287;228;27;24857;21330;8;8;13;_N1luLek8-n0EhIFB8qkPcrGX5js1kunTtKXoOhTtia4SPgWG0e92Uj_kcYJWnax0Nvr0MAdqPFang;1,857142857142857
EUW1_7800927774;2026-03-27T19:22:23Z;1517;420;Braum;UTILITY;BOTTOM;0;3;9;8;8374;25;73;6641;25428;42;3;11;z0yGCNqDhKmpVsj6B5zKE0CWaextYzECaD2llYb5IbnZnNzKwb0dL0Zr6Pet3XGYGWXdjfr2zX5Bvg;1,222222222222222
EUW1_7800927774;2026-03-27T19:22:23Z;1517;420;Urgot;TOP;TOP;1;8;2;6;11642;191;19;16773;18759;4;3;17;edg-7Hazc8CRTlEO7OJ7v2ezaYEkCA18sEljEngav9jbGOvuvUtzS7Y0tQLIRb-3nfSJi5Suwighjg;7,000000000000000
EUW1_7800927774;2026-03-27T19:22:23Z;1517;420;Nidalee;JUNGLE;JUNGLE;1;7;3;13;13616;215;44;16142;23061;6;9;16;Y_y_8LDSJQpFNrW2yfnPSi9dYYEsOCnmixxeC7HCAM5LeVwAMa0qz8cojDPN1_JwFGdjgVQQBCdz-Q;6,666666666666667
EUW1_7800927774;2026-03-27T19:22:23Z;1517;420;Corki;MIDDLE;TOP;1;16;2;11;17002;256;33;42274;27333;11;6;17;i7vKQOLdS9hNtkXE3T4fnMqVO-gFEBfzy6lkopw4D3R78xOn4lrVbhXGVcbZTZ1ARy9cA8h1_ewlfw;13,500000000000000
EUW1_7800927774;2026-03-27T19:22:23Z;1517;420;Tristana;BOTTOM;BOTTOM;1;6;7;9;11658;159;12;19541;19207;6;2;13;DaU7-QNBasE3fvsFHBYCZwvI8naLAL6qLltn7KWbk_zRNjozY4-gh6EhEdm55LXfiocq1AIyVHbVaw;2,142857142857143
EUW1_7800927774;2026-03-27T19:22:23Z;1517;420;Leona;UTILITY;BOTTOM;1;2;6;14;8281;31;55;9215;23372;28;7;12;QM81Dfnx7aHWSQ3o5WmP_nYGzH3v1Ug-dbWFuG8ecXwZHmmQVbYNYua4gzGMM4Flj74b5CF4igWuGw;2,666666666666667
EUW1_7799664954;2026-03-26T19:03:17Z;2116;420;Vayne;TOP;JUNGLE;0;6;9;10;13488;210;25;27790;31752;13;5;18;znk_qEPMkHwWj4XSfBVjwxgGir6K3v_Sfz5sbp8pyef0E_BEv5UR6eZKrr1RCZehMsnIAFWwRojwvA;1,777777777777778
EUW1_7799664954;2026-03-26T19:03:17Z;2116;420;Ezreal;JUNGLE;JUNGLE;0;12;5;7;18064;246;45;39840;35258;8;9;18;CcxMn9yFLDfmDMrpNY2Fdj-ehQwApf7HfwY97RF7m4Y6YkBjN_qd_iCACuRbSsNOEo31Go_u7AvCmw;3,800000000000000
EUW1_7799664954;2026-03-26T19:03:17Z;2116;420;Malzahar;MIDDLE;MIDDLE;0;4;7;10;13927;288;40;20414;19918;17;3;18;QmRklonOISGymuO3hb7EFYjah8KiDo_oKF4ZWINcI1J-pzQFcq1tqMLTTfrLMd5rvTQKn9iWns3xZA;2,000000000000000
EUW1_7799664954;2026-03-26T19:03:17Z;2116;420;Sivir;BOTTOM;BOTTOM;0;4;4;7;17601;333;39;19728;18386;13;9;17;vOqY6wKO_Wd076KpPrNpUWIHNa6bBqDsLmeTVTV0zNF5r5cMagL92irN1-lIk8iFO8i9lAIlJWn6bg;2,750000000000000
EUW1_7799664954;2026-03-26T19:03:17Z;2116;420;Rakan;UTILITY;BOTTOM;0;0;6;20;9407;37;134;5787;24797;52;15;14;T8KVEiiEMAk8x-h-3Yu3YAzgIzaxqQO_yM3W-hUct5BzwqeVNeV0o8plB6o-htcIXuW7toBKzLP6wQ;3,333333333333333
EUW1_7799664954;2026-03-26T19:03:17Z;2116;420;Yasuo;TOP;JUNGLE;1;8;7;11;16347;268;47;32213;39580;15;11;19;2vakuGydoEZOpsnFu9UhDjLG2xv1QlhbmtS9jvCXyiRWN7pbw9-LfFhQjdEvW1Xx4q87nNesniiQ_Q;2,714285714285714
EUW1_7799664954;2026-03-26T19:03:17Z;2116;420;Viego;JUNGLE;JUNGLE;1;14;5;10;17087;236;42;27673;31509;4;10;17;kLEUYlbaqL3ZEG6u1IaZ_3qibgiIOD1C6NSMDslv9bQpnp9B5sWc5HFn8cGfaHQlHQqPcZf9dGecCQ;4,800000000000000
EUW1_7799664954;2026-03-26T19:03:17Z;2116;420;TwistedFate;MIDDLE;MIDDLE;1;4;6;16;16088;269;40;19832;34005;17;4;18;i7vKQOLdS9hNtkXE3T4fnMqVO-gFEBfzy6lkopw4D3R78xOn4lrVbhXGVcbZTZ1ARy9cA8h1_ewlfw;3,333333333333333
EUW1_7799664954;2026-03-26T19:03:17Z;2116;420;Jhin;BOTTOM;BOTTOM;1;5;2;6;17838;322;22;18899;14861;9;5;17;yZj6ZlhHVtsd8pYZInMFZuNO_3m2YoxxRi7bOSHWE2v8fHRMktNkMzeSTKId070uOlaCaS4WeoE13g;5,500000000000000
EUW1_7799664954;2026-03-26T19:03:17Z;2116;420;Alistar;UTILITY;BOTTOM;1;0;6;21;9561;30;130;5889;28151;77;7;14;vDPvIF5T_hIK4LuMhS8sode1ksv3W3Sv5uW6oyIP9nddYHwWO4criIpPzqwgCFrM5f1zeUeBrNSQuQ;3,500000000000000
EUW1_7799385206;2026-03-26T15:28:15Z;1627;420;KSante;TOP;JUNGLE;1;6;3;8;11239;200;28;30470;29797;12;0;17;i7vKQOLdS9hNtkXE3T4fnMqVO-gFEBfzy6lkopw4D3R78xOn4lrVbhXGVcbZTZ1ARy9cA8h1_ewlfw;4,666666666666667
EUW1_7799385206;2026-03-26T15:28:15Z;1627;420;LeeSin;JUNGLE;JUNGLE;1;4;5;12;10872;197;39;12844;34717;15;1;16;qdCAoVC5X_5eg5z9LdGq19jTI4gTzmg45ruuAa_4LYan-E8EUkXGAMGQXFMYp_gGnovVGmllnV0d0Q;3,200000000000000
EUW1_7799385206;2026-03-26T15:28:15Z;1627;420;Ryze;MIDDLE;MIDDLE;1;4;0;13;13070;254;23;26477;21055;12;2;17;DyGz9de9kQiBlP8XIZuannbphrbby2NADFlUyrnWbuXDjzVrOcNd6T9oUmjWswnXxmiaGiXaGJDzOg;17,000000000000000
EUW1_7799385206;2026-03-26T15:28:15Z;1627;420;Jinx;BOTTOM;BOTTOM;1;18;7;14;18401;199;12;55118;28752;8;3;15;znk_qEPMkHwWj4XSfBVjwxgGir6K3v_Sfz5sbp8pyef0E_BEv5UR6eZKrr1RCZehMsnIAFWwRojwvA;4,571428571428571
EUW1_7799385206;2026-03-26T15:28:15Z;1627;420;Mel;UTILITY;BOTTOM;1;9;6;15;10819;53;67;29107;17003;27;7;15;hWqb2PlH0aEfqmQDEOLTkIUpFOlUXAiG97yjcIgnvJAhYJpgZ_AYEjnP1hwgXcPRbSS7XWWyZgv-Wg;4,000000000000000
EUW1_7799385206;2026-03-26T15:28:15Z;1627;420;Nasus;TOP;JUNGLE;0;3;6;5;10376;196;13;16611;48579;6;2;16;1ju5p4Lby-2QJ_dws4Swj8c_pV0rpdASJGmLKuH4aYeYqOCd5jl8k2FnYn6_Q0WKCQ46HpZMBKoD9A;1,333333333333333
EUW1_7799385206;2026-03-26T15:28:15Z;1627;420;Shyvana;JUNGLE;JUNGLE;0;5;5;3;11412;199;29;21590;33720;4;4;15;JaoEyrUMwERelK-Aqe2PvrAWFEjK_8WgFytqcKjpuXFVys7_22H2yDpniXhZQtqMkswLTHyZDPawyA;1,600000000000000
EUW1_7799385206;2026-03-26T15:28:15Z;1627;420;Syndra;MIDDLE;MIDDLE;0;5;6;3;12314;277;17;18383;15517;9;3;16;vF3HCkg5aJQWy7O5lGW1onmPlj0nRsnYPD-zLZreHWh9QG2qLJa9lfGOf--XCFaLlGIwoRXoOixiZQ;1,333333333333333
EUW1_7799385206;2026-03-26T15:28:15Z;1627;420;Sion;BOTTOM;BOTTOM;0;8;12;5;11565;195;22;27618;62129;8;3;13;Fvy5MMtdO4T34Y2LDIOFA4cHtxRo6_zccFAysh8oJlRmLhLyhib7OadrN0Lk5sWPCLYiDD2d7VMu1Q;1,083333333333333
EUW1_7799385206;2026-03-26T15:28:15Z;1627;420;Senna;UTILITY;BOTTOM;0;0;12;11;8483;44;76;17217;22263;31;12;12;tXgjsHWbHRA6UfnJWurYgkN8RqDh-0ipUJ8-qDfh2R_tik7LY8ykEevR-jY3NmIIW5ben_IHaYS94Q;0,916666666666667
EUW1_7799352606;2026-03-26T14:52:32Z;1729;420;Aatrox;TOP;JUNGLE;1;10;4;8;13895;214;31;25379;33777;6;4;18;U80n6CFCxC5-74b5tcc_56g6S8E303J3h8Lcm_LcDFvl6nH5m4xy57XFxGSRQaJ_csp50TLnos1Gpg;4,500000000000000
EUW1_7799352606;2026-03-26T14:52:32Z;1729;420;LeeSin;JUNGLE;JUNGLE;1;11;1;13;15539;214;34;31266;35038;22;0;18;gr3FGuDW7sCaxkkAuakhKqUc7kXjxlHIv9z8CgGm6TAlJB1J-Av_XTioT6nAp_6Ducz6iaJNN59TaQ;24,000000000000000
EUW1_7799352606;2026-03-26T14:52:32Z;1729;420;Yasuo;MIDDLE;MIDDLE;1;8;5;10;16375;281;26;22248;26954;9;3;18;i7vKQOLdS9hNtkXE3T4fnMqVO-gFEBfzy6lkopw4D3R78xOn4lrVbhXGVcbZTZ1ARy9cA8h1_ewlfw;3,600000000000000
EUW1_7799352606;2026-03-26T14:52:32Z;1729;420;Lux;BOTTOM;BOTTOM;1;5;7;9;13863;214;19;26017;19308;12;4;16;nj0yiw2rT4ckP7w7CbiXYz9BYrXF6Wu9nlLB9ZaT6xJJxI7EPJA3mAd3Z7qK2llcB-eqrRbpZWSgJA;2,000000000000000
EUW1_7799352606;2026-03-26T14:52:32Z;1729;420;Nautilus;UTILITY;BOTTOM;1;1;8;16;8051;24;75;10700;24039;31;6;14;kWt92pJsItF2tKVJ-IWpO_cRKOQQT91_OrxyOa4fpJFSPoxQnBc-amEy2qJo79juvsCTao3JhJpdfw;2,125000000000000
EUW1_7799352606;2026-03-26T14:52:32Z;1729;420;Vayne;TOP;JUNGLE;0;7;11;1;11859;191;16;25021;27115;10;2;15;qdCAoVC5X_5eg5z9LdGq19jTI4gTzmg45ruuAa_4LYan-E8EUkXGAMGQXFMYp_gGnovVGmllnV0d0Q;0,727272727272727
EUW1_7799352606;2026-03-26T14:52:32Z;1729;420;Sejuani;JUNGLE;JUNGLE;0;3;8;11;9970;168;21;24463;48507;3;4;15;3GI5EEqagVlLLL6zcF73VNuRbZpiYFxQMn6qr5x5HWRtnUF49oEOmp_DmlpCmzGlK3FPAh4_axq8zA;1,750000000000000
EUW1_7799352606;2026-03-26T14:52:32Z;1729;420;Syndra;MIDDLE;MIDDLE;0;7;7;2;14085;279;21;24375;20664;5;6;17;vF3HCkg5aJQWy7O5lGW1onmPlj0nRsnYPD-zLZreHWh9QG2qLJa9lfGOf--XCFaLlGIwoRXoOixiZQ;1,285714285714286
EUW1_7799352606;2026-03-26T14:52:32Z;1729;420;Jinx;BOTTOM;BOTTOM;0;6;5;10;15575;286;32;20496;20655;10;10;15;znk_qEPMkHwWj4XSfBVjwxgGir6K3v_Sfz5sbp8pyef0E_BEv5UR6eZKrr1RCZehMsnIAFWwRojwvA;3,200000000000000
EUW1_7799352606;2026-03-26T14:52:32Z;1729;420;Lulu;UTILITY;BOTTOM;0;2;4;15;8780;33;90;8677;19711;44;10;14;_9u62X4knNpGbDQydAULwMiTgfN46DJht3zxLpPlyBKmXp3kNHrNRKVimEhSkM5Y3AypIF0vMS9IEA;4,250000000000000
EUW1_7801732517;2026-03-28T12:02:47Z;2311;420;Gwen;TOP;JUNGLE;0;7;5;2;17162;306;38;22544;32755;12;6;20;wvIX9TjdSGh_VURZ7POO6oXf67IiMhc4BpjVBEWMRGblAx2yQ2eYJLQGKmtgsS2jIJYBPLC3knItDQ;1,800000000000000
EUW1_7801732517;2026-03-28T12:02:47Z;2311;420;RekSai;JUNGLE;JUNGLE;0;13;7;10;18928;268;58;31549;69315;6;13;18;Gpw7u1YXF75iHerW3cRbggVgKEueaUU4QTfhJbODnJ3ZdRiBzzEp6zMTrDswypAl1uC4qnDMLrrNzQ;3,285714285714286
EUW1_7801732517;2026-03-28T12:02:47Z;2311;420;Qiyana;MIDDLE;MIDDLE;0;6;8;12;15443;293;42;33310;41832;5;6;18;EdyNEFNPRLbucCoFsJ7fLCGCcRKRy8aF8R8uBLSCR-E4mwwyyfxEgaHuvdghfZ8IlKeFxJHcRY07yQ;2,250000000000000
EUW1_7801732517;2026-03-28T12:02:47Z;2311;420;Corki;BOTTOM;BOTTOM;0;10;9;15;22323;322;29;44716;47627;15;4;18;twCTd0h4yskEVt3j_y2IskReu5XilZ4NYC8LdVCpuY8fxnWvIEYNXTGMD6kK802EpEVl2Udu_pq3ig;2,777777777777778
EUW1_7801732517;2026-03-28T12:02:47Z;2311;420;Nami;UTILITY;BOTTOM;0;1;5;25;12488;38;117;11234;28490;66;3;17;T23Q9T1_wpH4aFCUfA10ZNZFtPczalERo5nt84chhUEdZijQG7FW5QZLmX5eLrDW3AnbaOZvzkMAEQ;5,200000000000000
EUW1_7801732517;2026-03-28T12:02:47Z;2311;420;Quinn;TOP;JUNGLE;1;8;9;5;19609;368;46;37396;37002;14;3;20;Lz7OLqT79x0JmvAuAkeaF-VNQZxDtIYTAZxww_HsCnXPpxVTSuNJV2i1KEW_hRKsFwuElRPkgoj-Xw;1,444444444444444
EUW1_7801732517;2026-03-28T12:02:47Z;2311;420;Shaco;JUNGLE;JUNGLE;1;4;8;10;18122;306;36;19677;36457;4;12;18;EhS7KBMhWjbjrMZnUbq68Kfxdp9ho_5vy29oNfGX9GMB9Kt_OEPOXanukNMBLwWWEzmKbnKQ7ScvHQ;1,750000000000000
EUW1_7801732517;2026-03-28T12:02:47Z;2311;420;Annie;MIDDLE;MIDDLE;1;10;6;15;17930;310;23;54612;29498;6;4;18;-qCH7wyCnNT_JCQNMoj-ffijKf4wtBRZoVJsADJlR4uOzJY6sbw619aG-aA61uSNnkS6pgiOnQSlag;4,166666666666667
EUW1_7801732517;2026-03-28T12:02:47Z;2311;420;Ezreal;BOTTOM;BOTTOM;1;9;8;8;23195;385;25;56150;41385;10;6;18;cgeptgV_d_hjB17bMliakEYtlvzlKXxLP4e_tfvOAD65TTH-TfEEPuzMZC_Iu0UONlMITyHT4MJe2A;2,125000000000000
EUW1_7801732517;2026-03-28T12:02:47Z;2311;420;Janna;UTILITY;BOTTOM;1;3;6;19;12638;37;124;13030;27951;54;14;17;DYx_kO2sL5B2iYxK0uwcStZWFDtfSzVw5gq4oS3aaQAbyHJfD84a4Yxr8ajfNi7e45OexqQKLAKL5w;3,666666666666667
EUW1_7801688587;2026-03-28T11:20:04Z;1882;420;Singed;TOP;TOP;1;3;4;9;13580;272;30;19724;34869;12;3;18;fcrbZtbLcnfu8A1ukNU9mCuUZuCbw7ceXYk0e1YXgjWmWyMTlFznx2iV_z4fjYJSs7AfYpqFg89Q7Q;3,000000000000000
EUW1_7801688587;2026-03-28T11:20:04Z;1882;420;DrMundo;JUNGLE;JUNGLE;1;4;4;11;13883;236;52;29062;58415;11;7;17;e-Em21eO8mq4UnS4ZcbpI6C0kYsB0SyuGpyeVD3MTFS6sXHnTafR52PBtJZokgnvwGCwFWZSF7EqGQ;3,750000000000000
EUW1_7801688587;2026-03-28T11:20:04Z;1882;420;Kassadin;MIDDLE;MIDDLE;1;9;3;7;16271;252;26;31756;22049;5;5;17;tHRXXdLYSjTPn7nungP1I-ZHHbTJkFR93ekIOpFm-cpuwTTibj0K2GNW4wsZfPTewTQLOCEu1BR9Tg;5,333333333333333
EUW1_7801688587;2026-03-28T11:20:04Z;1882;420;Caitlyn;BOTTOM;BOTTOM;1;11;7;5;20991;345;34;44938;27649;10;8;17;cgeptgV_d_hjB17bMliakEYtlvzlKXxLP4e_tfvOAD65TTH-TfEEPuzMZC_Iu0UONlMITyHT4MJe2A;2,285714285714286
EUW1_7801688587;2026-03-28T11:20:04Z;1882;420;Nami;UTILITY;BOTTOM;1;0;3;19;9014;30;102;9953;12257;46;8;15;Tfo2Xk02Qcj20Kh9QgQh_qb_sS0IJXT9Vh4sUxhoe9WZXKtPH8TUFQdCXLePTT0wFh6A21i_FTWTGA;6,333333333333333
EUW1_7801688587;2026-03-28T11:20:04Z;1882;420;Naafiri;TOP;JUNGLE;0;7;5;6;14330;239;20;31196;30709;9;1;17;lyNPn8XWfNeeUnZSirwN6lnVO2NiCaiZhC4svn4Vvv9P9d2fduPCUQGzudL1DKd8eRQpanPLqao1CQ;2,600000000000000
EUW1_7801688587;2026-03-28T11:20:04Z;1882;420;Zaahen;JUNGLE;JUNGLE;0;8;5;4;13193;200;51;23296;43305;7;14;15;mf3AMtZwMjoMxlXnkaJBL-m7enPFSzSmOwAIocy7PwsKNQXKMiI3GDMl2OhnohKukOAzwP52Ug1y7w;2,400000000000000
EUW1_7801688587;2026-03-28T11:20:04Z;1882;420;Ryze;MIDDLE;TOP;0;0;7;4;12008;295;36;24971;33648;14;3;17;BD3TeJfzYecOOL7lE8f5P5o3DtEVvulxyRd-DyvxcNMMZEFCTdgENEZLw0FMYeGj2thG6tJMy7WADw;0,571428571428571
EUW1_7801688587;2026-03-28T11:20:04Z;1882;420;Lucian;BOTTOM;JUNGLE;0;4;6;6;14883;263;42;27409;29652;13;10;15;KYiFF6fdqj96iT3fDhweSVcKJkYMfg6d2BRFL3RJcnpkh6vpN06G_TuhJ0lP8utNVf-UMYfjdUm-jg;1,666666666666667
EUW1_7801688587;2026-03-28T11:20:04Z;1882;420;Sona;UTILITY;BOTTOM;0;2;4;18;9761;23;91;17629;23285;53;3;14;gNHUJIyo6DbqYG6kz2isZJhIetdFhGRdDn08zx0ys8WUvUSrtlg5qm9DpvWlxfx1SfZgpu1j42zMmA;5,000000000000000
EUW1_7801646905;2026-03-28T10:37:36Z;1742;420;Gnar;TOP;JUNGLE;0;4;5;8;12566;253;39;40602;28253;13;3;18;cgeptgV_d_hjB17bMliakEYtlvzlKXxLP4e_tfvOAD65TTH-TfEEPuzMZC_Iu0UONlMITyHT4MJe2A;2,400000000000000
EUW1_7801646905;2026-03-28T10:37:36Z;1742;420;Graves;JUNGLE;JUNGLE;0;3;6;6;13190;261;30;18245;20714;4;7;16;XC3oAQltw_rPZYuc5r86_sShp-bCIKKWJVOFxA5fv3i6YpSe3PQG0jG-y7iCE7WMLjJQTIWPjc_71w;1,500000000000000
EUW1_7801646905;2026-03-28T10:37:36Z;1742;420;Azir;MIDDLE;MIDDLE;0;6;5;4;12190;236;31;19946;19611;11;4;15;MK2o8e8gOexuFRcbvfTKSaT72DsySHp8qiE-ubgxHsZlyh0hSVjSgTi8IhAPvFgPRB4NbSCdUCC2UQ;2,000000000000000
EUW1_7801646905;2026-03-28T10:37:36Z;1742;420;Senna;BOTTOM;BOTTOM;0;3;7;7;13069;198;22;16305;20759;8;4;14;KTKi0XYECUa6uTzZQQCgnSnctlVsJZ6afNWLdIv6aQ4vjJUeFAVecxq2boetaPL1HRTwAMHvCt8XvA;1,428571428571429
EUW1_7801646905;2026-03-28T10:37:36Z;1742;420;Nautilus;UTILITY;BOTTOM;0;2;9;6;7338;25;101;5699;21087;56;6;12;OIXNrCaXw7fVXSPHpEHYl8K-Oze6oBZjoZZFPxaCZX9H4boZ9vg3ESdb5dpzSahaKxlVeSpPPwtYQQ;0,888888888888889
EUW1_7801646905;2026-03-28T10:37:36Z;1742;420;Sion;TOP;JUNGLE;1;4;7;9;12561;226;21;19448;44997;12;1;17;KYiFF6fdqj96iT3fDhweSVcKJkYMfg6d2BRFL3RJcnpkh6vpN06G_TuhJ0lP8utNVf-UMYfjdUm-jg;1,857142857142857
EUW1_7801646905;2026-03-28T10:37:36Z;1742;420;JarvanIV;JUNGLE;JUNGLE;1;9;3;12;14194;237;31;18638;20286;1;8;17;Xt-WHac0ZbWl29gNSyBilibRwUmeLzIgmdH8hihVILccRaeTp9JQJUbEu6BHZGpsTTgOax9Up2O1oQ;7,000000000000000
EUW1_7801646905;2026-03-28T10:37:36Z;1742;420;Akali;MIDDLE;TOP;1;7;5;8;12275;245;17;22010;27991;6;3;16;NtIX1pK1Q52wo8KOba_Aa7UjoniOukuRfSJgFz5Q1lgW7Z_nkKhvlxWcw-yBss6duSOODzGPHhMOTQ;3,000000000000000
EUW1_7801646905;2026-03-28T10:37:36Z;1742;420;MissFortune;BOTTOM;BOTTOM;1;10;1;10;18697;332;48;26741;9802;13;13;17;8s527GUiTrm4V8lLZxtw9GJjsMUdnW8jEhzV1M9XeepM6m1WqA0FhOrllKSsxGZShkz9RtsfXPAsoQ;20,000000000000000
EUW1_7801646905;2026-03-28T10:37:36Z;1742;420;Leona;UTILITY;BOTTOM;1;2;2;18;8816;24;120;7714;21639;48;10;13;mW5wxx9PUR4zuXatTBzMXCOKD-Eenu31v4GGkElaY73EVawvJ7j8o7vGouIDv8ntyzj3-tqONl9Xtw;10,000000000000000
EUW1_7800860879;2026-03-27T18:32:54Z;1964;420;Katarina;TOP;JUNGLE;1;10;3;8;16621;292;31;37887;34257;15;3;20;sXtIv21Z0dYmucgbNfp-wR9Vh6NuxUSAggdilycuhUKkh9DfPckYOJuDfpSfA7lIb6JgkY_OVJZESA;6,000000000000000
EUW1_7800860879;2026-03-27T18:32:54Z;1964;420;Nocturne;JUNGLE;JUNGLE;1;5;8;15;14275;239;44;23511;43945;7;8;18;zDTiqg4eKfyToPLqnJq8_zVzDZrSWLfw7-mrkBLjQuWRC9_i782fAcC5QnxiEQrlJ2i7YU1Ldv7S5g;2,500000000000000
EUW1_7800860879;2026-03-27T18:32:54Z;1964;420;Anivia;MIDDLE;MIDDLE;1;6;3;12;16054;272;15;36955;42355;7;2;18;HqQSahCTp_2FbKA489-KzgI2UH77ZplICcWa2H_ser_L_xaR8XN1NlvFfR7ikJHqn19iioq0VPDhsQ;6,000000000000000
EUW1_7800860879;2026-03-27T18:32:54Z;1964;420;Varus;BOTTOM;BOTTOM;1;12;9;13;18585;234;25;37405;28407;11;6;16;aacV61k17cLnHj6KdWDBzaDVX3XP_lt_GKEbwclk1a759ZVheT9GL428w-vEeY59GhG_loe0bTyMVQ;2,777777777777778
EUW1_7800860879;2026-03-27T18:32:54Z;1964;420;KogMaw;UTILITY;BOTTOM;1;12;6;14;13193;53;115;56935;22916;50;13;15;vV8hLg-PvKqwam2XzHxWNinFfz4eBLN0DLHVKjYr_c8YRYeL7GqQKqGZ7CwLTrRyN3jxekz7b7lxPA;4,333333333333333
EUW1_7800860879;2026-03-27T18:32:54Z;1964;420;Syndra;TOP;TOP;0;5;3;7;16267;290;28;21766;26513;12;1;19;mGeRSouLi4Odq3pAxD1qYkKJ1ph8W_AdPIT0eXd0M5st-UrPtCPzzb1QexUy9RqCBU3UI8B7w4RblQ;4,000000000000000
EUW1_7800860879;2026-03-27T18:32:54Z;1964;420;DrMundo;JUNGLE;JUNGLE;0;9;6;10;15633;213;43;33827;76725;9;9;17;aGCYjGSKJiSOKlftC0B47QMyaBkvlu_RDmfFL1jp3todgycNLir31a_YfkpX63ikxnb130gJdqNlvw;3,166666666666667
EUW1_7800860879;2026-03-27T18:32:54Z;1964;420;Sylas;MIDDLE;MIDDLE;0;4;16;10;10434;185;19;26762;55927;10;1;15;_tZ226UCmTREkOXB2kescX_csmiFBYp6HfAiRtSyqKJ4pKpqQQnS_8_0Q5nv9qDUylH2vh-xtumE4A;0,875000000000000
EUW1_7800860879;2026-03-27T18:32:54Z;1964;420;Jinx;BOTTOM;BOTTOM;0;8;10;12;17688;317;22;32965;25288;8;5;17;cgeptgV_d_hjB17bMliakEYtlvzlKXxLP4e_tfvOAD65TTH-TfEEPuzMZC_Iu0UONlMITyHT4MJe2A;2,000000000000000
EUW1_7800860879;2026-03-27T18:32:54Z;1964;420;Thresh;UTILITY;BOTTOM;0;3;10;18;9763;38;111;7051;32010;52;14;15;AcYg_cP1J0cE3QD_1C-N6Stm4HI8x4Jf_7blWr22GO27p3MeCE_aj570Wz4sMkDXmHr4ReaXiB-C_g;2,100000000000000
EUW1_7800681352;2026-03-27T16:17:37Z;931;420;Renekton;TOP;NONE;0;0;4;1;4014;82;8;5794;17546;5;0;10;4LiyQ9VGtoJQpjkYoCh284biNhVSAY7f5X4YMcNvI0xPsnj47Y32X6-ocXKhp2R2hMuP_caXByWjkQ;0,250000000000000
EUW1_7800681352;2026-03-27T16:17:37Z;931;420;XinZhao;JUNGLE;NONE;0;1;2;2;5702;117;25;4559;13559;8;3;10;IIq6N7mpkXdWR62tw1hfA4QtDsX5_OF8ioMnRI7Cr7NE2S5CesrzkDdQsom5lx9qx6nxRqJlaSaV3A;1,500000000000000
EUW1_7800681352;2026-03-27T16:17:37Z;931;420;Ahri;MIDDLE;NONE;0;1;3;3;5177;129;12;5107;7996;5;0;11;eedEru7h7XXlufocO97CSCWgLqbE2e_sHu5xlOOFUvkk0NHSTWpLDWKcwBdmx82me--KLMhHEHU40Q;1,333333333333333
EUW1_7800681352;2026-03-27T16:17:37Z;931;420;Yunara;BOTTOM;NONE;0;3;3;0;6620;140;8;7127;7549;5;1;10;cNd8-Haq2p9KdePPtdCXi3THTex_zspQ5PA7UOTDrhL99xzJNyCZS1ymDSymbW6Ci_oMNpJtP_zkYQ;1,000000000000000
EUW1_7800681352;2026-03-27T16:17:37Z;931;420;Nautilus;UTILITY;NONE;0;0;4;2;3538;24;25;3262;9316;12;2;7;-SOtMLVoDpebwAJetCzZ80KjFHK5l0st9DjtEK3LPqp2nKDeJi6-tb4FFpiSk8_tYmMRsKxvTgUShw;0,500000000000000
EUW1_7800681352;2026-03-27T16:17:37Z;931;420;Aurora;TOP;NONE;1;4;1;2;7340;148;12;18077;8661;6;0;13;HqQSahCTp_2FbKA489-KzgI2UH77ZplICcWa2H_ser_L_xaR8XN1NlvFfR7ikJHqn19iioq0VPDhsQ;6,000000000000000
EUW1_7800681352;2026-03-27T16:17:37Z;931;420;JarvanIV;JUNGLE;NONE;1;5;0;6;7585;120;19;5390;10458;5;1;11;kKZeeggC9P2l5JbPnJF42lX1rerk0ORdYIaBOY26M51TZ8KQ0Jgve2z02r_k7stFNscvcd8kr1X31g;11,000000000000000
EUW1_7800681352;2026-03-27T16:17:37Z;931;420;Yasuo;MIDDLE;NONE;1;1;2;2;6296;147;11;4997;8046;5;2;11;sXtIv21Z0dYmucgbNfp-wR9Vh6NuxUSAggdilycuhUKkh9DfPckYOJuDfpSfA7lIb6JgkY_OVJZESA;1,500000000000000
EUW1_7800681352;2026-03-27T16:17:37Z;931;420;Aphelios;BOTTOM;NONE;1;6;0;1;9073;169;9;10516;4555;7;1;10;cgeptgV_d_hjB17bMliakEYtlvzlKXxLP4e_tfvOAD65TTH-TfEEPuzMZC_Iu0UONlMITyHT4MJe2A;7,000000000000000
EUW1_7800681352;2026-03-27T16:17:37Z;931;420;Lulu;UTILITY;NONE;1;0;2;5;4550;21;27;3476;5585;12;3;8;iDz1UkdYe4IFPUj6ym3PolTjcBg-jyrhr1g-vAjqm7oPWG1cyu3Wa87gNg2VFlnUVgAzQw1bxnu1dg;2,500000000000000
EUW1_7800642485;2026-03-27T15:37:33Z;2135;420;Zilean;TOP;TOP;1;2;4;29;11080;139;58;10534;28203;19;3;19;L56hea3XS4T2GMdpzwR8WSDi3fisrp5riUcx2B5TB3U3BM_b0Vub1q0lnHCmcgWUqFtkrdNSbIRPOQ;7,750000000000000
EUW1_7800642485;2026-03-27T15:37:33Z;2135;420;Vi;JUNGLE;JUNGLE;1;6;8;25;14507;221;44;36798;45549;5;9;17;QW7Ppts8_saXrB2VSmdFrai5pfxz7SFpLcfHGUP00Kb0KGYbglUBLiLRhsDZHWMRypgaloDMrIIA3w;3,875000000000000
EUW1_7800642485;2026-03-27T15:37:33Z;2135;420;Azir;MIDDLE;MIDDLE;1;20;5;13;19888;333;36;73164;27829;9;9;18;zGw9VlxKENGiHERpI8dmDuHVwcxzP8l7kyeY1FimhsJISA20if1OEc8fJsOnoje3CgXbDo_8WuPv0Q;6,600000000000000
EUW1_7800642485;2026-03-27T15:37:33Z;2135;420;Ashe;BOTTOM;TOP;1;15;9;21;20105;262;40;50455;36751;10;7;17;m590JpOYKtbfiCpS55JM3wmeCkJqmBk7d9xszd1c6R4N-BAAopJWsuntEEesn2LS3mXFuhq3CQQWJw;4,000000000000000
EUW1_7800642485;2026-03-27T15:37:33Z;2135;420;Seraphine;UTILITY;BOTTOM;1;5;8;33;12591;52;94;17312;24768;44;5;16;7GsxNMvx55EWnCShnJr3b0AQYCqGM_YDiVnTSdFPMciKsG46j4uukIYcHdmroAuQKmir2Y6WOmUxqA;4,750000000000000
EUW1_7800642485;2026-03-27T15:37:33Z;2135;420;Sylas;TOP;TOP;0;4;10;8;12231;210;28;23697;45774;7;5;17;cgeptgV_d_hjB17bMliakEYtlvzlKXxLP4e_tfvOAD65TTH-TfEEPuzMZC_Iu0UONlMITyHT4MJe2A;1,200000000000000
EUW1_7800642485;2026-03-27T15:37:33Z;2135;420;JarvanIV;JUNGLE;JUNGLE;0;2;10;21;13455;244;21;17586;36002;4;5;17;niiis1QVXgEBqG8hbPaDH18g7Ako3myjxCtQbE9RFIIhd8LeUH81IoOLczIiPlBjgrsAJFf7AGZxaA;2,300000000000000
EUW1_7800642485;2026-03-27T15:37:33Z;2135;420;Ornn;MIDDLE;MIDDLE;0;3;7;12;12910;241;48;21246;54701;16;5;17;XC3oAQltw_rPZYuc5r86_sShp-bCIKKWJVOFxA5fv3i6YpSe3PQG0jG-y7iCE7WMLjJQTIWPjc_71w;2,142857142857143
EUW1_7800642485;2026-03-27T15:37:33Z;2135;420;Draven;BOTTOM;BOTTOM;0;21;11;3;26092;297;24;62005;40381;11;5;18;zfivCaPca6BzpByvM3goXf1i1NAEvCoUl6EjojxuXGR-LXE-ZoIDgqUyHx22-RUJiJqSagMSndZ7dw;2,181818181818182
EUW1_7800642485;2026-03-27T15:37:33Z;2135;420;Bard;UTILITY;BOTTOM;0;4;10;25;13323;31;104;20613;40903;44;15;16;sXqdsQfgz3cKLJFDQqFWhKlQaKGXEUkK2UP-oByT5GSLdLEf0Ovs35HsAEpwy43b4SPQLDo-4hKp5g;2,900000000000000
EUW1_7800590000;2026-03-27T14:57:22Z;2056;420;Sion;TOP;JUNGLE;1;6;4;14;14340;238;27;20464;41538;13;1;19;jqsWDCjavddoy7LPQbOJvG5spIUNujvcyfYoxtIc9mXHH6LNOgkzBd1fEVMGYT4WF3Z60Flp30XT4w;5,000000000000000
EUW1_7800590000;2026-03-27T14:57:22Z;2056;420;Nunu;JUNGLE;JUNGLE;1;9;2;24;16277;250;32;21954;57553;3;6;18;w3BosLTRBulL_ZFL_GwfPN4SGaLiTftUhj6ts37N0k4GmIycXQvUppPnELK9Uqpz1bude-dfHVwxmQ;16,500000000000000
EUW1_7800590000;2026-03-27T14:57:22Z;2056;420;Sylas;MIDDLE;JUNGLE;1;17;4;15;18012;231;27;45440;38970;7;5;18;FFeVQZ5H-bqiJADuZPFbroqoNb4sZI_nivdJAG-un7vHwaOnGyWxL2zuxA_Y71OvFRoFPd5pjEUu9w;8,000000000000000
EUW1_7800590000;2026-03-27T14:57:22Z;2056;420;Seraphine;BOTTOM;BOTTOM;1;3;4;17;13092;224;17;13307;18529;10;2;15;i-VJJSaBU_FcJEDdnKSti9NLHJZMCr1mISjpYhewwqzal6_4jXzEaHuo-khIk6AOakZus2lVDJ0TeA;5,000000000000000
EUW1_7800590000;2026-03-27T14:57:22Z;2056;420;Senna;UTILITY;BOTTOM;1;2;1;24;11825;65;98;21034;21753;38;16;15;k6p1C_4GOpJJQ1L7W35sY80lG7vkxshxDMdGBCsZmojZd-Gm9w7jEP7lNrbzQXdSc2lWinMKFvoLXw;26,000000000000000
EUW1_7800590000;2026-03-27T14:57:22Z;2056;420;Gwen;TOP;TOP;0;4;10;3;15184;310;31;47580;56267;13;0;19;Y_y_8LDSJQpFNrW2yfnPSi9dYYEsOCnmixxeC7HCAM5LeVwAMa0qz8cojDPN1_JwFGdjgVQQBCdz-Q;0,700000000000000
EUW1_7800590000;2026-03-27T14:57:22Z;2056;420;Nocturne;JUNGLE;JUNGLE;0;6;3;4;13749;249;33;15240;30671;6;7;16;kLEUYlbaqL3ZEG6u1IaZ_3qibgiIOD1C6NSMDslv9bQpnp9B5sWc5HFn8cGfaHQlHQqPcZf9dGecCQ;3,333333333333333
EUW1_7800590000;2026-03-27T14:57:22Z;2056;420;Ahri;MIDDLE;MIDDLE;0;2;7;5;12077;267;36;27455;24550;7;6;16;zGw9VlxKENGiHERpI8dmDuHVwcxzP8l7kyeY1FimhsJISA20if1OEc8fJsOnoje3CgXbDo_8WuPv0Q;1,000000000000000
EUW1_7800590000;2026-03-27T14:57:22Z;2056;420;MissFortune;BOTTOM;BOTTOM;0;3;6;6;17193;359;30;30498;19617;7;6;16;cgeptgV_d_hjB17bMliakEYtlvzlKXxLP4e_tfvOAD65TTH-TfEEPuzMZC_Iu0UONlMITyHT4MJe2A;1,500000000000000
EUW1_7800590000;2026-03-27T14:57:22Z;2056;420;Nautilus;UTILITY;BOTTOM;0;0;11;7;7716;28;99;7248;25962;55;4;13;7GsxNMvx55EWnCShnJr3b0AQYCqGM_YDiVnTSdFPMciKsG46j4uukIYcHdmroAuQKmir2Y6WOmUxqA;0,636363636363636
EUW1_7800549005;2026-03-27T14:20:10Z;1589;420;Anivia;TOP;JUNGLE;0;4;5;5;10096;198;24;15225;30527;10;3;17;YlrBTL1ihxTypTV8CwwopWMGgvCPBNZ9G8B4z52XFkClBDvLD3F9BUJj3-ctemhdYYiN2kE_C79dQg;1,800000000000000
EUW1_7800549005;2026-03-27T14:20:10Z;1589;420;JarvanIV;JUNGLE;JUNGLE;0;8;4;5;13159;203;18;13286;20617;3;3;15;kLEUYlbaqL3ZEG6u1IaZ_3qibgiIOD1C6NSMDslv9bQpnp9B5sWc5HFn8cGfaHQlHQqPcZf9dGecCQ;3,250000000000000
EUW1_7800549005;2026-03-27T14:20:10Z;1589;420;Jayce;MIDDLE;MIDDLE;0;2;5;4;10124;257;18;14273;24253;4;4;15;vF3HCkg5aJQWy7O5lGW1onmPlj0nRsnYPD-zLZreHWh9QG2qLJa9lfGOf--XCFaLlGIwoRXoOixiZQ;1,200000000000000
EUW1_7800549005;2026-03-27T14:20:10Z;1589;420;AurelionSol;BOTTOM;BOTTOM;0;2;9;8;10242;190;14;18629;24958;8;1;13;kYG4VBTYrBnPLD2--jZUvXwas32ojq72zpR_LiLY-b3UYdQt5YgFu_zpDTMBPBNSJ0EiS6L29oLFZQ;1,111111111111111
EUW1_7800549005;2026-03-27T14:20:10Z;1589;420;Alistar;UTILITY;BOTTOM;0;0;5;7;6296;28;110;3899;23524;46;13;11;BRLg6A8ZPTWMV0rjk15NJtnA-JzFQGcMmbQrDIHapfE7JvaVVL_N-Nvjd9A5sso_RiR4p8XtC0R_Vg;1,400000000000000
EUW1_7800549005;2026-03-27T14:20:10Z;1589;420;Camille;TOP;JUNGLE;1;4;5;5;10669;205;11;17140;23372;8;0;16;IuypvYuSXM3Y7xBCnRo6cz_okRlXMCCwD0hxKNjm8s89JVBIbXCYjHItW7Jda5X9EqB0nBYj3On6Mg;1,800000000000000
EUW1_7800549005;2026-03-27T14:20:10Z;1589;420;Karthus;JUNGLE;JUNGLE;1;8;2;8;15155;260;20;25049;18883;5;2;17;JoOjNewynqxbifHScRwFFQq5nJPDUNvXhen_YhScGCIeF6mxYEPJ10s5J7b9MsN8kn6SQi8Va43qjw;8,000000000000000
EUW1_7800549005;2026-03-27T14:20:10Z;1589;420;Leblanc;MIDDLE;MIDDLE;1;6;1;10;11871;221;18;27872;15692;6;3;16;zGw9VlxKENGiHERpI8dmDuHVwcxzP8l7kyeY1FimhsJISA20if1OEc8fJsOnoje3CgXbDo_8WuPv0Q;16,000000000000000
EUW1_7800549005;2026-03-27T14:20:10Z;1589;420;Ezreal;BOTTOM;BOTTOM;1;10;4;10;16306;238;22;37105;18188;8;7;16;cgeptgV_d_hjB17bMliakEYtlvzlKXxLP4e_tfvOAD65TTH-TfEEPuzMZC_Iu0UONlMITyHT4MJe2A;5,000000000000000
EUW1_7800549005;2026-03-27T14:20:10Z;1589;420;Rell;UTILITY;BOTTOM;1;0;4;15;7360;26;100;5670;13493;45;10;12;7GsxNMvx55EWnCShnJr3b0AQYCqGM_YDiVnTSdFPMciKsG46j4uukIYcHdmroAuQKmir2Y6WOmUxqA;3,750000000000000
EUW1_7801433497;2026-03-28T01:58:59Z;1759;420;Anivia;TOP;JUNGLE;1;1;5;9;10783;206;39;17509;28873;13;6;17;6BPTm2S9twaW_Cu-NJrzkiNYVZeI7zqNBd-sJddttrQ45_76j_gM_YpdogB1mWMt8FeV7dp5ksGTKQ;2,000000000000000
EUW1_7801433497;2026-03-28T01:58:59Z;1759;420;MasterYi;JUNGLE;JUNGLE;1;10;1;7;15786;254;41;18417;18302;7;9;17;IhogPExnnKi3bHlmT6XX3ebI5AWU7vJI_CDPRqK2d_iE3FBvhuMRZzogz2k6e9O47NXE3MWUZIxsVA;17,000000000000000
EUW1_7801433497;2026-03-28T01:58:59Z;1759;420;Mel;MIDDLE;MIDDLE;1;8;3;6;13151;273;36;16544;13397;12;8;17;cepYb3e8tBQ-4hANxDVlvq-1_C18axF25dW37pFr0DCdhfj-qV9sRtOyMMgU9krRDGgsHLs297V2bw;4,666666666666667
EUW1_7801433497;2026-03-28T01:58:59Z;1759;420;Ezreal;BOTTOM;BOTTOM;1;12;4;12;17871;269;21;40487;26562;7;6;16;7cY5pw7XgsyY7EgSdmojf7kRjSk_GqeJM8bQy9sXxkXJkJkNNqZG25EYobPMSLVz5-tKQm29RSoypg;6,000000000000000
EUW1_7801433497;2026-03-28T01:58:59Z;1759;420;Pyke;UTILITY;MIDDLE;1;3;6;15;10153;23;107;9136;17256;50;9;13;IusMrrcgIG5Jqx5MSvrSLBV6hyuA-E1zIGYXClC8mBZhECIpJWwi87x7ATnrvbxP6mW1zZ4q1sq5CA;3,000000000000000
EUW1_7801433497;2026-03-28T01:58:59Z;1759;420;Ornn;TOP;TOP;0;0;2;7;9142;232;33;14508;27177;12;6;16;Y5BNmw3ShwKyZ37ANjyNH3zqHaS_c77HnqmIWn0CavQxbtmXfx-bz0Vf0LOcMEXFDyexdZVgMhAlrw;3,500000000000000
EUW1_7801433497;2026-03-28T01:58:59Z;1759;420;LeeSin;JUNGLE;JUNGLE;0;3;12;9;9161;133;47;15010;31043;24;3;13;Q1absH4iJLLEfBfKvAZwgkZoOBnz8GDJiGF8LfPthBLkKhmzIKcdHKkQv9sSi5bEXzqBKDeNH-FQAA;1,000000000000000
EUW1_7801433497;2026-03-28T01:58:59Z;1759;420;Katarina;MIDDLE;MIDDLE;0;6;6;3;12073;244;20;15432;26568;5;5;15;frvLLcL9xfO-Q8TJr6WuSdPTJDE9ThtKsUJkfAOUMoJBwNdpzBaN7QriPfrRkk-vbUb8Yk9g60PyWg;1,500000000000000
EUW1_7801433497;2026-03-28T01:58:59Z;1759;420;Draven;BOTTOM;BOTTOM;0;8;5;6;17280;239;28;32306;20778;8;8;14;PZ4p7lcRlnsuIyWzNGRyksAHSriUpVjl2k3ydAZ9xvkKgAzdq0nSzgyAijkFLIA4tiA-o-dNCYhynA;2,800000000000000
EUW1_7801433497;2026-03-28T01:58:59Z;1759;420;Janna;UTILITY;BOTTOM;0;2;9;12;7828;20;74;5327;22076;37;5;13;WdgHAmhpY_EL4LrRH1ob-VAnRywFFzNW_Mvti6J9pJmI8pQQZGdN7NFf4xs91Ix5YK1QjBl_GHo4ww;1,555555555555556
EUW1_7801394985;2026-03-28T01:03:54Z;1714;420;Singed;TOP;JUNGLE;0;3;5;11;11052;219;22;17617;29363;12;1;16;FGa1xk43EMxpVXKD_RoV1346NRWk7mFjqODbBs-VHshE0wUrW0j5dT9CP7oepIoLXbugQz3vL3yf3w;2,800000000000000
EUW1_7801394985;2026-03-28T01:03:54Z;1714;420;Hecarim;JUNGLE;JUNGLE;0;13;7;9;15444;208;26;30558;42907;11;1;16;uu_QvEiZSV_KJpZIrcB0VIQ8gZgkDIt0ujavcwj4jPqJEbhvP0cIZzrzVpPYEkIKERGHImsaXD93fQ;3,142857142857143
EUW1_7801394985;2026-03-28T01:03:54Z;1714;420;Yone;MIDDLE;TOP;0;2;9;5;10584;209;18;17461;30126;7;3;14;oybidZSURjDaQ4fOCex2RIssTSYf8T4sA3nHcparGWLWUnWd-BziUbvB-5QeJi9lXz2jYmEaccgY9g;0,777777777777778
EUW1_7801394985;2026-03-28T01:03:54Z;1714;420;Sivir;BOTTOM;BOTTOM;0;5;8;14;14060;230;19;29058;22836;9;2;14;PZ4p7lcRlnsuIyWzNGRyksAHSriUpVjl2k3ydAZ9xvkKgAzdq0nSzgyAijkFLIA4tiA-o-dNCYhynA;2,375000000000000
EUW1_7801394985;2026-03-28T01:03:54Z;1714;420;Thresh;UTILITY;BOTTOM;0;3;7;15;9052;56;58;11540;23383;20;5;13;QU9JWg2TrvRPQ1mwsb2J6qVvJFlWTvlwjJYQkRCyGzj_ZHz82lFa5nQi07VyE2INGfFon8JXfiuL8g;2,571428571428572
EUW1_7801394985;2026-03-28T01:03:54Z;1714;420;Vayne;TOP;JUNGLE;1;9;4;5;15213;230;17;30936;21102;9;1;18;6BPTm2S9twaW_Cu-NJrzkiNYVZeI7zqNBd-sJddttrQ45_76j_gM_YpdogB1mWMt8FeV7dp5ksGTKQ;3,500000000000000
EUW1_7801394985;2026-03-28T01:03:54Z;1714;420;Ivern;JUNGLE;JUNGLE;1;2;6;20;10668;148;24;10463;19787;11;1;15;8lg1n2lB_MXDl54qqjmY6B3LaQiSbxjAKh4J0Rbq1iEfqYZpaPXaMgSBaf_Nj5YwIZ0IzGgrH84Hng;3,666666666666667
EUW1_7801394985;2026-03-28T01:03:54Z;1714;420;Anivia;MIDDLE;MIDDLE;1;12;3;12;16404;266;20;38679;33968;13;1;18;sy3nkQCGlpB65ij5-8vHk0fZeqyQpWqlv-3eo75BREVzZ91RDecuYq5tR9uLv2cthsvJ63CiJ2nteA;8,000000000000000
EUW1_7801394985;2026-03-28T01:03:54Z;1714;420;Xayah;BOTTOM;BOTTOM;1;8;6;14;15279;241;17;34371;23457;10;2;16;fMXUwBm2plHsP32YXk10hOYoS5D82bvTLyIzDBN61Z7fwfETC1QPk3Nbrnju1IUqNw32PJV5XLnIVA;3,666666666666667
EUW1_7801394985;2026-03-28T01:03:54Z;1714;420;Rakan;UTILITY;BOTTOM;1;5;7;21;9851;15;82;9208;26955;37;5;13;1Qu0ilbvW7ZAYLu95Edjg99vsJWV6j2DXDYGn7D9pFwAN-2kVKDF6JoERDi34cCXt9QFNk_BZxQpng;3,714285714285714
EUW1_7801045849;2026-03-27T20:40:59Z;1317;420;Akali;TOP;JUNGLE;1;10;5;3;9875;157;18;26922;20269;8;0;14;cKye3JO8mrny3CKxlWDij4T1gyYHpm02SyZru4pry7G_icjTcuokMHmNzA6FyvTHVO0ZI1A4FTxhwQ;2,600000000000000
EUW1_7801045849;2026-03-27T20:40:59Z;1317;420;Diana;JUNGLE;JUNGLE;1;4;4;8;10824;153;24;13344;16270;8;2;14;aGCYjGSKJiSOKlftC0B47QMyaBkvlu_RDmfFL1jp3todgycNLir31a_YfkpX63ikxnb130gJdqNlvw;3,000000000000000
EUW1_7801045849;2026-03-27T20:40:59Z;1317;420;Yasuo;MIDDLE;MIDDLE;1;3;1;1;10943;249;25;10320;14505;10;1;16;6BPTm2S9twaW_Cu-NJrzkiNYVZeI7zqNBd-sJddttrQ45_76j_gM_YpdogB1mWMt8FeV7dp5ksGTKQ;4,000000000000000
EUW1_7801045849;2026-03-27T20:40:59Z;1317;420;Ezreal;BOTTOM;BOTTOM;1;14;3;4;16475;212;20;29277;18179;9;3;14;y7qEtiIjqX_7Z9CzABUgUZIb1tUqiafik_X6IQKXIYOB8eJUyUHq63JToZlJVza10qHQmzy1Q5yTyw;6,000000000000000
EUW1_7801045849;2026-03-27T20:40:59Z;1317;420;Sona;UTILITY;BOTTOM;1;1;7;16;7650;12;60;9529;16474;25;4;12;4l59nAiadnurFBS-A_74wSLFzTDLS62X8Yy7Dn-ueyGCWFBBP0FtHb6bHPCUe6NWzqBr_LxSWrqWcg;2,428571428571428
EUW1_7801045849;2026-03-27T20:40:59Z;1317;420;Camille;TOP;MIDDLE;0;3;3;4;8433;176;15;12450;22450;8;0;14;osAvV4W5HO0A9yyGRNl1fBlXMJttb8vPiY_E9OpF2Q1ni1AzsOHnZ6kYjMPVnPnYvEvwlI5rio1lyA;2,333333333333333
EUW1_7801045849;2026-03-27T20:40:59Z;1317;420;Jax;JUNGLE;JUNGLE;0;3;6;5;8401;151;24;10367;22331;7;2;12;ob-fiLQS8wWmxtqPJsaxipmHmJTXPGrHwFojzky4H5S_EXd_HuUmABwrjpWy_5rdo5eKIFcmIeoldA;1,333333333333333
EUW1_7801045849;2026-03-27T20:40:59Z;1317;420;Karma;MIDDLE;MIDDLE;0;2;5;2;6572;113;19;10257;18836;6;0;12;mI2za4aen0HxWpR7V9g8Lki2KYEWowjPFfSzKnlmgM1hsNy3ePzUUnfa1uonlHj7xfQGIiw6wpg7rA;0,800000000000000
EUW1_7801045849;2026-03-27T20:40:59Z;1317;420;Jhin;BOTTOM;JUNGLE;0;5;8;2;9383;157;8;15675;23113;4;0;12;cBYBvtq32HwopvFDRnUaiMKLQt3uw4GgkN_32FLr8MJBH4td4aHZRkrs11IZ49qgiYsmXkHQmOwXaQ;0,875000000000000
EUW1_7801045849;2026-03-27T20:40:59Z;1317;420;Twitch;UTILITY;TOP;0;7;10;4;7956;43;57;16479;17386;29;2;10;WMZ7Kmnxksj_DCvthGkVqjrJC7bM1trwZOJlw5QvuXCQT8lu7DgwM8k7z6Jc5eVJG59kiTSFBsu0fQ;1,100000000000000
EUW1_7800732941;2026-03-27T16:54:15Z;2525;420;Jayce;TOP;JUNGLE;1;8;9;16;19221;280;62;66535;40983;21;13;20;JLruT9lqIX36WrvKfLp0NPIt-7z5ZLPAYI3OkhjSHJtlflNZPdGw8dV3Vbjg4j_PZe3Zt_I2zQXY0Q;2,666666666666667
EUW1_7800732941;2026-03-27T16:54:15Z;2525;420;Ambessa;JUNGLE;JUNGLE;1;14;5;13;21034;345;35;52983;63156;5;6;18;G8Ce1kwpFnIkimQ2tPowC6tPYmaZh9qSBTA4s7A4VWjdUUKXmCuxRtcuqSoK0feBer-o2rQGpMD1WA;5,400000000000000
EUW1_7800732941;2026-03-27T16:54:15Z;2525;420;Fizz;MIDDLE;MIDDLE;1;13;6;7;19657;333;40;42730;35723;17;3;18;Md67vjYGerYXX1jInjt2Rg3i7QvPhS2p0JIIurHGSsdnikW9w7fO5p5HlwVdouXYnB3bw6WVnYw0vg;3,333333333333333
EUW1_7800732941;2026-03-27T16:54:15Z;2525;420;AurelionSol;BOTTOM;BOTTOM;1;6;7;17;18333;303;16;42541;25755;9;1;18;WS1_rGdOyxPN64hUtFmez_URIMw_LBBwvj507QUMbhfxCjWDh_70z7wnyfIYbcNiq0q0JLJRN6n53w;3,285714285714286
EUW1_7800732941;2026-03-27T16:54:15Z;2525;420;Rakan;UTILITY;BOTTOM;1;4;4;28;13181;35;174;8980;34091;83;15;16;mLeFUNHXNpH_KP4ffZVfqxKxzlZL6m_9MhXUxYx4VSFkIDpFrJilyHq0D_9qt6f1juAxGhZ37d2hxQ;8,000000000000000
EUW1_7800732941;2026-03-27T16:54:15Z;2525;420;Gnar;TOP;TOP;0;5;13;6;14598;257;52;28762;55171;19;6;19;6BPTm2S9twaW_Cu-NJrzkiNYVZeI7zqNBd-sJddttrQ45_76j_gM_YpdogB1mWMt8FeV7dp5ksGTKQ;0,846153846153846
EUW1_7800732941;2026-03-27T16:54:15Z;2525;420;JarvanIV;JUNGLE;JUNGLE;0;4;10;17;16101;263;59;20966;62259;13;11;18;zDTiqg4eKfyToPLqnJq8_zVzDZrSWLfw7-mrkBLjQuWRC9_i782fAcC5QnxiEQrlJ2i7YU1Ldv7S5g;2,100000000000000
EUW1_7800732941;2026-03-27T16:54:15Z;2525;420;Singed;MIDDLE;MIDDLE;0;1;6;14;14907;297;25;28971;42842;4;4;18;eVB5MVEFqb30M6GVKti9oSBaN4qDyx8GaGEMx3rkvd6RAes_SpFYe6RoxUfRI6Px1x7Km7mDlQsd2Q;2,500000000000000
EUW1_7800732941;2026-03-27T16:54:15Z;2525;420;Ezreal;BOTTOM;MIDDLE;0;13;6;10;26184;396;41;61607;42133;12;6;18;aacV61k17cLnHj6KdWDBzaDVX3XP_lt_GKEbwclk1a759ZVheT9GL428w-vEeY59GhG_loe0bTyMVQ;3,833333333333333
EUW1_7800732941;2026-03-27T16:54:15Z;2525;420;Bard;UTILITY;JUNGLE;0;8;10;15;14689;39;145;27167;47201;44;20;17;sXqdsQfgz3cKLJFDQqFWhKlQaKGXEUkK2UP-oByT5GSLdLEf0Ovs35HsAEpwy43b4SPQLDo-4hKp5g;2,300000000000000
EUW1_7800703101;2026-03-27T16:31:40Z;1083;420;Ambessa;TOP;NONE;1;3;2;3;6872;146;24;8521;16155;9;3;13;JLruT9lqIX36WrvKfLp0NPIt-7z5ZLPAYI3OkhjSHJtlflNZPdGw8dV3Vbjg4j_PZe3Zt_I2zQXY0Q;3,000000000000000
EUW1_7800703101;2026-03-27T16:31:40Z;1083;420;XinZhao;JUNGLE;NONE;1;4;0;5;7701;137;16;7749;18223;2;2;12;NVwrPSFiwaaizMuyDtFpuAJXpJj7y0tAGT21TuBiiASyyRcFRSXCIaPK2bZKCaaYtiuDMEo-JRIG8A;9,000000000000000
EUW1_7800703101;2026-03-27T16:31:40Z;1083;420;Naafiri;MIDDLE;NONE;1;4;1;1;7868;156;13;7211;7192;6;1;12;3Nl02phOfui5AxgvDMgFsDtJyQb0T-XnMPLMYIjYRx1DJ5po8CVS9OLE0OXr13_hdsUU59LVfiPzXQ;5,000000000000000
EUW1_7800703101;2026-03-27T16:31:40Z;1083;420;Karthus;BOTTOM;NONE;1;4;4;4;8001;157;8;15471;9236;5;1;11;1p9zoKBFtXnSrlW6BfN2EzEnVx-rKpfbQSRHDzzd7MtCEBNKQsuVVXHfvOBjlaAQFTrtXRwiIzHkng;2,000000000000000
EUW1_7800703101;2026-03-27T16:31:40Z;1083;420;Nautilus;UTILITY;NONE;1;1;2;7;4876;16;47;6396;8047;18;4;9;7HmBdeii9S4gImZt7zlOiFYRTM5peWV0Ia2AW29zOtkfZS8hnd5hOuAGJrNco_ZyATLQ-A5ra7Nfmw;4,000000000000000
EUW1_7800703101;2026-03-27T16:31:40Z;1083;420;Jayce;TOP;NONE;0;2;2;2;8677;181;28;13313;11090;10;2;13;6BPTm2S9twaW_Cu-NJrzkiNYVZeI7zqNBd-sJddttrQ45_76j_gM_YpdogB1mWMt8FeV7dp5ksGTKQ;2,000000000000000
EUW1_7800703101;2026-03-27T16:31:40Z;1083;420;Khazix;JUNGLE;NONE;0;4;3;1;7848;127;12;7944;15274;2;1;11;uCxn-uTa5FsI0WYvrCUdvh_gL0P6WlCEJtuTCn6JhP4vVJ9M0Nui4x1M70zbKYCffFAc8NpGPaxMuQ;1,666666666666667
EUW1_7800703101;2026-03-27T16:31:40Z;1083;420;Zoe;MIDDLE;NONE;0;1;2;4;6570;152;10;9729;11403;4;1;11;3Au392cEdpoHgUEmg2GIo6SWlZPtRpAXUsydxIfjGY7VEJ3rV6VyrTYyD_GmvpnXHmt_degN1eHSNQ;2,500000000000000
EUW1_7800703101;2026-03-27T16:31:40Z;1083;420;Kaisa;BOTTOM;NONE;0;1;4;2;7520;148;10;5016;10571;5;2;10;ZcMN44gq4qb13I3kgcFL47V6CR6eC5NlNevDK8YAy1z2UXOnwN_aLs6tFY2VmU5LlDFZImCDPU75IA;0,750000000000000
EUW1_7800703101;2026-03-27T16:31:40Z;1083;420;Bard;UTILITY;NONE;0;1;5;4;5036;18;36;5069;11318;13;3;9;sXqdsQfgz3cKLJFDQqFWhKlQaKGXEUkK2UP-oByT5GSLdLEf0Ovs35HsAEpwy43b4SPQLDo-4hKp5g;1,000000000000000
EUW1_7800579598;2026-03-27T14:44:15Z;1340;420;Renekton;TOP;JUNGLE;1;7;4;4;11080;183;17;15050;30018;7;0;15;6BPTm2S9twaW_Cu-NJrzkiNYVZeI7zqNBd-sJddttrQ45_76j_gM_YpdogB1mWMt8FeV7dp5ksGTKQ;2,750000000000000
EUW1_7800579598;2026-03-27T14:44:15Z;1340;420;Nidalee;JUNGLE;JUNGLE;1;7;4;9;12273;200;25;19307;23521;2;5;16;uWwP_7SKAQgzIEHLj9DhLIe9hpjlDt9E41OBDdPGOr6_UFEjKbEMGGeYKSfrRXik8f-59hhaX5CmFg;4,000000000000000
EUW1_7800579598;2026-03-27T14:44:15Z;1340;420;Yone;MIDDLE;MIDDLE;1;5;5;4;9955;194;8;17424;21195;5;0;14;LwyRooO71iMUTr7FRiXCddKpWjuDRavpdOmhO7c7GGbxrW0V9m2ih2AIcWoSbmBoVJHpbiZOSqrV4Q;1,800000000000000
EUW1_7800579598;2026-03-27T14:44:15Z;1340;420;Corki;BOTTOM;BOTTOM;1;9;3;6;15203;246;19;36167;18688;7;4;14;iDz1UkdYe4IFPUj6ym3PolTjcBg-jyrhr1g-vAjqm7oPWG1cyu3Wa87gNg2VFlnUVgAzQw1bxnu1dg;5,000000000000000
EUW1_7800579598;2026-03-27T14:44:15Z;1340;420;Janna;UTILITY;BOTTOM;1;1;3;15;8348;26;80;7752;9643;35;10;12;syZPkWpOSKi8WSBDx1Kwss96W5TnWG_RUq-3nFJ-6NGLwnOTXXNevdVhmCglfEs506OGjHnyR4Lczg;5,333333333333333
EUW1_7800579598;2026-03-27T14:44:15Z;1340;420;Rumble;TOP;JUNGLE;0;8;8;7;10944;168;15;26423;24393;7;0;15;NmC5gQoJ4ZQERvh7OTgdHoanaBcy9QcP4ZZa-1lM8U9aTLv4TJWJ-e8YDwIA5bLWdCDqN3HbVYhE4A;1,875000000000000
EUW1_7800579598;2026-03-27T14:44:15Z;1340;420;Pantheon;JUNGLE;JUNGLE;0;1;5;9;7754;127;23;13439;27301;6;2;12;-SOtMLVoDpebwAJetCzZ80KjFHK5l0st9DjtEK3LPqp2nKDeJi6-tb4FFpiSk8_tYmMRsKxvTgUShw;2,000000000000000
EUW1_7800579598;2026-03-27T14:44:15Z;1340;420;Ekko;MIDDLE;MIDDLE;0;4;6;4;9490;188;11;14570;22455;4;1;13;BaYXAmrnZj2pcwu-CM6LcM2n4qnb3Qc2M7hR6MoV8pCKiwKsVN-ZDiUK84O9rss3xzssOk4T5hYKEw;1,333333333333333
EUW1_7800579598;2026-03-27T14:44:15Z;1340;420;Tristana;BOTTOM;BOTTOM;0;3;6;3;10194;188;13;11292;18304;6;4;12;_pfkO1LTH-yzq0CcHxn4pVD3Su3tDDiCom5fef4772fxP0Xdzdji0u41UhmWoOK7u9HMpPkcgfD8nA;1,000000000000000
EUW1_7800579598;2026-03-27T14:44:15Z;1340;420;Nautilus;UTILITY;BOTTOM;0;3;4;5;6696;22;51;6996;18041;19;5;10;T8KVEiiEMAk8x-h-3Yu3YAzgIzaxqQO_yM3W-hUct5BzwqeVNeV0o8plB6o-htcIXuW7toBKzLP6wQ;2,000000000000000
EUW1_7800115970;2026-03-27T00:35:59Z;1538;420;Sion;TOP;JUNGLE;1;3;1;7;10637;220;33;16642;20685;7;5;16;6BPTm2S9twaW_Cu-NJrzkiNYVZeI7zqNBd-sJddttrQ45_76j_gM_YpdogB1mWMt8FeV7dp5ksGTKQ;10,000000000000000
EUW1_7800115970;2026-03-27T00:35:59Z;1538;420;Brand;JUNGLE;JUNGLE;1;6;0;5;12658;237;32;14799;17572;4;7;16;wpRR9TgBKISHYD1fnKinuW165pEtVGQD9YR8ocR1xPqG_LdAWYkHANVKvinLiydHUH8nbHTiq7_Nrw;11,000000000000000
EUW1_7800115970;2026-03-27T00:35:59Z;1538;420;Jayce;MIDDLE;MIDDLE;1;2;2;4;10506;232;30;14971;16183;10;4;15;72ac_JoS2xpsqdFKh1A8kszB0G3OwM1d-4UO6PxueL0h3JnoYs9qgkKxB5rWn6SfAzJRk_wOUmyqXw;3,000000000000000
EUW1_7800115970;2026-03-27T00:35:59Z;1538;420;Jinx;BOTTOM;BOTTOM;1;3;2;5;11758;235;34;19613;17249;9;8;13;UyzgWysJoS5IIn6v5EBYDW4b5nbAGpS1xyIispRC9l0AKFfQcwIEFMLx4ARDJ6hj0jaPVl8i2OFjQQ;4,000000000000000
EUW1_7800115970;2026-03-27T00:35:59Z;1538;420;Lulu;UTILITY;BOTTOM;1;2;1;9;7757;32;77;7763;9369;39;9;12;vDPvIF5T_hIK4LuMhS8sode1ksv3W3Sv5uW6oyIP9nddYHwWO4criIpPzqwgCFrM5f1zeUeBrNSQuQ;11,000000000000000
EUW1_7800115970;2026-03-27T00:35:59Z;1538;420;Aatrox;TOP;JUNGLE;0;3;5;1;9809;205;25;17967;33605;11;1;15;N2QdYzqxfYF8WC0ZP5L7HHz16TMM3kHH0TiHBme6gGH3KptibGAp6vI97vTT1XHQHedXr28-PRy-sQ;0,800000000000000
EUW1_7800115970;2026-03-27T00:35:59Z;1538;420;LeeSin;JUNGLE;JUNGLE;0;0;3;1;9801;230;25;5702;17756;12;2;15;oY4IaKU3bfJ5vKtWa7M-WNwMrSZfx_wZgNkzRUZvmG_nC-oAjH_sevTYwUDCuUWYgN-dc77kL6QnfA;0,333333333333333
EUW1_7800115970;2026-03-27T00:35:59Z;1538;420;Syndra;MIDDLE;MIDDLE;0;1;2;1;8760;220;16;13352;15886;9;2;14;nS3A3jIpkWwPgUP6AhLJuISZdA5KLF2UVdQ7whYjENoWTHEJjnkVVHqsSZ0jeg2ye3O6OR87gKiXFQ;1,000000000000000
EUW1_7800115970;2026-03-27T00:35:59Z;1538;420;Ezreal;BOTTOM;BOTTOM;0;2;4;1;11207;236;17;18647;16975;8;3;13;wTcPrANHBZg6X6CHTcTnKcCWbO__mK5-b6Kra6UoJnPlZ80OU_BaJtccDVFkNWnHRi758agangDMiw;0,750000000000000
EUW1_7800115970;2026-03-27T00:35:59Z;1538;420;Karma;UTILITY;BOTTOM;0;0;2;2;6088;39;91;4598;12117;52;11;11;ksTfMe_YZII89vrR6rmxJXWvNrX1IgebrkszPEJ_uwmu6Lz5I3QGPHcH5pd4DSpTCkJ82rwJ42XbKQ;1,000000000000000
EUW1_7800900961;2026-03-27T19:02:57Z;1355;420;Anivia;TOP;JUNGLE;0;2;5;1;8062;183;17;13740;24482;7;1;14;UgGjT27-Ca7RlkQh3ZlgJJMuchwjRffStyWLbFUwx7OSZ35t723CXDXnWjaLuCytN-iFdLIvpiTFng;0,600000000000000
EUW1_7800900961;2026-03-27T19:02:57Z;1355;420;Ambessa;JUNGLE;JUNGLE;0;1;4;3;8238;142;15;5825;15749;5;1;12;34CNZb1yWKJw3GwOBRKC80JxNdrzs-6WqVWVgHADVcaoT2V-UVXlJxTKEiaMgnZpcojuoaKHbLFn7g;1,000000000000000
EUW1_7800900961;2026-03-27T19:02:57Z;1355;420;Garen;MIDDLE;TOP;0;3;3;0;9209;200;19;6566;26446;8;1;14;5GR758aYrKezEc7Q3PnRkyZxKbtXCPz8-2KRjdbv8gj0HAyVeSNf378BAMY_nvazrZlPGS9ShHrveQ;1,000000000000000
EUW1_7800900961;2026-03-27T19:02:57Z;1355;420;Kaisa;BOTTOM;BOTTOM;0;5;5;2;10159;189;18;13685;16044;7;4;12;8obxNqJjBCI9OYyup3euMq3kdG4bZwrrkM21pmGkT9D0TPc_hQZ3q_R4BnUdMLmoWJqp55NYA87D4g;1,400000000000000
EUW1_7800900961;2026-03-27T19:02:57Z;1355;420;Alistar;UTILITY;BOTTOM;0;2;7;6;6361;32;55;5400;28438;27;3;9;xjK7rz1GKba7rxIuVayn0z-nxQuZINJt9HnlxOww7fFIo80S00Hm7MWIV6Yx6aDdZ_No640gHNpPzQ;1,142857142857143
EUW1_7800900961;2026-03-27T19:02:57Z;1355;420;Skarner;TOP;TOP;1;4;3;2;8754;159;21;15898;18943;7;2;15;nBGeeBQ0rLoo9DTarbdBDeuLKnEuBG0BUgc9KC5EJ7LK6dDslsh1vOpGdO3Rj3A5cQr7ikZL6H2yOg;2,000000000000000
EUW1_7800900961;2026-03-27T19:02:57Z;1355;420;Jayce;JUNGLE;JUNGLE;1;9;0;10;14407;204;32;28651;12125;5;8;15;0QrCCDxIepU3jCiei4_PmgW9NGa1OIJGEqPdCwYySK3xpvEIJihCcJ5ZpCfiO6yXjZDhijKMMK8iyA;19,000000000000000
EUW1_7800900961;2026-03-27T19:02:57Z;1355;420;Orianna;MIDDLE;MIDDLE;1;1;2;10;8771;184;24;15615;10884;10;2;14;cIraSl7WZfMtWAKsoPWVLOEBMFf8lXZjXaLU97oCR79nw03QVuThP8hRaOXHmmzlCGYIdTV8zXyPVg;5,500000000000000
EUW1_7800900961;2026-03-27T19:02:57Z;1355;420;Ezreal;BOTTOM;BOTTOM;1;7;3;6;12811;205;12;21556;9574;7;3;14;xxJULt5TkII3cm8igzqU_a7cabxxUcdOwpw71BZuCFoX0RnQKgD5XuOTKIQrmTnIpIDam0tqwoX00w;4,333333333333333
EUW1_7800900961;2026-03-27T19:02:57Z;1355;420;Elise;UTILITY;BOTTOM;1;3;5;10;7380;26;71;15814;14842;29;6;11;Gulke6KkQU1mm07-OE5cjytU86vaWpvQpUUsUNruSswGRR7Cs-DOMHs3D48RjiNujm_Mtcyd8IEnsQ;2,600000000000000
EUW1_7799240833;2026-03-26T12:49:09Z;1317;420;Ornn;TOP;JUNGLE;1;2;2;3;8740;185;22;12655;14700;11;0;15;-ohdeNMgproWGjTKhcsR320lIOWXVE_hDUjw6tv3V85VXyWx-5Rzo0D_SKim7CivwRXo-opmxnAubg;2,500000000000000
EUW1_7799240833;2026-03-26T12:49:09Z;1317;420;Jayce;JUNGLE;JUNGLE;1;12;0;2;14954;230;34;23045;15589;5;9;16;0QrCCDxIepU3jCiei4_PmgW9NGa1OIJGEqPdCwYySK3xpvEIJihCcJ5ZpCfiO6yXjZDhijKMMK8iyA;14,000000000000000
EUW1_7799240833;2026-03-26T12:49:09Z;1317;420;Ahri;MIDDLE;MIDDLE;1;6;2;5;10976;184;13;20808;13648;3;2;14;7ULsUCKAQUTbTxNhg4X0d6bvG-7F5G5aRfENT7-6BmhrYfzkfIVl90h7OTZpyR5FyKaoGJZtucdRJg;5,500000000000000
EUW1_7799240833;2026-03-26T12:49:09Z;1317;420;Yunara;BOTTOM;BOTTOM;1;4;1;2;10945;208;23;15828;9475;8;6;13;8vZSjo-qOkl_9MoyM9kJwBdWKmRu5am6-pxm2rETfqzh5k4vfwblqEnF_ZZ5NtFsmOdcipR9naDQAw;6,000000000000000
EUW1_7799240833;2026-03-26T12:49:09Z;1317;420;Lulu;UTILITY;BOTTOM;1;1;4;11;6926;16;75;10150;12115;33;7;11;iDz1UkdYe4IFPUj6ym3PolTjcBg-jyrhr1g-vAjqm7oPWG1cyu3Wa87gNg2VFlnUVgAzQw1bxnu1dg;3,000000000000000
EUW1_7799240833;2026-03-26T12:49:09Z;1317;420;KSante;TOP;JUNGLE;0;4;4;0;9641;195;19;11980;27178;7;1;15;yuZHDFrFeoKpLT2iP_ewRHL34QrGXzQ-hfF9kj-Zw9jRtrO5vFMYIjjFvVTnjSLP1FeHYMhEICmQag;1,000000000000000
EUW1_7799240833;2026-03-26T12:49:09Z;1317;420;Zaahen;JUNGLE;JUNGLE;0;1;5;3;7985;128;20;6885;23454;4;3;12;GSAYPf6dYhlNmKy81QVXpzMOvzQJXPoj6YJIZHrosKnvAJXBbBxZ3xWjQ03uUabpkL-l0OiPEs3O3Q;0,800000000000000
EUW1_7799240833;2026-03-26T12:49:09Z;1317;420;Veigar;MIDDLE;MIDDLE;0;1;6;0;7493;191;11;9040;16817;6;1;13;tTjsFnHlZzwcuU0c736cbUPQYp4H-Lymd4u8ZeGv96Azbn5VhZpZJZiib5L8--K9Y_xIBUwv0O3Fjg;0,166666666666667
EUW1_7799240833;2026-03-26T12:49:09Z;1317;420;AurelionSol;BOTTOM;BOTTOM;0;1;6;3;8434;162;9;10249;14428;6;0;11;Aqcvhj-4edah_SBOfcd1ciBCC2kokdNLXXXU_NUmx2-MrQmQh77OL1xg2ChopcdoME9nvbeSPEkgPg;0,666666666666667
EUW1_7799240833;2026-03-26T12:49:09Z;1317;420;Pyke;UTILITY;BOTTOM;0;2;4;1;6083;46;63;3774;15394;30;5;10;sho52nIAW4e_F0MaLXioZol7MIED2ULWZ4FqErx-6SADBXemTeKSUjx9uOZLgYe7nr2R6TBpc4Rhhw;0,750000000000000
EUW1_7798122641;2026-03-25T13:49:14Z;1774;420;Olaf;TOP;JUNGLE;0;6;7;3;11976;215;21;16567;39414;9;3;16;spyz6tvzV1nvFXEf6Y9BQjXXNAzAbfJFwidwBwRpg-gvhjPCRovobZfRxLgJTXdLXXAFD9AKsjvMxw;1,285714285714286
EUW1_7798122641;2026-03-25T13:49:14Z;1774;420;Jayce;JUNGLE;JUNGLE;0;6;7;6;14771;233;42;30158;26263;6;10;16;0QrCCDxIepU3jCiei4_PmgW9NGa1OIJGEqPdCwYySK3xpvEIJihCcJ5ZpCfiO6yXjZDhijKMMK8iyA;1,714285714285714
EUW1_7798122641;2026-03-25T13:49:14Z;1774;420;Velkoz;MIDDLE;MIDDLE;0;2;11;2;9687;215;28;16276;33539;10;5;15;wx3oW7K7RWYRhC_e0vGv-6am038moyT-L3c0GctejMfbQVQViaBQWoUQgRTJ62U1JzvyJkL1j_oJgg;0,363636363636364
EUW1_7798122641;2026-03-25T13:49:14Z;1774;420;Ezreal;BOTTOM;BOTTOM;0;6;8;3;12485;218;27;23608;28051;10;5;14;ldtAO3yjTqXwbms_VBdn2UqWPdY-juhKPTWxia3oSlbCTgGBQep2LGouCSz3o5mAk932t0aCV6-cVw;1,125000000000000
EUW1_7798122641;2026-03-25T13:49:14Z;1774;420;Alistar;UTILITY;BOTTOM;0;0;7;8;7211;26;86;5825;28732;37;5;12;2fQCy9-bpvOx5ahrqvHnmNRd5LyGmnGMnN-yOvkCgAAttGUYCvoUw02pWUauRCh21nlWqaRv3HQ7SA;1,142857142857143
EUW1_7798122641;2026-03-25T13:49:14Z;1774;420;Vayne;TOP;JUNGLE;1;8;4;4;14067;244;29;30170;20819;9;6;18;IuypvYuSXM3Y7xBCnRo6cz_okRlXMCCwD0hxKNjm8s89JVBIbXCYjHItW7Jda5X9EqB0nBYj3On6Mg;3,000000000000000
EUW1_7798122641;2026-03-25T13:49:14Z;1774;420;Nocturne;JUNGLE;JUNGLE;1;7;4;19;14327;203;23;27330;40244;8;4;17;uhT1SCc8Pm0Omi1DDB084Q9hpcbbvNx-6Cy5DZmOu2LpjbHEJWLluyj97_nzNrVfi11PKTkKCjhPKQ;6,500000000000000
EUW1_7798122641;2026-03-25T13:49:14Z;1774;420;Aurora;MIDDLE;MIDDLE;1;15;4;5;15660;262;33;44628;23472;8;6;18;Ir7WlwBErS56nuvkK11qTSqAGREVIGCHzY00_UqVTj1jZJ4_nDz7-_1GPozU-V3EeHcukFT-coibKQ;5,000000000000000
EUW1_7798122641;2026-03-25T13:49:14Z;1774;420;Seraphine;BOTTOM;JUNGLE;1;6;4;20;13784;225;22;23974;19258;9;5;17;iRZi0z69SDZqPvJLC8GxvSQnn7qttOWTHgfpHQWF6bqhIc8gpzG1rz9VtTryUbN1i3IrHKQ31snX3Q;6,500000000000000
EUW1_7798122641;2026-03-25T13:49:14Z;1774;420;Rakan;UTILITY;BOTTOM;1;4;4;17;8940;18;125;9294;24162;52;10;13;mW5wxx9PUR4zuXatTBzMXCOKD-Eenu31v4GGkElaY73EVawvJ7j8o7vGouIDv8ntyzj3-tqONl9Xtw;5,250000000000000
EUW1_7798007105;2026-03-25T11:38:07Z;359;420;Sion;TOP;NONE;1;0;0;0;1960;44;3;1917;2739;2;0;6;mzg7DPHdblq3VZ3q3b8YZp-X8vewMHOldSgRlwf3bVQJYGvPYZ7YWZRu1awxPPGvH06lFwMAaa6dOQ;0,000000000000000
EUW1_7798007105;2026-03-25T11:38:07Z;359;420;Graves;JUNGLE;NONE;1;2;2;3;2855;28;2;1665;2947;2;0;4;mvWFO_h11_FeeVo2AxgGVcv-OB_qSR5qchK-gCyQfc_dDmDj6-COalVxNCTSjOXBDHy0TnYHeBgA6g;2,500000000000000
EUW1_7798007105;2026-03-25T11:38:07Z;359;420;Orianna;MIDDLE;NONE;1;1;0;0;2499;53;3;2031;1164;2;0;6;Hv_C0Xf3ItxdDQohhLFD3i7aLT-LyUruUGoVfT-A5kqjCAl48RfxJJgxOjDzKnphM5HMI669leqD5g;1,000000000000000
EUW1_7798007105;2026-03-25T11:38:07Z;359;420;Draven;BOTTOM;NONE;1;4;0;4;3370;45;4;4074;2205;2;1;5;zfivCaPca6BzpByvM3goXf1i1NAEvCoUl6EjojxuXGR-LXE-ZoIDgqUyHx22-RUJiJqSagMSndZ7dw;8,000000000000000
EUW1_7798007105;2026-03-25T11:38:07Z;359;420;Pyke;UTILITY;NONE;1;3;0;5;2543;5;2;3132;2875;0;1;4;w1ct-OAVtHklo_eJeqEThtQheXt00IcT5JENFEBODGobVBfpzZ4KG8DVrx051bMNIMlM-rm1lUEw2A;8,000000000000000
EUW1_7798007105;2026-03-25T11:38:07Z;359;420;Gnar;TOP;NONE;0;0;0;1;2097;44;4;2519;3122;2;0;6;QOFPo_WCY8tFCJMv_uGFB6pwCziyTwccuTIu9PwM5jjzOP9-6Klo8_dfeixxfVRetujt0DDQaYl1YA;1,000000000000000
EUW1_7798007105;2026-03-25T11:38:07Z;359;420;Jayce;JUNGLE;NONE;0;1;2;0;2408;38;6;1282;3279;2;0;5;0QrCCDxIepU3jCiei4_PmgW9NGa1OIJGEqPdCwYySK3xpvEIJihCcJ5ZpCfiO6yXjZDhijKMMK8iyA;0,500000000000000
EUW1_7798007105;2026-03-25T11:38:07Z;359;420;Qiyana;MIDDLE;NONE;0;0;1;0;1594;26;1;1074;2304;1;0;6;EdyNEFNPRLbucCoFsJ7fLCGCcRKRy8aF8R8uBLSCR-E4mwwyyfxEgaHuvdghfZ8IlKeFxJHcRY07yQ;0,000000000000000
EUW1_7798007105;2026-03-25T11:38:07Z;359;420;KogMaw;BOTTOM;NONE;0;1;4;0;1977;29;2;2813;4669;1;0;5;3iic0Fh8PdnaAoJ4l771cDYKCKnDTQPqjj-umrdwsyNsxbCPL7WneYn8EllgdgZ6oyuKx677oCk41Q;0,250000000000000
EUW1_7798007105;2026-03-25T11:38:07Z;359;420;Nami;UTILITY;NONE;0;0;3;0;1355;3;5;659;2448;3;1;2;UDzAF26inV44rYTwoEurEvRmMB8dz5j0IE6sQbYxAWsfdfIsqXpP1a63op__LL2r06_uUUHRpY6iYA;0,000000000000000
EUW1_7796705175;2026-03-24T15:16:33Z;1373;420;KSante;TOP;JUNGLE;0;2;7;2;8662;188;15;14528;24849;7;0;15;Fvy5MMtdO4T34Y2LDIOFA4cHtxRo6_zccFAysh8oJlRmLhLyhib7OadrN0Lk5sWPCLYiDD2d7VMu1Q;0,571428571428571
EUW1_7796705175;2026-03-24T15:16:33Z;1373;420;Jayce;JUNGLE;JUNGLE;0;4;4;3;12225;187;34;13712;18687;4;8;14;0QrCCDxIepU3jCiei4_PmgW9NGa1OIJGEqPdCwYySK3xpvEIJihCcJ5ZpCfiO6yXjZDhijKMMK8iyA;1,750000000000000
EUW1_7796705175;2026-03-24T15:16:33Z;1373;420;Syndra;MIDDLE;MIDDLE;0;0;5;5;9449;238;12;10879;14095;7;1;14;QOFPo_WCY8tFCJMv_uGFB6pwCziyTwccuTIu9PwM5jjzOP9-6Klo8_dfeixxfVRetujt0DDQaYl1YA;1,000000000000000
EUW1_7796705175;2026-03-24T15:16:33Z;1373;420;Draven;BOTTOM;BOTTOM;0;4;6;2;10230;174;20;10285;16130;7;3;12;fXlGnwDmCB_PTkF2589l8Hjw6BgIKTsT5QqNK50VoCIzTNqgiwbX34Bfwtt0u5e1F_9bEvFCRkIM2w;1,000000000000000
EUW1_7796705175;2026-03-24T15:16:33Z;1373;420;Nautilus;UTILITY;BOTTOM;0;1;6;6;5961;19;88;6525;14179;42;6;10;ufTqKEmDQPwAwqsNroMoYcafELulVhQ2tS4BYMDkBCPy4J01Saas9bRSE34e59FPtNUop9Juo5l-Cw;1,166666666666667
EUW1_7796705175;2026-03-24T15:16:33Z;1373;420;Darius;TOP;JUNGLE;1;8;1;1;12186;242;17;16644;16734;6;1;17;nbWqVZvo8fC3KY1HI1a5eyb_aAnzLllB6DRbLsJDfUJLXzt4zlAGUV9C2XRiYA3YISO00PwQuO8eCw;9,000000000000000
EUW1_7796705175;2026-03-24T15:16:33Z;1373;420;Nocturne;JUNGLE;JUNGLE;1;7;1;7;11647;197;21;13029;25314;9;3;15;clvAdkuzt-LLJK8K3VVUKplcoAwpEtp1TMHNK-jBefV6W_1-afdHc_vdd5Fo4by4DhIoslqG-qFaJw;14,000000000000000
EUW1_7796705175;2026-03-24T15:16:33Z;1373;420;Annie;MIDDLE;JUNGLE;1;3;4;8;9677;182;18;15241;12246;10;0;14;Y-1d-YzzYbdQurET52KCTEu_XR67sTc8DTwmDnXPezT0N_i0ekrt5y9svJGs2ucZjH1wftrQI4AlSQ;2,750000000000000
EUW1_7796705175;2026-03-24T15:16:33Z;1373;420;Jinx;BOTTOM;BOTTOM;1;9;3;6;14386;204;24;21773;13504;9;6;13;znk_qEPMkHwWj4XSfBVjwxgGir6K3v_Sfz5sbp8pyef0E_BEv5UR6eZKrr1RCZehMsnIAFWwRojwvA;5,000000000000000
EUW1_7796705175;2026-03-24T15:16:33Z;1373;420;Braum;UTILITY;BOTTOM;1;1;2;16;6992;18;65;6269;14406;31;4;11;tXgjsHWbHRA6UfnJWurYgkN8RqDh-0ipUJ8-qDfh2R_tik7LY8ykEevR-jY3NmIIW5ben_IHaYS94Q;8,500000000000000
